Comunidades y ciudades autónomas;Ramas de actividad;Magnitud;Periodo;Total
Andalucía;PRODUCTO INTERIOR BRUTO A PRECIOS DE MERCADO;Valor;2022(A);180.224.284
Andalucía;PRODUCTO INTERIOR BRUTO A PRECIOS DE MERCADO;Valor;2021(P);164.003.435
Andalucía;PRODUCTO INTERIOR BRUTO A PRECIOS DE MERCADO;Valor;2020;148.779.089
Andalucía;PRODUCTO INTERIOR BRUTO A PRECIOS DE MERCADO;Valor;2019;164.929.489
Andalucía;PRODUCTO INTERIOR BRUTO A PRECIOS DE MERCADO;Valor;2018;160.586.830
Andalucía;PRODUCTO INTERIOR BRUTO A PRECIOS DE MERCADO;Valor;2017;155.397.322
Andalucía;PRODUCTO INTERIOR BRUTO A PRECIOS DE MERCADO;Valor;2016;148.401.635
Andalucía;PRODUCTO INTERIOR BRUTO A PRECIOS DE MERCADO;Tasas de variación interanuales;2022(A);9,9
Andalucía;PRODUCTO INTERIOR BRUTO A PRECIOS DE MERCADO;Tasas de variación interanuales;2021(P);10,2
Andalucía;PRODUCTO INTERIOR BRUTO A PRECIOS DE MERCADO;Tasas de variación interanuales;2020;-9,8
Andalucía;PRODUCTO INTERIOR BRUTO A PRECIOS DE MERCADO;Tasas de variación interanuales;2019;2,7
Andalucía;PRODUCTO INTERIOR BRUTO A PRECIOS DE MERCADO;Tasas de variación interanuales;2018;3,3
Andalucía;PRODUCTO INTERIOR BRUTO A PRECIOS DE MERCADO;Tasas de variación interanuales;2017;4,7
Andalucía;PRODUCTO INTERIOR BRUTO A PRECIOS DE MERCADO;Tasas de variación interanuales;2016;..
Andalucía;PRODUCTO INTERIOR BRUTO A PRECIOS DE MERCADO;Estructura porcentual;2022(A);100
Andalucía;PRODUCTO INTERIOR BRUTO A PRECIOS DE MERCADO;Estructura porcentual;2021(P);100
Andalucía;PRODUCTO INTERIOR BRUTO A PRECIOS DE MERCADO;Estructura porcentual;2020;100
Andalucía;PRODUCTO INTERIOR BRUTO A PRECIOS DE MERCADO;Estructura porcentual;2019;100
Andalucía;PRODUCTO INTERIOR BRUTO A PRECIOS DE MERCADO;Estructura porcentual;2018;100
Andalucía;PRODUCTO INTERIOR BRUTO A PRECIOS DE MERCADO;Estructura porcentual;2017;100
Andalucía;PRODUCTO INTERIOR BRUTO A PRECIOS DE MERCADO;Estructura porcentual;2016;100
Andalucía;A. Agricultura, ganadería, silvicultura y pesca;Valor;2022(A);10.178.135
Andalucía;A. Agricultura, ganadería, silvicultura y pesca;Valor;2021(P);10.862.905
Andalucía;A. Agricultura, ganadería, silvicultura y pesca;Valor;2020;9.659.346
Andalucía;A. Agricultura, ganadería, silvicultura y pesca;Valor;2019;9.079.829
Andalucía;A. Agricultura, ganadería, silvicultura y pesca;Valor;2018;10.443.559
Andalucía;A. Agricultura, ganadería, silvicultura y pesca;Valor;2017;10.745.222
Andalucía;A. Agricultura, ganadería, silvicultura y pesca;Valor;2016;9.613.679
Andalucía;A. Agricultura, ganadería, silvicultura y pesca;Tasas de variación interanuales;2022(A);-6,3
Andalucía;A. Agricultura, ganadería, silvicultura y pesca;Tasas de variación interanuales;2021(P);12,5
Andalucía;A. Agricultura, ganadería, silvicultura y pesca;Tasas de variación interanuales;2020;6,4
Andalucía;A. Agricultura, ganadería, silvicultura y pesca;Tasas de variación interanuales;2019;-13,1
Andalucía;A. Agricultura, ganadería, silvicultura y pesca;Tasas de variación interanuales;2018;-2,8
Andalucía;A. Agricultura, ganadería, silvicultura y pesca;Tasas de variación interanuales;2017;11,8
Andalucía;A. Agricultura, ganadería, silvicultura y pesca;Tasas de variación interanuales;2016;..
Andalucía;A. Agricultura, ganadería, silvicultura y pesca;Estructura porcentual;2022(A);5,6
Andalucía;A. Agricultura, ganadería, silvicultura y pesca;Estructura porcentual;2021(P);6,6
Andalucía;A. Agricultura, ganadería, silvicultura y pesca;Estructura porcentual;2020;6,5
Andalucía;A. Agricultura, ganadería, silvicultura y pesca;Estructura porcentual;2019;5,5
Andalucía;A. Agricultura, ganadería, silvicultura y pesca;Estructura porcentual;2018;6,5
Andalucía;A. Agricultura, ganadería, silvicultura y pesca;Estructura porcentual;2017;6,9
Andalucía;A. Agricultura, ganadería, silvicultura y pesca;Estructura porcentual;2016;6,5
Andalucía;B_E. Industrias extractivas, industria manufacturera, suministro de energía eléctrica, gas, vapor y aire acondicionado, suministro de agua, actividades de saneamiento, gestión de residuos y descontaminación;Valor;2022(A);20.906.383
Andalucía;B_E. Industrias extractivas, industria manufacturera, suministro de energía eléctrica, gas, vapor y aire acondicionado, suministro de agua, actividades de saneamiento, gestión de residuos y descontaminación;Valor;2021(P);17.856.427
Andalucía;B_E. Industrias extractivas, industria manufacturera, suministro de energía eléctrica, gas, vapor y aire acondicionado, suministro de agua, actividades de saneamiento, gestión de residuos y descontaminación;Valor;2020;15.272.457
Andalucía;B_E. Industrias extractivas, industria manufacturera, suministro de energía eléctrica, gas, vapor y aire acondicionado, suministro de agua, actividades de saneamiento, gestión de residuos y descontaminación;Valor;2019;17.232.082
Andalucía;B_E. Industrias extractivas, industria manufacturera, suministro de energía eléctrica, gas, vapor y aire acondicionado, suministro de agua, actividades de saneamiento, gestión de residuos y descontaminación;Valor;2018;17.125.500
Andalucía;B_E. Industrias extractivas, industria manufacturera, suministro de energía eléctrica, gas, vapor y aire acondicionado, suministro de agua, actividades de saneamiento, gestión de residuos y descontaminación;Valor;2017;17.025.972
Andalucía;B_E. Industrias extractivas, industria manufacturera, suministro de energía eléctrica, gas, vapor y aire acondicionado, suministro de agua, actividades de saneamiento, gestión de residuos y descontaminación;Valor;2016;15.920.588
Andalucía;B_E. Industrias extractivas, industria manufacturera, suministro de energía eléctrica, gas, vapor y aire acondicionado, suministro de agua, actividades de saneamiento, gestión de residuos y descontaminación;Tasas de variación interanuales;2022(A);17,1
Andalucía;B_E. Industrias extractivas, industria manufacturera, suministro de energía eléctrica, gas, vapor y aire acondicionado, suministro de agua, actividades de saneamiento, gestión de residuos y descontaminación;Tasas de variación interanuales;2021(P);16,9
Andalucía;B_E. Industrias extractivas, industria manufacturera, suministro de energía eléctrica, gas, vapor y aire acondicionado, suministro de agua, actividades de saneamiento, gestión de residuos y descontaminación;Tasas de variación interanuales;2020;-11,4
Andalucía;B_E. Industrias extractivas, industria manufacturera, suministro de energía eléctrica, gas, vapor y aire acondicionado, suministro de agua, actividades de saneamiento, gestión de residuos y descontaminación;Tasas de variación interanuales;2019;0,6
Andalucía;B_E. Industrias extractivas, industria manufacturera, suministro de energía eléctrica, gas, vapor y aire acondicionado, suministro de agua, actividades de saneamiento, gestión de residuos y descontaminación;Tasas de variación interanuales;2018;0,6
Andalucía;B_E. Industrias extractivas, industria manufacturera, suministro de energía eléctrica, gas, vapor y aire acondicionado, suministro de agua, actividades de saneamiento, gestión de residuos y descontaminación;Tasas de variación interanuales;2017;6,9
Andalucía;B_E. Industrias extractivas, industria manufacturera, suministro de energía eléctrica, gas, vapor y aire acondicionado, suministro de agua, actividades de saneamiento, gestión de residuos y descontaminación;Tasas de variación interanuales;2016;..
Andalucía;B_E. Industrias extractivas, industria manufacturera, suministro de energía eléctrica, gas, vapor y aire acondicionado, suministro de agua, actividades de saneamiento, gestión de residuos y descontaminación;Estructura porcentual;2022(A);11,6
Andalucía;B_E. Industrias extractivas, industria manufacturera, suministro de energía eléctrica, gas, vapor y aire acondicionado, suministro de agua, actividades de saneamiento, gestión de residuos y descontaminación;Estructura porcentual;2021(P);10,9
Andalucía;B_E. Industrias extractivas, industria manufacturera, suministro de energía eléctrica, gas, vapor y aire acondicionado, suministro de agua, actividades de saneamiento, gestión de residuos y descontaminación;Estructura porcentual;2020;10,3
Andalucía;B_E. Industrias extractivas, industria manufacturera, suministro de energía eléctrica, gas, vapor y aire acondicionado, suministro de agua, actividades de saneamiento, gestión de residuos y descontaminación;Estructura porcentual;2019;10,4
Andalucía;B_E. Industrias extractivas, industria manufacturera, suministro de energía eléctrica, gas, vapor y aire acondicionado, suministro de agua, actividades de saneamiento, gestión de residuos y descontaminación;Estructura porcentual;2018;10,7
Andalucía;B_E. Industrias extractivas, industria manufacturera, suministro de energía eléctrica, gas, vapor y aire acondicionado, suministro de agua, actividades de saneamiento, gestión de residuos y descontaminación;Estructura porcentual;2017;11
Andalucía;B_E. Industrias extractivas, industria manufacturera, suministro de energía eléctrica, gas, vapor y aire acondicionado, suministro de agua, actividades de saneamiento, gestión de residuos y descontaminación;Estructura porcentual;2016;10,7
Andalucía;C. - De las cuales: Industria manufacturera;Valor;2022(A);12.244.254
Andalucía;C. - De las cuales: Industria manufacturera;Valor;2021(P);11.165.317
Andalucía;C. - De las cuales: Industria manufacturera;Valor;2020;9.570.097
Andalucía;C. - De las cuales: Industria manufacturera;Valor;2019;11.124.305
Andalucía;C. - De las cuales: Industria manufacturera;Valor;2018;11.077.033
Andalucía;C. - De las cuales: Industria manufacturera;Valor;2017;11.372.164
Andalucía;C. - De las cuales: Industria manufacturera;Valor;2016;10.565.151
Andalucía;C. - De las cuales: Industria manufacturera;Tasas de variación interanuales;2022(A);9,7
Andalucía;C. - De las cuales: Industria manufacturera;Tasas de variación interanuales;2021(P);16,7
Andalucía;C. - De las cuales: Industria manufacturera;Tasas de variación interanuales;2020;-14
Andalucía;C. - De las cuales: Industria manufacturera;Tasas de variación interanuales;2019;0,4
Andalucía;C. - De las cuales: Industria manufacturera;Tasas de variación interanuales;2018;-2,6
Andalucía;C. - De las cuales: Industria manufacturera;Tasas de variación interanuales;2017;7,6
Andalucía;C. - De las cuales: Industria manufacturera;Tasas de variación interanuales;2016;..
Andalucía;C. - De las cuales: Industria manufacturera;Estructura porcentual;2022(A);6,8
Andalucía;C. - De las cuales: Industria manufacturera;Estructura porcentual;2021(P);6,8
Andalucía;C. - De las cuales: Industria manufacturera;Estructura porcentual;2020;6,4
Andalucía;C. - De las cuales: Industria manufacturera;Estructura porcentual;2019;6,7
Andalucía;C. - De las cuales: Industria manufacturera;Estructura porcentual;2018;6,9
Andalucía;C. - De las cuales: Industria manufacturera;Estructura porcentual;2017;7,3
Andalucía;C. - De las cuales: Industria manufacturera;Estructura porcentual;2016;7,1
Andalucía;F. Construcción;Valor;2022(A);9.699.835
Andalucía;F. Construcción;Valor;2021(P);9.256.853
Andalucía;F. Construcción;Valor;2020;8.918.988
Andalucía;F. Construcción;Valor;2019;10.489.402
Andalucía;F. Construcción;Valor;2018;9.457.000
Andalucía;F. Construcción;Valor;2017;8.810.587
Andalucía;F. Construcción;Valor;2016;8.483.942
Andalucía;F. Construcción;Tasas de variación interanuales;2022(A);4,8
Andalucía;F. Construcción;Tasas de variación interanuales;2021(P);3,8
Andalucía;F. Construcción;Tasas de variación interanuales;2020;-15
Andalucía;F. Construcción;Tasas de variación interanuales;2019;10,9
Andalucía;F. Construcción;Tasas de variación interanuales;2018;7,3
Andalucía;F. Construcción;Tasas de variación interanuales;2017;3,9
Andalucía;F. Construcción;Tasas de variación interanuales;2016;..
Andalucía;F. Construcción;Estructura porcentual;2022(A);5,4
Andalucía;F. Construcción;Estructura porcentual;2021(P);5,6
Andalucía;F. Construcción;Estructura porcentual;2020;6
Andalucía;F. Construcción;Estructura porcentual;2019;6,4
Andalucía;F. Construcción;Estructura porcentual;2018;5,9
Andalucía;F. Construcción;Estructura porcentual;2017;5,7
Andalucía;F. Construcción;Estructura porcentual;2016;5,7
Andalucía;G_I. Comercio al por mayor y al por menor, reparación de vehículos de motor y motocicletas, transporte y almacenamiento, hostelería;Valor;2022(A);39.154.967
Andalucía;G_I. Comercio al por mayor y al por menor, reparación de vehículos de motor y motocicletas, transporte y almacenamiento, hostelería;Valor;2021(P);31.594.093
Andalucía;G_I. Comercio al por mayor y al por menor, reparación de vehículos de motor y motocicletas, transporte y almacenamiento, hostelería;Valor;2020;26.487.461
Andalucía;G_I. Comercio al por mayor y al por menor, reparación de vehículos de motor y motocicletas, transporte y almacenamiento, hostelería;Valor;2019;34.808.451
Andalucía;G_I. Comercio al por mayor y al por menor, reparación de vehículos de motor y motocicletas, transporte y almacenamiento, hostelería;Valor;2018;33.222.074
Andalucía;G_I. Comercio al por mayor y al por menor, reparación de vehículos de motor y motocicletas, transporte y almacenamiento, hostelería;Valor;2017;32.310.850
Andalucía;G_I. Comercio al por mayor y al por menor, reparación de vehículos de motor y motocicletas, transporte y almacenamiento, hostelería;Valor;2016;30.792.744
Andalucía;G_I. Comercio al por mayor y al por menor, reparación de vehículos de motor y motocicletas, transporte y almacenamiento, hostelería;Tasas de variación interanuales;2022(A);23,9
Andalucía;G_I. Comercio al por mayor y al por menor, reparación de vehículos de motor y motocicletas, transporte y almacenamiento, hostelería;Tasas de variación interanuales;2021(P);19,3
Andalucía;G_I. Comercio al por mayor y al por menor, reparación de vehículos de motor y motocicletas, transporte y almacenamiento, hostelería;Tasas de variación interanuales;2020;-23,9
Andalucía;G_I. Comercio al por mayor y al por menor, reparación de vehículos de motor y motocicletas, transporte y almacenamiento, hostelería;Tasas de variación interanuales;2019;4,8
Andalucía;G_I. Comercio al por mayor y al por menor, reparación de vehículos de motor y motocicletas, transporte y almacenamiento, hostelería;Tasas de variación interanuales;2018;2,8
Andalucía;G_I. Comercio al por mayor y al por menor, reparación de vehículos de motor y motocicletas, transporte y almacenamiento, hostelería;Tasas de variación interanuales;2017;4,9
Andalucía;G_I. Comercio al por mayor y al por menor, reparación de vehículos de motor y motocicletas, transporte y almacenamiento, hostelería;Tasas de variación interanuales;2016;..
Andalucía;G_I. Comercio al por mayor y al por menor, reparación de vehículos de motor y motocicletas, transporte y almacenamiento, hostelería;Estructura porcentual;2022(A);21,7
Andalucía;G_I. Comercio al por mayor y al por menor, reparación de vehículos de motor y motocicletas, transporte y almacenamiento, hostelería;Estructura porcentual;2021(P);19,3
Andalucía;G_I. Comercio al por mayor y al por menor, reparación de vehículos de motor y motocicletas, transporte y almacenamiento, hostelería;Estructura porcentual;2020;17,8
Andalucía;G_I. Comercio al por mayor y al por menor, reparación de vehículos de motor y motocicletas, transporte y almacenamiento, hostelería;Estructura porcentual;2019;21,1
Andalucía;G_I. Comercio al por mayor y al por menor, reparación de vehículos de motor y motocicletas, transporte y almacenamiento, hostelería;Estructura porcentual;2018;20,7
Andalucía;G_I. Comercio al por mayor y al por menor, reparación de vehículos de motor y motocicletas, transporte y almacenamiento, hostelería;Estructura porcentual;2017;20,8
Andalucía;G_I. Comercio al por mayor y al por menor, reparación de vehículos de motor y motocicletas, transporte y almacenamiento, hostelería;Estructura porcentual;2016;20,7
Andalucía;J. Información y comunicaciones;Valor;2022(A);3.414.226
Andalucía;J. Información y comunicaciones;Valor;2021(P);3.131.279
Andalucía;J. Información y comunicaciones;Valor;2020;2.939.019
Andalucía;J. Información y comunicaciones;Valor;2019;2.987.256
Andalucía;J. Información y comunicaciones;Valor;2018;2.782.174
Andalucía;J. Información y comunicaciones;Valor;2017;2.771.312
Andalucía;J. Información y comunicaciones;Valor;2016;2.695.091
Andalucía;J. Información y comunicaciones;Tasas de variación interanuales;2022(A);9
Andalucía;J. Información y comunicaciones;Tasas de variación interanuales;2021(P);6,5
Andalucía;J. Información y comunicaciones;Tasas de variación interanuales;2020;-1,6
Andalucía;J. Información y comunicaciones;Tasas de variación interanuales;2019;7,4
Andalucía;J. Información y comunicaciones;Tasas de variación interanuales;2018;0,4
Andalucía;J. Información y comunicaciones;Tasas de variación interanuales;2017;2,8
Andalucía;J. Información y comunicaciones;Tasas de variación interanuales;2016;..
Andalucía;J. Información y comunicaciones;Estructura porcentual;2022(A);1,9
Andalucía;J. Información y comunicaciones;Estructura porcentual;2021(P);1,9
Andalucía;J. Información y comunicaciones;Estructura porcentual;2020;2
Andalucía;J. Información y comunicaciones;Estructura porcentual;2019;1,8
Andalucía;J. Información y comunicaciones;Estructura porcentual;2018;1,7
Andalucía;J. Información y comunicaciones;Estructura porcentual;2017;1,8
Andalucía;J. Información y comunicaciones;Estructura porcentual;2016;1,8
Andalucía;K. Actividades financieras y de seguros;Valor;2022(A);6.293.537
Andalucía;K. Actividades financieras y de seguros;Valor;2021(P);5.554.191
Andalucía;K. Actividades financieras y de seguros;Valor;2020;5.524.922
Andalucía;K. Actividades financieras y de seguros;Valor;2019;5.282.605
Andalucía;K. Actividades financieras y de seguros;Valor;2018;5.377.396
Andalucía;K. Actividades financieras y de seguros;Valor;2017;4.897.470
Andalucía;K. Actividades financieras y de seguros;Valor;2016;4.715.545
Andalucía;K. Actividades financieras y de seguros;Tasas de variación interanuales;2022(A);13,3
Andalucía;K. Actividades financieras y de seguros;Tasas de variación interanuales;2021(P);0,5
Andalucía;K. Actividades financieras y de seguros;Tasas de variación interanuales;2020;4,6
Andalucía;K. Actividades financieras y de seguros;Tasas de variación interanuales;2019;-1,8
Andalucía;K. Actividades financieras y de seguros;Tasas de variación interanuales;2018;9,8
Andalucía;K. Actividades financieras y de seguros;Tasas de variación interanuales;2017;3,9
Andalucía;K. Actividades financieras y de seguros;Tasas de variación interanuales;2016;..
Andalucía;K. Actividades financieras y de seguros;Estructura porcentual;2022(A);3,5
Andalucía;K. Actividades financieras y de seguros;Estructura porcentual;2021(P);3,4
Andalucía;K. Actividades financieras y de seguros;Estructura porcentual;2020;3,7
Andalucía;K. Actividades financieras y de seguros;Estructura porcentual;2019;3,2
Andalucía;K. Actividades financieras y de seguros;Estructura porcentual;2018;3,3
Andalucía;K. Actividades financieras y de seguros;Estructura porcentual;2017;3,2
Andalucía;K. Actividades financieras y de seguros;Estructura porcentual;2016;3,2
Andalucía;L. Actividades inmobiliarias;Valor;2022(A);20.646.955
Andalucía;L. Actividades inmobiliarias;Valor;2021(P);19.747.665
Andalucía;L. Actividades inmobiliarias;Valor;2020;19.211.915
Andalucía;L. Actividades inmobiliarias;Valor;2019;19.116.983
Andalucía;L. Actividades inmobiliarias;Valor;2018;18.520.417
Andalucía;L. Actividades inmobiliarias;Valor;2017;17.912.196
Andalucía;L. Actividades inmobiliarias;Valor;2016;17.686.728
Andalucía;L. Actividades inmobiliarias;Tasas de variación interanuales;2022(A);4,6
Andalucía;L. Actividades inmobiliarias;Tasas de variación interanuales;2021(P);2,8
Andalucía;L. Actividades inmobiliarias;Tasas de variación interanuales;2020;0,5
Andalucía;L. Actividades inmobiliarias;Tasas de variación interanuales;2019;3,2
Andalucía;L. Actividades inmobiliarias;Tasas de variación interanuales;2018;3,4
Andalucía;L. Actividades inmobiliarias;Tasas de variación interanuales;2017;1,3
Andalucía;L. Actividades inmobiliarias;Tasas de variación interanuales;2016;..
Andalucía;L. Actividades inmobiliarias;Estructura porcentual;2022(A);11,5
Andalucía;L. Actividades inmobiliarias;Estructura porcentual;2021(P);12
Andalucía;L. Actividades inmobiliarias;Estructura porcentual;2020;12,9
Andalucía;L. Actividades inmobiliarias;Estructura porcentual;2019;11,6
Andalucía;L. Actividades inmobiliarias;Estructura porcentual;2018;11,5
Andalucía;L. Actividades inmobiliarias;Estructura porcentual;2017;11,5
Andalucía;L. Actividades inmobiliarias;Estructura porcentual;2016;11,9
Andalucía;M_N. Actividades profesionales, científicas y técnicas, actividades administrativas y servicios auxiliares;Valor;2022(A);10.898.251
Andalucía;M_N. Actividades profesionales, científicas y técnicas, actividades administrativas y servicios auxiliares;Valor;2021(P);10.046.304
Andalucía;M_N. Actividades profesionales, científicas y técnicas, actividades administrativas y servicios auxiliares;Valor;2020;8.832.463
Andalucía;M_N. Actividades profesionales, científicas y técnicas, actividades administrativas y servicios auxiliares;Valor;2019;10.317.005
Andalucía;M_N. Actividades profesionales, científicas y técnicas, actividades administrativas y servicios auxiliares;Valor;2018;9.414.909
Andalucía;M_N. Actividades profesionales, científicas y técnicas, actividades administrativas y servicios auxiliares;Valor;2017;8.589.455
Andalucía;M_N. Actividades profesionales, científicas y técnicas, actividades administrativas y servicios auxiliares;Valor;2016;8.061.409
Andalucía;M_N. Actividades profesionales, científicas y técnicas, actividades administrativas y servicios auxiliares;Tasas de variación interanuales;2022(A);8,5
Andalucía;M_N. Actividades profesionales, científicas y técnicas, actividades administrativas y servicios auxiliares;Tasas de variación interanuales;2021(P);13,7
Andalucía;M_N. Actividades profesionales, científicas y técnicas, actividades administrativas y servicios auxiliares;Tasas de variación interanuales;2020;-14,4
Andalucía;M_N. Actividades profesionales, científicas y técnicas, actividades administrativas y servicios auxiliares;Tasas de variación interanuales;2019;9,6
Andalucía;M_N. Actividades profesionales, científicas y técnicas, actividades administrativas y servicios auxiliares;Tasas de variación interanuales;2018;9,6
Andalucía;M_N. Actividades profesionales, científicas y técnicas, actividades administrativas y servicios auxiliares;Tasas de variación interanuales;2017;6,6
Andalucía;M_N. Actividades profesionales, científicas y técnicas, actividades administrativas y servicios auxiliares;Tasas de variación interanuales;2016;..
Andalucía;M_N. Actividades profesionales, científicas y técnicas, actividades administrativas y servicios auxiliares;Estructura porcentual;2022(A);6
Andalucía;M_N. Actividades profesionales, científicas y técnicas, actividades administrativas y servicios auxiliares;Estructura porcentual;2021(P);6,1
Andalucía;M_N. Actividades profesionales, científicas y técnicas, actividades administrativas y servicios auxiliares;Estructura porcentual;2020;5,9
Andalucía;M_N. Actividades profesionales, científicas y técnicas, actividades administrativas y servicios auxiliares;Estructura porcentual;2019;6,3
Andalucía;M_N. Actividades profesionales, científicas y técnicas, actividades administrativas y servicios auxiliares;Estructura porcentual;2018;5,9
Andalucía;M_N. Actividades profesionales, científicas y técnicas, actividades administrativas y servicios auxiliares;Estructura porcentual;2017;5,5
Andalucía;M_N. Actividades profesionales, científicas y técnicas, actividades administrativas y servicios auxiliares;Estructura porcentual;2016;5,4
Andalucía;O_Q. Administración pública y defensa, seguridad social obligatoria, educación, actividades sanitarias y de servicios sociales;Valor;2022(A);35.709.189
Andalucía;O_Q. Administración pública y defensa, seguridad social obligatoria, educación, actividades sanitarias y de servicios sociales;Valor;2021(P);34.131.785
Andalucía;O_Q. Administración pública y defensa, seguridad social obligatoria, educación, actividades sanitarias y de servicios sociales;Valor;2020;32.973.273
Andalucía;O_Q. Administración pública y defensa, seguridad social obligatoria, educación, actividades sanitarias y de servicios sociales;Valor;2019;32.862.994
Andalucía;O_Q. Administración pública y defensa, seguridad social obligatoria, educación, actividades sanitarias y de servicios sociales;Valor;2018;31.778.354
Andalucía;O_Q. Administración pública y defensa, seguridad social obligatoria, educación, actividades sanitarias y de servicios sociales;Valor;2017;30.704.197
Andalucía;O_Q. Administración pública y defensa, seguridad social obligatoria, educación, actividades sanitarias y de servicios sociales;Valor;2016;30.009.605
Andalucía;O_Q. Administración pública y defensa, seguridad social obligatoria, educación, actividades sanitarias y de servicios sociales;Tasas de variación interanuales;2022(A);4,6
Andalucía;O_Q. Administración pública y defensa, seguridad social obligatoria, educación, actividades sanitarias y de servicios sociales;Tasas de variación interanuales;2021(P);3,5
Andalucía;O_Q. Administración pública y defensa, seguridad social obligatoria, educación, actividades sanitarias y de servicios sociales;Tasas de variación interanuales;2020;0,3
Andalucía;O_Q. Administración pública y defensa, seguridad social obligatoria, educación, actividades sanitarias y de servicios sociales;Tasas de variación interanuales;2019;3,4
Andalucía;O_Q. Administración pública y defensa, seguridad social obligatoria, educación, actividades sanitarias y de servicios sociales;Tasas de variación interanuales;2018;3,5
Andalucía;O_Q. Administración pública y defensa, seguridad social obligatoria, educación, actividades sanitarias y de servicios sociales;Tasas de variación interanuales;2017;2,3
Andalucía;O_Q. Administración pública y defensa, seguridad social obligatoria, educación, actividades sanitarias y de servicios sociales;Tasas de variación interanuales;2016;..
Andalucía;O_Q. Administración pública y defensa, seguridad social obligatoria, educación, actividades sanitarias y de servicios sociales;Estructura porcentual;2022(A);19,8
Andalucía;O_Q. Administración pública y defensa, seguridad social obligatoria, educación, actividades sanitarias y de servicios sociales;Estructura porcentual;2021(P);20,8
Andalucía;O_Q. Administración pública y defensa, seguridad social obligatoria, educación, actividades sanitarias y de servicios sociales;Estructura porcentual;2020;22,2
Andalucía;O_Q. Administración pública y defensa, seguridad social obligatoria, educación, actividades sanitarias y de servicios sociales;Estructura porcentual;2019;19,9
Andalucía;O_Q. Administración pública y defensa, seguridad social obligatoria, educación, actividades sanitarias y de servicios sociales;Estructura porcentual;2018;19,8
Andalucía;O_Q. Administración pública y defensa, seguridad social obligatoria, educación, actividades sanitarias y de servicios sociales;Estructura porcentual;2017;19,8
Andalucía;O_Q. Administración pública y defensa, seguridad social obligatoria, educación, actividades sanitarias y de servicios sociales;Estructura porcentual;2016;20,2
Andalucía;R_U. Actividades artísticas, recreativas y de entretenimiento, reparación de artículos de uso doméstico y otros servicios;Valor;2022(A);7.160.036
Andalucía;R_U. Actividades artísticas, recreativas y de entretenimiento, reparación de artículos de uso doméstico y otros servicios;Valor;2021(P);6.198.744
Andalucía;R_U. Actividades artísticas, recreativas y de entretenimiento, reparación de artículos de uso doméstico y otros servicios;Valor;2020;5.939.662
Andalucía;R_U. Actividades artísticas, recreativas y de entretenimiento, reparación de artículos de uso doméstico y otros servicios;Valor;2019;7.406.323
Andalucía;R_U. Actividades artísticas, recreativas y de entretenimiento, reparación de artículos de uso doméstico y otros servicios;Valor;2018;7.200.041
Andalucía;R_U. Actividades artísticas, recreativas y de entretenimiento, reparación de artículos de uso doméstico y otros servicios;Valor;2017;7.101.214
Andalucía;R_U. Actividades artísticas, recreativas y de entretenimiento, reparación de artículos de uso doméstico y otros servicios;Valor;2016;6.686.078
Andalucía;R_U. Actividades artísticas, recreativas y de entretenimiento, reparación de artículos de uso doméstico y otros servicios;Tasas de variación interanuales;2022(A);15,5
Andalucía;R_U. Actividades artísticas, recreativas y de entretenimiento, reparación de artículos de uso doméstico y otros servicios;Tasas de variación interanuales;2021(P);4,4
Andalucía;R_U. Actividades artísticas, recreativas y de entretenimiento, reparación de artículos de uso doméstico y otros servicios;Tasas de variación interanuales;2020;-19,8
Andalucía;R_U. Actividades artísticas, recreativas y de entretenimiento, reparación de artículos de uso doméstico y otros servicios;Tasas de variación interanuales;2019;2,9
Andalucía;R_U. Actividades artísticas, recreativas y de entretenimiento, reparación de artículos de uso doméstico y otros servicios;Tasas de variación interanuales;2018;1,4
Andalucía;R_U. Actividades artísticas, recreativas y de entretenimiento, reparación de artículos de uso doméstico y otros servicios;Tasas de variación interanuales;2017;6,2
Andalucía;R_U. Actividades artísticas, recreativas y de entretenimiento, reparación de artículos de uso doméstico y otros servicios;Tasas de variación interanuales;2016;..
Andalucía;R_U. Actividades artísticas, recreativas y de entretenimiento, reparación de artículos de uso doméstico y otros servicios;Estructura porcentual;2022(A);4
Andalucía;R_U. Actividades artísticas, recreativas y de entretenimiento, reparación de artículos de uso doméstico y otros servicios;Estructura porcentual;2021(P);3,8
Andalucía;R_U. Actividades artísticas, recreativas y de entretenimiento, reparación de artículos de uso doméstico y otros servicios;Estructura porcentual;2020;4
Andalucía;R_U. Actividades artísticas, recreativas y de entretenimiento, reparación de artículos de uso doméstico y otros servicios;Estructura porcentual;2019;4,5
Andalucía;R_U. Actividades artísticas, recreativas y de entretenimiento, reparación de artículos de uso doméstico y otros servicios;Estructura porcentual;2018;4,5
Andalucía;R_U. Actividades artísticas, recreativas y de entretenimiento, reparación de artículos de uso doméstico y otros servicios;Estructura porcentual;2017;4,6
Andalucía;R_U. Actividades artísticas, recreativas y de entretenimiento, reparación de artículos de uso doméstico y otros servicios;Estructura porcentual;2016;4,5
Andalucía;Valor añadido bruto total;Valor;2022(A);164.061.514
Andalucía;Valor añadido bruto total;Valor;2021(P);148.380.246
Andalucía;Valor añadido bruto total;Valor;2020;135.759.506
Andalucía;Valor añadido bruto total;Valor;2019;149.582.930
Andalucía;Valor añadido bruto total;Valor;2018;145.321.424
Andalucía;Valor añadido bruto total;Valor;2017;140.868.475
Andalucía;Valor añadido bruto total;Valor;2016;134.665.409
Andalucía;Valor añadido bruto total;Tasas de variación interanuales;2022(A);10,6
Andalucía;Valor añadido bruto total;Tasas de variación interanuales;2021(P);9,3
Andalucía;Valor añadido bruto total;Tasas de variación interanuales;2020;-9,2
Andalucía;Valor añadido bruto total;Tasas de variación interanuales;2019;2,9
Andalucía;Valor añadido bruto total;Tasas de variación interanuales;2018;3,2
Andalucía;Valor añadido bruto total;Tasas de variación interanuales;2017;4,6
Andalucía;Valor añadido bruto total;Tasas de variación interanuales;2016;..
Andalucía;Valor añadido bruto total;Estructura porcentual;2022(A);91
Andalucía;Valor añadido bruto total;Estructura porcentual;2021(P);90,5
Andalucía;Valor añadido bruto total;Estructura porcentual;2020;91,2
Andalucía;Valor añadido bruto total;Estructura porcentual;2019;90,7
Andalucía;Valor añadido bruto total;Estructura porcentual;2018;90,5
Andalucía;Valor añadido bruto total;Estructura porcentual;2017;90,7
Andalucía;Valor añadido bruto total;Estructura porcentual;2016;90,7
Andalucía;Impuestos netos sobre los productos;Valor;2022(A);16.162.770
Andalucía;Impuestos netos sobre los productos;Valor;2021(P);15.623.189
Andalucía;Impuestos netos sobre los productos;Valor;2020;13.019.583
Andalucía;Impuestos netos sobre los productos;Valor;2019;15.346.559
Andalucía;Impuestos netos sobre los productos;Valor;2018;15.265.406
Andalucía;Impuestos netos sobre los productos;Valor;2017;14.528.847
Andalucía;Impuestos netos sobre los productos;Valor;2016;13.736.226
Andalucía;Impuestos netos sobre los productos;Tasas de variación interanuales;2022(A);3,5
Andalucía;Impuestos netos sobre los productos;Tasas de variación interanuales;2021(P);20
Andalucía;Impuestos netos sobre los productos;Tasas de variación interanuales;2020;-15,2
Andalucía;Impuestos netos sobre los productos;Tasas de variación interanuales;2019;0,5
Andalucía;Impuestos netos sobre los productos;Tasas de variación interanuales;2018;5,1
Andalucía;Impuestos netos sobre los productos;Tasas de variación interanuales;2017;5,8
Andalucía;Impuestos netos sobre los productos;Tasas de variación interanuales;2016;..
Andalucía;Impuestos netos sobre los productos;Estructura porcentual;2022(A);9
Andalucía;Impuestos netos sobre los productos;Estructura porcentual;2021(P);9,5
Andalucía;Impuestos netos sobre los productos;Estructura porcentual;2020;8,8
Andalucía;Impuestos netos sobre los productos;Estructura porcentual;2019;9,3
Andalucía;Impuestos netos sobre los productos;Estructura porcentual;2018;9,5
Andalucía;Impuestos netos sobre los productos;Estructura porcentual;2017;9,3
Andalucía;Impuestos netos sobre los productos;Estructura porcentual;2016;9,3
Andalucía;PRODUCTO INTERIOR BRUTO A PRECIOS DE MERCADO;Valor;2022(A);180.224.284
Andalucía;PRODUCTO INTERIOR BRUTO A PRECIOS DE MERCADO;Valor;2021(P);164.003.435
Andalucía;PRODUCTO INTERIOR BRUTO A PRECIOS DE MERCADO;Valor;2020;148.779.089
Andalucía;PRODUCTO INTERIOR BRUTO A PRECIOS DE MERCADO;Valor;2019;164.929.489
Andalucía;PRODUCTO INTERIOR BRUTO A PRECIOS DE MERCADO;Valor;2018;160.586.830
Andalucía;PRODUCTO INTERIOR BRUTO A PRECIOS DE MERCADO;Valor;2017;155.397.322
Andalucía;PRODUCTO INTERIOR BRUTO A PRECIOS DE MERCADO;Valor;2016;148.401.635
Andalucía;PRODUCTO INTERIOR BRUTO A PRECIOS DE MERCADO;Tasas de variación interanuales;2022(A);9,9
Andalucía;PRODUCTO INTERIOR BRUTO A PRECIOS DE MERCADO;Tasas de variación interanuales;2021(P);10,2
Andalucía;PRODUCTO INTERIOR BRUTO A PRECIOS DE MERCADO;Tasas de variación interanuales;2020;-9,8
Andalucía;PRODUCTO INTERIOR BRUTO A PRECIOS DE MERCADO;Tasas de variación interanuales;2019;2,7
Andalucía;PRODUCTO INTERIOR BRUTO A PRECIOS DE MERCADO;Tasas de variación interanuales;2018;3,3
Andalucía;PRODUCTO INTERIOR BRUTO A PRECIOS DE MERCADO;Tasas de variación interanuales;2017;4,7
Andalucía;PRODUCTO INTERIOR BRUTO A PRECIOS DE MERCADO;Tasas de variación interanuales;2016;..
Andalucía;PRODUCTO INTERIOR BRUTO A PRECIOS DE MERCADO;Estructura porcentual;2022(A);100
Andalucía;PRODUCTO INTERIOR BRUTO A PRECIOS DE MERCADO;Estructura porcentual;2021(P);100
Andalucía;PRODUCTO INTERIOR BRUTO A PRECIOS DE MERCADO;Estructura porcentual;2020;100
Andalucía;PRODUCTO INTERIOR BRUTO A PRECIOS DE MERCADO;Estructura porcentual;2019;100
Andalucía;PRODUCTO INTERIOR BRUTO A PRECIOS DE MERCADO;Estructura porcentual;2018;100
Andalucía;PRODUCTO INTERIOR BRUTO A PRECIOS DE MERCADO;Estructura porcentual;2017;100
Andalucía;PRODUCTO INTERIOR BRUTO A PRECIOS DE MERCADO;Estructura porcentual;2016;100
Aragón;PRODUCTO INTERIOR BRUTO A PRECIOS DE MERCADO;Valor;2022(A);41.762.830
Aragón;PRODUCTO INTERIOR BRUTO A PRECIOS DE MERCADO;Valor;2021(P);38.159.471
Aragón;PRODUCTO INTERIOR BRUTO A PRECIOS DE MERCADO;Valor;2020;35.521.579
Aragón;PRODUCTO INTERIOR BRUTO A PRECIOS DE MERCADO;Valor;2019;38.049.621
Aragón;PRODUCTO INTERIOR BRUTO A PRECIOS DE MERCADO;Valor;2018;36.867.512
Aragón;PRODUCTO INTERIOR BRUTO A PRECIOS DE MERCADO;Valor;2017;35.640.507
Aragón;PRODUCTO INTERIOR BRUTO A PRECIOS DE MERCADO;Valor;2016;34.210.384
Aragón;PRODUCTO INTERIOR BRUTO A PRECIOS DE MERCADO;Tasas de variación interanuales;2022(A);9,4
Aragón;PRODUCTO INTERIOR BRUTO A PRECIOS DE MERCADO;Tasas de variación interanuales;2021(P);7,4
Aragón;PRODUCTO INTERIOR BRUTO A PRECIOS DE MERCADO;Tasas de variación interanuales;2020;-6,6
Aragón;PRODUCTO INTERIOR BRUTO A PRECIOS DE MERCADO;Tasas de variación interanuales;2019;3,2
Aragón;PRODUCTO INTERIOR BRUTO A PRECIOS DE MERCADO;Tasas de variación interanuales;2018;3,4
Aragón;PRODUCTO INTERIOR BRUTO A PRECIOS DE MERCADO;Tasas de variación interanuales;2017;4,2
Aragón;PRODUCTO INTERIOR BRUTO A PRECIOS DE MERCADO;Tasas de variación interanuales;2016;..
Aragón;PRODUCTO INTERIOR BRUTO A PRECIOS DE MERCADO;Estructura porcentual;2022(A);100
Aragón;PRODUCTO INTERIOR BRUTO A PRECIOS DE MERCADO;Estructura porcentual;2021(P);100
Aragón;PRODUCTO INTERIOR BRUTO A PRECIOS DE MERCADO;Estructura porcentual;2020;100
Aragón;PRODUCTO INTERIOR BRUTO A PRECIOS DE MERCADO;Estructura porcentual;2019;100
Aragón;PRODUCTO INTERIOR BRUTO A PRECIOS DE MERCADO;Estructura porcentual;2018;100
Aragón;PRODUCTO INTERIOR BRUTO A PRECIOS DE MERCADO;Estructura porcentual;2017;100
Aragón;PRODUCTO INTERIOR BRUTO A PRECIOS DE MERCADO;Estructura porcentual;2016;100
Aragón;A. Agricultura, ganadería, silvicultura y pesca;Valor;2022(A);2.106.876
Aragón;A. Agricultura, ganadería, silvicultura y pesca;Valor;2021(P);2.251.673
Aragón;A. Agricultura, ganadería, silvicultura y pesca;Valor;2020;2.299.319
Aragón;A. Agricultura, ganadería, silvicultura y pesca;Valor;2019;2.132.072
Aragón;A. Agricultura, ganadería, silvicultura y pesca;Valor;2018;1.965.644
Aragón;A. Agricultura, ganadería, silvicultura y pesca;Valor;2017;2.152.059
Aragón;A. Agricultura, ganadería, silvicultura y pesca;Valor;2016;2.113.042
Aragón;A. Agricultura, ganadería, silvicultura y pesca;Tasas de variación interanuales;2022(A);-6,4
Aragón;A. Agricultura, ganadería, silvicultura y pesca;Tasas de variación interanuales;2021(P);-2,1
Aragón;A. Agricultura, ganadería, silvicultura y pesca;Tasas de variación interanuales;2020;7,8
Aragón;A. Agricultura, ganadería, silvicultura y pesca;Tasas de variación interanuales;2019;8,5
Aragón;A. Agricultura, ganadería, silvicultura y pesca;Tasas de variación interanuales;2018;-8,7
Aragón;A. Agricultura, ganadería, silvicultura y pesca;Tasas de variación interanuales;2017;1,8
Aragón;A. Agricultura, ganadería, silvicultura y pesca;Tasas de variación interanuales;2016;..
Aragón;A. Agricultura, ganadería, silvicultura y pesca;Estructura porcentual;2022(A);5
Aragón;A. Agricultura, ganadería, silvicultura y pesca;Estructura porcentual;2021(P);5,9
Aragón;A. Agricultura, ganadería, silvicultura y pesca;Estructura porcentual;2020;6,5
Aragón;A. Agricultura, ganadería, silvicultura y pesca;Estructura porcentual;2019;5,6
Aragón;A. Agricultura, ganadería, silvicultura y pesca;Estructura porcentual;2018;5,3
Aragón;A. Agricultura, ganadería, silvicultura y pesca;Estructura porcentual;2017;6
Aragón;A. Agricultura, ganadería, silvicultura y pesca;Estructura porcentual;2016;6,2
Aragón;B_E. Industrias extractivas, industria manufacturera, suministro de energía eléctrica, gas, vapor y aire acondicionado, suministro de agua, actividades de saneamiento, gestión de residuos y descontaminación;Valor;2022(A);8.962.417
Aragón;B_E. Industrias extractivas, industria manufacturera, suministro de energía eléctrica, gas, vapor y aire acondicionado, suministro de agua, actividades de saneamiento, gestión de residuos y descontaminación;Valor;2021(P);7.652.556
Aragón;B_E. Industrias extractivas, industria manufacturera, suministro de energía eléctrica, gas, vapor y aire acondicionado, suministro de agua, actividades de saneamiento, gestión de residuos y descontaminación;Valor;2020;6.951.050
Aragón;B_E. Industrias extractivas, industria manufacturera, suministro de energía eléctrica, gas, vapor y aire acondicionado, suministro de agua, actividades de saneamiento, gestión de residuos y descontaminación;Valor;2019;7.429.647
Aragón;B_E. Industrias extractivas, industria manufacturera, suministro de energía eléctrica, gas, vapor y aire acondicionado, suministro de agua, actividades de saneamiento, gestión de residuos y descontaminación;Valor;2018;7.203.284
Aragón;B_E. Industrias extractivas, industria manufacturera, suministro de energía eléctrica, gas, vapor y aire acondicionado, suministro de agua, actividades de saneamiento, gestión de residuos y descontaminación;Valor;2017;6.822.340
Aragón;B_E. Industrias extractivas, industria manufacturera, suministro de energía eléctrica, gas, vapor y aire acondicionado, suministro de agua, actividades de saneamiento, gestión de residuos y descontaminación;Valor;2016;6.442.750
Aragón;B_E. Industrias extractivas, industria manufacturera, suministro de energía eléctrica, gas, vapor y aire acondicionado, suministro de agua, actividades de saneamiento, gestión de residuos y descontaminación;Tasas de variación interanuales;2022(A);17,1
Aragón;B_E. Industrias extractivas, industria manufacturera, suministro de energía eléctrica, gas, vapor y aire acondicionado, suministro de agua, actividades de saneamiento, gestión de residuos y descontaminación;Tasas de variación interanuales;2021(P);10,1
Aragón;B_E. Industrias extractivas, industria manufacturera, suministro de energía eléctrica, gas, vapor y aire acondicionado, suministro de agua, actividades de saneamiento, gestión de residuos y descontaminación;Tasas de variación interanuales;2020;-6,4
Aragón;B_E. Industrias extractivas, industria manufacturera, suministro de energía eléctrica, gas, vapor y aire acondicionado, suministro de agua, actividades de saneamiento, gestión de residuos y descontaminación;Tasas de variación interanuales;2019;3,1
Aragón;B_E. Industrias extractivas, industria manufacturera, suministro de energía eléctrica, gas, vapor y aire acondicionado, suministro de agua, actividades de saneamiento, gestión de residuos y descontaminación;Tasas de variación interanuales;2018;5,6
Aragón;B_E. Industrias extractivas, industria manufacturera, suministro de energía eléctrica, gas, vapor y aire acondicionado, suministro de agua, actividades de saneamiento, gestión de residuos y descontaminación;Tasas de variación interanuales;2017;5,9
Aragón;B_E. Industrias extractivas, industria manufacturera, suministro de energía eléctrica, gas, vapor y aire acondicionado, suministro de agua, actividades de saneamiento, gestión de residuos y descontaminación;Tasas de variación interanuales;2016;..
Aragón;B_E. Industrias extractivas, industria manufacturera, suministro de energía eléctrica, gas, vapor y aire acondicionado, suministro de agua, actividades de saneamiento, gestión de residuos y descontaminación;Estructura porcentual;2022(A);21,5
Aragón;B_E. Industrias extractivas, industria manufacturera, suministro de energía eléctrica, gas, vapor y aire acondicionado, suministro de agua, actividades de saneamiento, gestión de residuos y descontaminación;Estructura porcentual;2021(P);20,1
Aragón;B_E. Industrias extractivas, industria manufacturera, suministro de energía eléctrica, gas, vapor y aire acondicionado, suministro de agua, actividades de saneamiento, gestión de residuos y descontaminación;Estructura porcentual;2020;19,6
Aragón;B_E. Industrias extractivas, industria manufacturera, suministro de energía eléctrica, gas, vapor y aire acondicionado, suministro de agua, actividades de saneamiento, gestión de residuos y descontaminación;Estructura porcentual;2019;19,5
Aragón;B_E. Industrias extractivas, industria manufacturera, suministro de energía eléctrica, gas, vapor y aire acondicionado, suministro de agua, actividades de saneamiento, gestión de residuos y descontaminación;Estructura porcentual;2018;19,5
Aragón;B_E. Industrias extractivas, industria manufacturera, suministro de energía eléctrica, gas, vapor y aire acondicionado, suministro de agua, actividades de saneamiento, gestión de residuos y descontaminación;Estructura porcentual;2017;19,1
Aragón;B_E. Industrias extractivas, industria manufacturera, suministro de energía eléctrica, gas, vapor y aire acondicionado, suministro de agua, actividades de saneamiento, gestión de residuos y descontaminación;Estructura porcentual;2016;18,8
Aragón;C. - De las cuales: Industria manufacturera;Valor;2022(A);7.100.905
Aragón;C. - De las cuales: Industria manufacturera;Valor;2021(P);6.166.500
Aragón;C. - De las cuales: Industria manufacturera;Valor;2020;5.676.180
Aragón;C. - De las cuales: Industria manufacturera;Valor;2019;6.113.573
Aragón;C. - De las cuales: Industria manufacturera;Valor;2018;5.933.590
Aragón;C. - De las cuales: Industria manufacturera;Valor;2017;5.613.016
Aragón;C. - De las cuales: Industria manufacturera;Valor;2016;5.285.371
Aragón;C. - De las cuales: Industria manufacturera;Tasas de variación interanuales;2022(A);15,2
Aragón;C. - De las cuales: Industria manufacturera;Tasas de variación interanuales;2021(P);8,6
Aragón;C. - De las cuales: Industria manufacturera;Tasas de variación interanuales;2020;-7,2
Aragón;C. - De las cuales: Industria manufacturera;Tasas de variación interanuales;2019;3
Aragón;C. - De las cuales: Industria manufacturera;Tasas de variación interanuales;2018;5,7
Aragón;C. - De las cuales: Industria manufacturera;Tasas de variación interanuales;2017;6,2
Aragón;C. - De las cuales: Industria manufacturera;Tasas de variación interanuales;2016;..
Aragón;C. - De las cuales: Industria manufacturera;Estructura porcentual;2022(A);17
Aragón;C. - De las cuales: Industria manufacturera;Estructura porcentual;2021(P);16,2
Aragón;C. - De las cuales: Industria manufacturera;Estructura porcentual;2020;16
Aragón;C. - De las cuales: Industria manufacturera;Estructura porcentual;2019;16,1
Aragón;C. - De las cuales: Industria manufacturera;Estructura porcentual;2018;16,1
Aragón;C. - De las cuales: Industria manufacturera;Estructura porcentual;2017;15,7
Aragón;C. - De las cuales: Industria manufacturera;Estructura porcentual;2016;15,4
Aragón;F. Construcción;Valor;2022(A);2.051.443
Aragón;F. Construcción;Valor;2021(P);1.963.412
Aragón;F. Construcción;Valor;2020;1.900.039
Aragón;F. Construcción;Valor;2019;2.188.416
Aragón;F. Construcción;Valor;2018;1.999.797
Aragón;F. Construcción;Valor;2017;1.916.352
Aragón;F. Construcción;Valor;2016;1.890.957
Aragón;F. Construcción;Tasas de variación interanuales;2022(A);4,5
Aragón;F. Construcción;Tasas de variación interanuales;2021(P);3,3
Aragón;F. Construcción;Tasas de variación interanuales;2020;-13,2
Aragón;F. Construcción;Tasas de variación interanuales;2019;9,4
Aragón;F. Construcción;Tasas de variación interanuales;2018;4,4
Aragón;F. Construcción;Tasas de variación interanuales;2017;1,3
Aragón;F. Construcción;Tasas de variación interanuales;2016;..
Aragón;F. Construcción;Estructura porcentual;2022(A);4,9
Aragón;F. Construcción;Estructura porcentual;2021(P);5,1
Aragón;F. Construcción;Estructura porcentual;2020;5,3
Aragón;F. Construcción;Estructura porcentual;2019;5,8
Aragón;F. Construcción;Estructura porcentual;2018;5,4
Aragón;F. Construcción;Estructura porcentual;2017;5,4
Aragón;F. Construcción;Estructura porcentual;2016;5,5
Aragón;G_I. Comercio al por mayor y al por menor, reparación de vehículos de motor y motocicletas, transporte y almacenamiento, hostelería;Valor;2022(A);7.965.772
Aragón;G_I. Comercio al por mayor y al por menor, reparación de vehículos de motor y motocicletas, transporte y almacenamiento, hostelería;Valor;2021(P);6.730.148
Aragón;G_I. Comercio al por mayor y al por menor, reparación de vehículos de motor y motocicletas, transporte y almacenamiento, hostelería;Valor;2020;5.860.666
Aragón;G_I. Comercio al por mayor y al por menor, reparación de vehículos de motor y motocicletas, transporte y almacenamiento, hostelería;Valor;2019;7.139.503
Aragón;G_I. Comercio al por mayor y al por menor, reparación de vehículos de motor y motocicletas, transporte y almacenamiento, hostelería;Valor;2018;6.915.630
Aragón;G_I. Comercio al por mayor y al por menor, reparación de vehículos de motor y motocicletas, transporte y almacenamiento, hostelería;Valor;2017;6.731.189
Aragón;G_I. Comercio al por mayor y al por menor, reparación de vehículos de motor y motocicletas, transporte y almacenamiento, hostelería;Valor;2016;6.408.776
Aragón;G_I. Comercio al por mayor y al por menor, reparación de vehículos de motor y motocicletas, transporte y almacenamiento, hostelería;Tasas de variación interanuales;2022(A);18,4
Aragón;G_I. Comercio al por mayor y al por menor, reparación de vehículos de motor y motocicletas, transporte y almacenamiento, hostelería;Tasas de variación interanuales;2021(P);14,8
Aragón;G_I. Comercio al por mayor y al por menor, reparación de vehículos de motor y motocicletas, transporte y almacenamiento, hostelería;Tasas de variación interanuales;2020;-17,9
Aragón;G_I. Comercio al por mayor y al por menor, reparación de vehículos de motor y motocicletas, transporte y almacenamiento, hostelería;Tasas de variación interanuales;2019;3,2
Aragón;G_I. Comercio al por mayor y al por menor, reparación de vehículos de motor y motocicletas, transporte y almacenamiento, hostelería;Tasas de variación interanuales;2018;2,7
Aragón;G_I. Comercio al por mayor y al por menor, reparación de vehículos de motor y motocicletas, transporte y almacenamiento, hostelería;Tasas de variación interanuales;2017;5
Aragón;G_I. Comercio al por mayor y al por menor, reparación de vehículos de motor y motocicletas, transporte y almacenamiento, hostelería;Tasas de variación interanuales;2016;..
Aragón;G_I. Comercio al por mayor y al por menor, reparación de vehículos de motor y motocicletas, transporte y almacenamiento, hostelería;Estructura porcentual;2022(A);19,1
Aragón;G_I. Comercio al por mayor y al por menor, reparación de vehículos de motor y motocicletas, transporte y almacenamiento, hostelería;Estructura porcentual;2021(P);17,6
Aragón;G_I. Comercio al por mayor y al por menor, reparación de vehículos de motor y motocicletas, transporte y almacenamiento, hostelería;Estructura porcentual;2020;16,5
Aragón;G_I. Comercio al por mayor y al por menor, reparación de vehículos de motor y motocicletas, transporte y almacenamiento, hostelería;Estructura porcentual;2019;18,8
Aragón;G_I. Comercio al por mayor y al por menor, reparación de vehículos de motor y motocicletas, transporte y almacenamiento, hostelería;Estructura porcentual;2018;18,8
Aragón;G_I. Comercio al por mayor y al por menor, reparación de vehículos de motor y motocicletas, transporte y almacenamiento, hostelería;Estructura porcentual;2017;18,9
Aragón;G_I. Comercio al por mayor y al por menor, reparación de vehículos de motor y motocicletas, transporte y almacenamiento, hostelería;Estructura porcentual;2016;18,7
Aragón;J. Información y comunicaciones;Valor;2022(A);797.899
Aragón;J. Información y comunicaciones;Valor;2021(P);733.793
Aragón;J. Información y comunicaciones;Valor;2020;670.609
Aragón;J. Información y comunicaciones;Valor;2019;682.179
Aragón;J. Información y comunicaciones;Valor;2018;653.744
Aragón;J. Información y comunicaciones;Valor;2017;659.518
Aragón;J. Información y comunicaciones;Valor;2016;648.660
Aragón;J. Información y comunicaciones;Tasas de variación interanuales;2022(A);8,7
Aragón;J. Información y comunicaciones;Tasas de variación interanuales;2021(P);9,4
Aragón;J. Información y comunicaciones;Tasas de variación interanuales;2020;-1,7
Aragón;J. Información y comunicaciones;Tasas de variación interanuales;2019;4,3
Aragón;J. Información y comunicaciones;Tasas de variación interanuales;2018;-0,9
Aragón;J. Información y comunicaciones;Tasas de variación interanuales;2017;1,7
Aragón;J. Información y comunicaciones;Tasas de variación interanuales;2016;..
Aragón;J. Información y comunicaciones;Estructura porcentual;2022(A);1,9
Aragón;J. Información y comunicaciones;Estructura porcentual;2021(P);1,9
Aragón;J. Información y comunicaciones;Estructura porcentual;2020;1,9
Aragón;J. Información y comunicaciones;Estructura porcentual;2019;1,8
Aragón;J. Información y comunicaciones;Estructura porcentual;2018;1,8
Aragón;J. Información y comunicaciones;Estructura porcentual;2017;1,9
Aragón;J. Información y comunicaciones;Estructura porcentual;2016;1,9
Aragón;K. Actividades financieras y de seguros;Valor;2022(A);1.518.474
Aragón;K. Actividades financieras y de seguros;Valor;2021(P);1.317.594
Aragón;K. Actividades financieras y de seguros;Valor;2020;1.311.945
Aragón;K. Actividades financieras y de seguros;Valor;2019;1.252.990
Aragón;K. Actividades financieras y de seguros;Valor;2018;1.295.396
Aragón;K. Actividades financieras y de seguros;Valor;2017;1.166.263
Aragón;K. Actividades financieras y de seguros;Valor;2016;1.118.961
Aragón;K. Actividades financieras y de seguros;Tasas de variación interanuales;2022(A);15,2
Aragón;K. Actividades financieras y de seguros;Tasas de variación interanuales;2021(P);0,4
Aragón;K. Actividades financieras y de seguros;Tasas de variación interanuales;2020;4,7
Aragón;K. Actividades financieras y de seguros;Tasas de variación interanuales;2019;-3,3
Aragón;K. Actividades financieras y de seguros;Tasas de variación interanuales;2018;11,1
Aragón;K. Actividades financieras y de seguros;Tasas de variación interanuales;2017;4,2
Aragón;K. Actividades financieras y de seguros;Tasas de variación interanuales;2016;..
Aragón;K. Actividades financieras y de seguros;Estructura porcentual;2022(A);3,6
Aragón;K. Actividades financieras y de seguros;Estructura porcentual;2021(P);3,5
Aragón;K. Actividades financieras y de seguros;Estructura porcentual;2020;3,7
Aragón;K. Actividades financieras y de seguros;Estructura porcentual;2019;3,3
Aragón;K. Actividades financieras y de seguros;Estructura porcentual;2018;3,5
Aragón;K. Actividades financieras y de seguros;Estructura porcentual;2017;3,3
Aragón;K. Actividades financieras y de seguros;Estructura porcentual;2016;3,3
Aragón;L. Actividades inmobiliarias;Valor;2022(A);3.966.952
Aragón;L. Actividades inmobiliarias;Valor;2021(P);3.803.840
Aragón;L. Actividades inmobiliarias;Valor;2020;3.720.903
Aragón;L. Actividades inmobiliarias;Valor;2019;3.702.194
Aragón;L. Actividades inmobiliarias;Valor;2018;3.611.251
Aragón;L. Actividades inmobiliarias;Valor;2017;3.495.853
Aragón;L. Actividades inmobiliarias;Valor;2016;3.454.215
Aragón;L. Actividades inmobiliarias;Tasas de variación interanuales;2022(A);4,3
Aragón;L. Actividades inmobiliarias;Tasas de variación interanuales;2021(P);2,2
Aragón;L. Actividades inmobiliarias;Tasas de variación interanuales;2020;0,5
Aragón;L. Actividades inmobiliarias;Tasas de variación interanuales;2019;2,5
Aragón;L. Actividades inmobiliarias;Tasas de variación interanuales;2018;3,3
Aragón;L. Actividades inmobiliarias;Tasas de variación interanuales;2017;1,2
Aragón;L. Actividades inmobiliarias;Tasas de variación interanuales;2016;..
Aragón;L. Actividades inmobiliarias;Estructura porcentual;2022(A);9,5
Aragón;L. Actividades inmobiliarias;Estructura porcentual;2021(P);10
Aragón;L. Actividades inmobiliarias;Estructura porcentual;2020;10,5
Aragón;L. Actividades inmobiliarias;Estructura porcentual;2019;9,7
Aragón;L. Actividades inmobiliarias;Estructura porcentual;2018;9,8
Aragón;L. Actividades inmobiliarias;Estructura porcentual;2017;9,8
Aragón;L. Actividades inmobiliarias;Estructura porcentual;2016;10,1
Aragón;M_N. Actividades profesionales, científicas y técnicas, actividades administrativas y servicios auxiliares;Valor;2022(A);2.293.651
Aragón;M_N. Actividades profesionales, científicas y técnicas, actividades administrativas y servicios auxiliares;Valor;2021(P);2.138.349
Aragón;M_N. Actividades profesionales, científicas y técnicas, actividades administrativas y servicios auxiliares;Valor;2020;1.929.362
Aragón;M_N. Actividades profesionales, científicas y técnicas, actividades administrativas y servicios auxiliares;Valor;2019;2.047.045
Aragón;M_N. Actividades profesionales, científicas y técnicas, actividades administrativas y servicios auxiliares;Valor;2018;1.950.694
Aragón;M_N. Actividades profesionales, científicas y técnicas, actividades administrativas y servicios auxiliares;Valor;2017;1.881.536
Aragón;M_N. Actividades profesionales, científicas y técnicas, actividades administrativas y servicios auxiliares;Valor;2016;1.758.255
Aragón;M_N. Actividades profesionales, científicas y técnicas, actividades administrativas y servicios auxiliares;Tasas de variación interanuales;2022(A);7,3
Aragón;M_N. Actividades profesionales, científicas y técnicas, actividades administrativas y servicios auxiliares;Tasas de variación interanuales;2021(P);10,8
Aragón;M_N. Actividades profesionales, científicas y técnicas, actividades administrativas y servicios auxiliares;Tasas de variación interanuales;2020;-5,7
Aragón;M_N. Actividades profesionales, científicas y técnicas, actividades administrativas y servicios auxiliares;Tasas de variación interanuales;2019;4,9
Aragón;M_N. Actividades profesionales, científicas y técnicas, actividades administrativas y servicios auxiliares;Tasas de variación interanuales;2018;3,7
Aragón;M_N. Actividades profesionales, científicas y técnicas, actividades administrativas y servicios auxiliares;Tasas de variación interanuales;2017;7
Aragón;M_N. Actividades profesionales, científicas y técnicas, actividades administrativas y servicios auxiliares;Tasas de variación interanuales;2016;..
Aragón;M_N. Actividades profesionales, científicas y técnicas, actividades administrativas y servicios auxiliares;Estructura porcentual;2022(A);5,5
Aragón;M_N. Actividades profesionales, científicas y técnicas, actividades administrativas y servicios auxiliares;Estructura porcentual;2021(P);5,6
Aragón;M_N. Actividades profesionales, científicas y técnicas, actividades administrativas y servicios auxiliares;Estructura porcentual;2020;5,4
Aragón;M_N. Actividades profesionales, científicas y técnicas, actividades administrativas y servicios auxiliares;Estructura porcentual;2019;5,4
Aragón;M_N. Actividades profesionales, científicas y técnicas, actividades administrativas y servicios auxiliares;Estructura porcentual;2018;5,3
Aragón;M_N. Actividades profesionales, científicas y técnicas, actividades administrativas y servicios auxiliares;Estructura porcentual;2017;5,3
Aragón;M_N. Actividades profesionales, científicas y técnicas, actividades administrativas y servicios auxiliares;Estructura porcentual;2016;5,1
Aragón;O_Q. Administración pública y defensa, seguridad social obligatoria, educación, actividades sanitarias y de servicios sociales;Valor;2022(A);6.973.756
Aragón;O_Q. Administración pública y defensa, seguridad social obligatoria, educación, actividades sanitarias y de servicios sociales;Valor;2021(P);6.733.104
Aragón;O_Q. Administración pública y defensa, seguridad social obligatoria, educación, actividades sanitarias y de servicios sociales;Valor;2020;6.601.287
Aragón;O_Q. Administración pública y defensa, seguridad social obligatoria, educación, actividades sanitarias y de servicios sociales;Valor;2019;6.515.304
Aragón;O_Q. Administración pública y defensa, seguridad social obligatoria, educación, actividades sanitarias y de servicios sociales;Valor;2018;6.366.901
Aragón;O_Q. Administración pública y defensa, seguridad social obligatoria, educación, actividades sanitarias y de servicios sociales;Valor;2017;6.100.917
Aragón;O_Q. Administración pública y defensa, seguridad social obligatoria, educación, actividades sanitarias y de servicios sociales;Valor;2016;5.930.222
Aragón;O_Q. Administración pública y defensa, seguridad social obligatoria, educación, actividades sanitarias y de servicios sociales;Tasas de variación interanuales;2022(A);3,6
Aragón;O_Q. Administración pública y defensa, seguridad social obligatoria, educación, actividades sanitarias y de servicios sociales;Tasas de variación interanuales;2021(P);2
Aragón;O_Q. Administración pública y defensa, seguridad social obligatoria, educación, actividades sanitarias y de servicios sociales;Tasas de variación interanuales;2020;1,3
Aragón;O_Q. Administración pública y defensa, seguridad social obligatoria, educación, actividades sanitarias y de servicios sociales;Tasas de variación interanuales;2019;2,3
Aragón;O_Q. Administración pública y defensa, seguridad social obligatoria, educación, actividades sanitarias y de servicios sociales;Tasas de variación interanuales;2018;4,4
Aragón;O_Q. Administración pública y defensa, seguridad social obligatoria, educación, actividades sanitarias y de servicios sociales;Tasas de variación interanuales;2017;2,9
Aragón;O_Q. Administración pública y defensa, seguridad social obligatoria, educación, actividades sanitarias y de servicios sociales;Tasas de variación interanuales;2016;..
Aragón;O_Q. Administración pública y defensa, seguridad social obligatoria, educación, actividades sanitarias y de servicios sociales;Estructura porcentual;2022(A);16,7
Aragón;O_Q. Administración pública y defensa, seguridad social obligatoria, educación, actividades sanitarias y de servicios sociales;Estructura porcentual;2021(P);17,6
Aragón;O_Q. Administración pública y defensa, seguridad social obligatoria, educación, actividades sanitarias y de servicios sociales;Estructura porcentual;2020;18,6
Aragón;O_Q. Administración pública y defensa, seguridad social obligatoria, educación, actividades sanitarias y de servicios sociales;Estructura porcentual;2019;17,1
Aragón;O_Q. Administración pública y defensa, seguridad social obligatoria, educación, actividades sanitarias y de servicios sociales;Estructura porcentual;2018;17,3
Aragón;O_Q. Administración pública y defensa, seguridad social obligatoria, educación, actividades sanitarias y de servicios sociales;Estructura porcentual;2017;17,1
Aragón;O_Q. Administración pública y defensa, seguridad social obligatoria, educación, actividades sanitarias y de servicios sociales;Estructura porcentual;2016;17,3
Aragón;R_U. Actividades artísticas, recreativas y de entretenimiento, reparación de artículos de uso doméstico y otros servicios;Valor;2022(A);1.380.240
Aragón;R_U. Actividades artísticas, recreativas y de entretenimiento, reparación de artículos de uso doméstico y otros servicios;Valor;2021(P);1.199.879
Aragón;R_U. Actividades artísticas, recreativas y de entretenimiento, reparación de artículos de uso doméstico y otros servicios;Valor;2020;1.167.924
Aragón;R_U. Actividades artísticas, recreativas y de entretenimiento, reparación de artículos de uso doméstico y otros servicios;Valor;2019;1.419.784
Aragón;R_U. Actividades artísticas, recreativas y de entretenimiento, reparación de artículos de uso doméstico y otros servicios;Valor;2018;1.400.540
Aragón;R_U. Actividades artísticas, recreativas y de entretenimiento, reparación de artículos de uso doméstico y otros servicios;Valor;2017;1.382.277
Aragón;R_U. Actividades artísticas, recreativas y de entretenimiento, reparación de artículos de uso doméstico y otros servicios;Valor;2016;1.277.993
Aragón;R_U. Actividades artísticas, recreativas y de entretenimiento, reparación de artículos de uso doméstico y otros servicios;Tasas de variación interanuales;2022(A);15
Aragón;R_U. Actividades artísticas, recreativas y de entretenimiento, reparación de artículos de uso doméstico y otros servicios;Tasas de variación interanuales;2021(P);2,7
Aragón;R_U. Actividades artísticas, recreativas y de entretenimiento, reparación de artículos de uso doméstico y otros servicios;Tasas de variación interanuales;2020;-17,7
Aragón;R_U. Actividades artísticas, recreativas y de entretenimiento, reparación de artículos de uso doméstico y otros servicios;Tasas de variación interanuales;2019;1,4
Aragón;R_U. Actividades artísticas, recreativas y de entretenimiento, reparación de artículos de uso doméstico y otros servicios;Tasas de variación interanuales;2018;1,3
Aragón;R_U. Actividades artísticas, recreativas y de entretenimiento, reparación de artículos de uso doméstico y otros servicios;Tasas de variación interanuales;2017;8,2
Aragón;R_U. Actividades artísticas, recreativas y de entretenimiento, reparación de artículos de uso doméstico y otros servicios;Tasas de variación interanuales;2016;..
Aragón;R_U. Actividades artísticas, recreativas y de entretenimiento, reparación de artículos de uso doméstico y otros servicios;Estructura porcentual;2022(A);3,3
Aragón;R_U. Actividades artísticas, recreativas y de entretenimiento, reparación de artículos de uso doméstico y otros servicios;Estructura porcentual;2021(P);3,1
Aragón;R_U. Actividades artísticas, recreativas y de entretenimiento, reparación de artículos de uso doméstico y otros servicios;Estructura porcentual;2020;3,3
Aragón;R_U. Actividades artísticas, recreativas y de entretenimiento, reparación de artículos de uso doméstico y otros servicios;Estructura porcentual;2019;3,7
Aragón;R_U. Actividades artísticas, recreativas y de entretenimiento, reparación de artículos de uso doméstico y otros servicios;Estructura porcentual;2018;3,8
Aragón;R_U. Actividades artísticas, recreativas y de entretenimiento, reparación de artículos de uso doméstico y otros servicios;Estructura porcentual;2017;3,9
Aragón;R_U. Actividades artísticas, recreativas y de entretenimiento, reparación de artículos de uso doméstico y otros servicios;Estructura porcentual;2016;3,7
Aragón;Valor añadido bruto total;Valor;2022(A);38.017.480
Aragón;Valor añadido bruto total;Valor;2021(P);34.524.348
Aragón;Valor añadido bruto total;Valor;2020;32.413.104
Aragón;Valor añadido bruto total;Valor;2019;34.509.134
Aragón;Valor añadido bruto total;Valor;2018;33.362.881
Aragón;Valor añadido bruto total;Valor;2017;32.308.304
Aragón;Valor añadido bruto total;Valor;2016;31.043.831
Aragón;Valor añadido bruto total;Tasas de variación interanuales;2022(A);10,1
Aragón;Valor añadido bruto total;Tasas de variación interanuales;2021(P);6,5
Aragón;Valor añadido bruto total;Tasas de variación interanuales;2020;-6,1
Aragón;Valor añadido bruto total;Tasas de variación interanuales;2019;3,4
Aragón;Valor añadido bruto total;Tasas de variación interanuales;2018;3,3
Aragón;Valor añadido bruto total;Tasas de variación interanuales;2017;4,1
Aragón;Valor añadido bruto total;Tasas de variación interanuales;2016;..
Aragón;Valor añadido bruto total;Estructura porcentual;2022(A);91
Aragón;Valor añadido bruto total;Estructura porcentual;2021(P);90,5
Aragón;Valor añadido bruto total;Estructura porcentual;2020;91,2
Aragón;Valor añadido bruto total;Estructura porcentual;2019;90,7
Aragón;Valor añadido bruto total;Estructura porcentual;2018;90,5
Aragón;Valor añadido bruto total;Estructura porcentual;2017;90,7
Aragón;Valor añadido bruto total;Estructura porcentual;2016;90,7
Aragón;Impuestos netos sobre los productos;Valor;2022(A);3.745.350
Aragón;Impuestos netos sobre los productos;Valor;2021(P);3.635.123
Aragón;Impuestos netos sobre los productos;Valor;2020;3.108.475
Aragón;Impuestos netos sobre los productos;Valor;2019;3.540.487
Aragón;Impuestos netos sobre los productos;Valor;2018;3.504.631
Aragón;Impuestos netos sobre los productos;Valor;2017;3.332.203
Aragón;Impuestos netos sobre los productos;Valor;2016;3.166.553
Aragón;Impuestos netos sobre los productos;Tasas de variación interanuales;2022(A);3
Aragón;Impuestos netos sobre los productos;Tasas de variación interanuales;2021(P);16,9
Aragón;Impuestos netos sobre los productos;Tasas de variación interanuales;2020;-12,2
Aragón;Impuestos netos sobre los productos;Tasas de variación interanuales;2019;1
Aragón;Impuestos netos sobre los productos;Tasas de variación interanuales;2018;5,2
Aragón;Impuestos netos sobre los productos;Tasas de variación interanuales;2017;5,2
Aragón;Impuestos netos sobre los productos;Tasas de variación interanuales;2016;..
Aragón;Impuestos netos sobre los productos;Estructura porcentual;2022(A);9
Aragón;Impuestos netos sobre los productos;Estructura porcentual;2021(P);9,5
Aragón;Impuestos netos sobre los productos;Estructura porcentual;2020;8,8
Aragón;Impuestos netos sobre los productos;Estructura porcentual;2019;9,3
Aragón;Impuestos netos sobre los productos;Estructura porcentual;2018;9,5
Aragón;Impuestos netos sobre los productos;Estructura porcentual;2017;9,3
Aragón;Impuestos netos sobre los productos;Estructura porcentual;2016;9,3
Aragón;PRODUCTO INTERIOR BRUTO A PRECIOS DE MERCADO;Valor;2022(A);41.762.830
Aragón;PRODUCTO INTERIOR BRUTO A PRECIOS DE MERCADO;Valor;2021(P);38.159.471
Aragón;PRODUCTO INTERIOR BRUTO A PRECIOS DE MERCADO;Valor;2020;35.521.579
Aragón;PRODUCTO INTERIOR BRUTO A PRECIOS DE MERCADO;Valor;2019;38.049.621
Aragón;PRODUCTO INTERIOR BRUTO A PRECIOS DE MERCADO;Valor;2018;36.867.512
Aragón;PRODUCTO INTERIOR BRUTO A PRECIOS DE MERCADO;Valor;2017;35.640.507
Aragón;PRODUCTO INTERIOR BRUTO A PRECIOS DE MERCADO;Valor;2016;34.210.384
Aragón;PRODUCTO INTERIOR BRUTO A PRECIOS DE MERCADO;Tasas de variación interanuales;2022(A);9,4
Aragón;PRODUCTO INTERIOR BRUTO A PRECIOS DE MERCADO;Tasas de variación interanuales;2021(P);7,4
Aragón;PRODUCTO INTERIOR BRUTO A PRECIOS DE MERCADO;Tasas de variación interanuales;2020;-6,6
Aragón;PRODUCTO INTERIOR BRUTO A PRECIOS DE MERCADO;Tasas de variación interanuales;2019;3,2
Aragón;PRODUCTO INTERIOR BRUTO A PRECIOS DE MERCADO;Tasas de variación interanuales;2018;3,4
Aragón;PRODUCTO INTERIOR BRUTO A PRECIOS DE MERCADO;Tasas de variación interanuales;2017;4,2
Aragón;PRODUCTO INTERIOR BRUTO A PRECIOS DE MERCADO;Tasas de variación interanuales;2016;..
Aragón;PRODUCTO INTERIOR BRUTO A PRECIOS DE MERCADO;Estructura porcentual;2022(A);100
Aragón;PRODUCTO INTERIOR BRUTO A PRECIOS DE MERCADO;Estructura porcentual;2021(P);100
Aragón;PRODUCTO INTERIOR BRUTO A PRECIOS DE MERCADO;Estructura porcentual;2020;100
Aragón;PRODUCTO INTERIOR BRUTO A PRECIOS DE MERCADO;Estructura porcentual;2019;100
Aragón;PRODUCTO INTERIOR BRUTO A PRECIOS DE MERCADO;Estructura porcentual;2018;100
Aragón;PRODUCTO INTERIOR BRUTO A PRECIOS DE MERCADO;Estructura porcentual;2017;100
Aragón;PRODUCTO INTERIOR BRUTO A PRECIOS DE MERCADO;Estructura porcentual;2016;100
Asturias, Principado de;PRODUCTO INTERIOR BRUTO A PRECIOS DE MERCADO;Valor;2022(A);25.822.416
Asturias, Principado de;PRODUCTO INTERIOR BRUTO A PRECIOS DE MERCADO;Valor;2021(P);23.549.659
Asturias, Principado de;PRODUCTO INTERIOR BRUTO A PRECIOS DE MERCADO;Valor;2020;21.319.148
Asturias, Principado de;PRODUCTO INTERIOR BRUTO A PRECIOS DE MERCADO;Valor;2019;23.711.269
Asturias, Principado de;PRODUCTO INTERIOR BRUTO A PRECIOS DE MERCADO;Valor;2018;23.225.369
Asturias, Principado de;PRODUCTO INTERIOR BRUTO A PRECIOS DE MERCADO;Valor;2017;22.595.763
Asturias, Principado de;PRODUCTO INTERIOR BRUTO A PRECIOS DE MERCADO;Valor;2016;21.692.554
Asturias, Principado de;PRODUCTO INTERIOR BRUTO A PRECIOS DE MERCADO;Tasas de variación interanuales;2022(A);9,7
Asturias, Principado de;PRODUCTO INTERIOR BRUTO A PRECIOS DE MERCADO;Tasas de variación interanuales;2021(P);10,5
Asturias, Principado de;PRODUCTO INTERIOR BRUTO A PRECIOS DE MERCADO;Tasas de variación interanuales;2020;-10,1
Asturias, Principado de;PRODUCTO INTERIOR BRUTO A PRECIOS DE MERCADO;Tasas de variación interanuales;2019;2,1
Asturias, Principado de;PRODUCTO INTERIOR BRUTO A PRECIOS DE MERCADO;Tasas de variación interanuales;2018;2,8
Asturias, Principado de;PRODUCTO INTERIOR BRUTO A PRECIOS DE MERCADO;Tasas de variación interanuales;2017;4,2
Asturias, Principado de;PRODUCTO INTERIOR BRUTO A PRECIOS DE MERCADO;Tasas de variación interanuales;2016;..
Asturias, Principado de;PRODUCTO INTERIOR BRUTO A PRECIOS DE MERCADO;Estructura porcentual;2022(A);100
Asturias, Principado de;PRODUCTO INTERIOR BRUTO A PRECIOS DE MERCADO;Estructura porcentual;2021(P);100
Asturias, Principado de;PRODUCTO INTERIOR BRUTO A PRECIOS DE MERCADO;Estructura porcentual;2020;100
Asturias, Principado de;PRODUCTO INTERIOR BRUTO A PRECIOS DE MERCADO;Estructura porcentual;2019;100
Asturias, Principado de;PRODUCTO INTERIOR BRUTO A PRECIOS DE MERCADO;Estructura porcentual;2018;100
Asturias, Principado de;PRODUCTO INTERIOR BRUTO A PRECIOS DE MERCADO;Estructura porcentual;2017;100
Asturias, Principado de;PRODUCTO INTERIOR BRUTO A PRECIOS DE MERCADO;Estructura porcentual;2016;100
Asturias, Principado de;A. Agricultura, ganadería, silvicultura y pesca;Valor;2022(A);287.358
Asturias, Principado de;A. Agricultura, ganadería, silvicultura y pesca;Valor;2021(P);306.301
Asturias, Principado de;A. Agricultura, ganadería, silvicultura y pesca;Valor;2020;284.291
Asturias, Principado de;A. Agricultura, ganadería, silvicultura y pesca;Valor;2019;307.966
Asturias, Principado de;A. Agricultura, ganadería, silvicultura y pesca;Valor;2018;300.874
Asturias, Principado de;A. Agricultura, ganadería, silvicultura y pesca;Valor;2017;269.648
Asturias, Principado de;A. Agricultura, ganadería, silvicultura y pesca;Valor;2016;276.055
Asturias, Principado de;A. Agricultura, ganadería, silvicultura y pesca;Tasas de variación interanuales;2022(A);-6,2
Asturias, Principado de;A. Agricultura, ganadería, silvicultura y pesca;Tasas de variación interanuales;2021(P);7,7
Asturias, Principado de;A. Agricultura, ganadería, silvicultura y pesca;Tasas de variación interanuales;2020;-7,7
Asturias, Principado de;A. Agricultura, ganadería, silvicultura y pesca;Tasas de variación interanuales;2019;2,4
Asturias, Principado de;A. Agricultura, ganadería, silvicultura y pesca;Tasas de variación interanuales;2018;11,6
Asturias, Principado de;A. Agricultura, ganadería, silvicultura y pesca;Tasas de variación interanuales;2017;-2,3
Asturias, Principado de;A. Agricultura, ganadería, silvicultura y pesca;Tasas de variación interanuales;2016;..
Asturias, Principado de;A. Agricultura, ganadería, silvicultura y pesca;Estructura porcentual;2022(A);1,1
Asturias, Principado de;A. Agricultura, ganadería, silvicultura y pesca;Estructura porcentual;2021(P);1,3
Asturias, Principado de;A. Agricultura, ganadería, silvicultura y pesca;Estructura porcentual;2020;1,3
Asturias, Principado de;A. Agricultura, ganadería, silvicultura y pesca;Estructura porcentual;2019;1,3
Asturias, Principado de;A. Agricultura, ganadería, silvicultura y pesca;Estructura porcentual;2018;1,3
Asturias, Principado de;A. Agricultura, ganadería, silvicultura y pesca;Estructura porcentual;2017;1,2
Asturias, Principado de;A. Agricultura, ganadería, silvicultura y pesca;Estructura porcentual;2016;1,3
Asturias, Principado de;B_E. Industrias extractivas, industria manufacturera, suministro de energía eléctrica, gas, vapor y aire acondicionado, suministro de agua, actividades de saneamiento, gestión de residuos y descontaminación;Valor;2022(A);5.311.403
Asturias, Principado de;B_E. Industrias extractivas, industria manufacturera, suministro de energía eléctrica, gas, vapor y aire acondicionado, suministro de agua, actividades de saneamiento, gestión de residuos y descontaminación;Valor;2021(P);4.572.369
Asturias, Principado de;B_E. Industrias extractivas, industria manufacturera, suministro de energía eléctrica, gas, vapor y aire acondicionado, suministro de agua, actividades de saneamiento, gestión de residuos y descontaminación;Valor;2020;3.762.056
Asturias, Principado de;B_E. Industrias extractivas, industria manufacturera, suministro de energía eléctrica, gas, vapor y aire acondicionado, suministro de agua, actividades de saneamiento, gestión de residuos y descontaminación;Valor;2019;4.239.988
Asturias, Principado de;B_E. Industrias extractivas, industria manufacturera, suministro de energía eléctrica, gas, vapor y aire acondicionado, suministro de agua, actividades de saneamiento, gestión de residuos y descontaminación;Valor;2018;4.254.859
Asturias, Principado de;B_E. Industrias extractivas, industria manufacturera, suministro de energía eléctrica, gas, vapor y aire acondicionado, suministro de agua, actividades de saneamiento, gestión de residuos y descontaminación;Valor;2017;4.156.823
Asturias, Principado de;B_E. Industrias extractivas, industria manufacturera, suministro de energía eléctrica, gas, vapor y aire acondicionado, suministro de agua, actividades de saneamiento, gestión de residuos y descontaminación;Valor;2016;3.887.686
Asturias, Principado de;B_E. Industrias extractivas, industria manufacturera, suministro de energía eléctrica, gas, vapor y aire acondicionado, suministro de agua, actividades de saneamiento, gestión de residuos y descontaminación;Tasas de variación interanuales;2022(A);16,2
Asturias, Principado de;B_E. Industrias extractivas, industria manufacturera, suministro de energía eléctrica, gas, vapor y aire acondicionado, suministro de agua, actividades de saneamiento, gestión de residuos y descontaminación;Tasas de variación interanuales;2021(P);21,5
Asturias, Principado de;B_E. Industrias extractivas, industria manufacturera, suministro de energía eléctrica, gas, vapor y aire acondicionado, suministro de agua, actividades de saneamiento, gestión de residuos y descontaminación;Tasas de variación interanuales;2020;-11,3
Asturias, Principado de;B_E. Industrias extractivas, industria manufacturera, suministro de energía eléctrica, gas, vapor y aire acondicionado, suministro de agua, actividades de saneamiento, gestión de residuos y descontaminación;Tasas de variación interanuales;2019;-0,3
Asturias, Principado de;B_E. Industrias extractivas, industria manufacturera, suministro de energía eléctrica, gas, vapor y aire acondicionado, suministro de agua, actividades de saneamiento, gestión de residuos y descontaminación;Tasas de variación interanuales;2018;2,4
Asturias, Principado de;B_E. Industrias extractivas, industria manufacturera, suministro de energía eléctrica, gas, vapor y aire acondicionado, suministro de agua, actividades de saneamiento, gestión de residuos y descontaminación;Tasas de variación interanuales;2017;6,9
Asturias, Principado de;B_E. Industrias extractivas, industria manufacturera, suministro de energía eléctrica, gas, vapor y aire acondicionado, suministro de agua, actividades de saneamiento, gestión de residuos y descontaminación;Tasas de variación interanuales;2016;..
Asturias, Principado de;B_E. Industrias extractivas, industria manufacturera, suministro de energía eléctrica, gas, vapor y aire acondicionado, suministro de agua, actividades de saneamiento, gestión de residuos y descontaminación;Estructura porcentual;2022(A);20,6
Asturias, Principado de;B_E. Industrias extractivas, industria manufacturera, suministro de energía eléctrica, gas, vapor y aire acondicionado, suministro de agua, actividades de saneamiento, gestión de residuos y descontaminación;Estructura porcentual;2021(P);19,4
Asturias, Principado de;B_E. Industrias extractivas, industria manufacturera, suministro de energía eléctrica, gas, vapor y aire acondicionado, suministro de agua, actividades de saneamiento, gestión de residuos y descontaminación;Estructura porcentual;2020;17,6
Asturias, Principado de;B_E. Industrias extractivas, industria manufacturera, suministro de energía eléctrica, gas, vapor y aire acondicionado, suministro de agua, actividades de saneamiento, gestión de residuos y descontaminación;Estructura porcentual;2019;17,9
Asturias, Principado de;B_E. Industrias extractivas, industria manufacturera, suministro de energía eléctrica, gas, vapor y aire acondicionado, suministro de agua, actividades de saneamiento, gestión de residuos y descontaminación;Estructura porcentual;2018;18,3
Asturias, Principado de;B_E. Industrias extractivas, industria manufacturera, suministro de energía eléctrica, gas, vapor y aire acondicionado, suministro de agua, actividades de saneamiento, gestión de residuos y descontaminación;Estructura porcentual;2017;18,4
Asturias, Principado de;B_E. Industrias extractivas, industria manufacturera, suministro de energía eléctrica, gas, vapor y aire acondicionado, suministro de agua, actividades de saneamiento, gestión de residuos y descontaminación;Estructura porcentual;2016;17,9
Asturias, Principado de;C. - De las cuales: Industria manufacturera;Valor;2022(A);3.487.107
Asturias, Principado de;C. - De las cuales: Industria manufacturera;Valor;2021(P);3.118.701
Asturias, Principado de;C. - De las cuales: Industria manufacturera;Valor;2020;2.508.510
Asturias, Principado de;C. - De las cuales: Industria manufacturera;Valor;2019;2.902.969
Asturias, Principado de;C. - De las cuales: Industria manufacturera;Valor;2018;2.949.174
Asturias, Principado de;C. - De las cuales: Industria manufacturera;Valor;2017;2.914.570
Asturias, Principado de;C. - De las cuales: Industria manufacturera;Valor;2016;2.645.670
Asturias, Principado de;C. - De las cuales: Industria manufacturera;Tasas de variación interanuales;2022(A);11,8
Asturias, Principado de;C. - De las cuales: Industria manufacturera;Tasas de variación interanuales;2021(P);24,3
Asturias, Principado de;C. - De las cuales: Industria manufacturera;Tasas de variación interanuales;2020;-13,6
Asturias, Principado de;C. - De las cuales: Industria manufacturera;Tasas de variación interanuales;2019;-1,6
Asturias, Principado de;C. - De las cuales: Industria manufacturera;Tasas de variación interanuales;2018;1,2
Asturias, Principado de;C. - De las cuales: Industria manufacturera;Tasas de variación interanuales;2017;10,2
Asturias, Principado de;C. - De las cuales: Industria manufacturera;Tasas de variación interanuales;2016;..
Asturias, Principado de;C. - De las cuales: Industria manufacturera;Estructura porcentual;2022(A);13,5
Asturias, Principado de;C. - De las cuales: Industria manufacturera;Estructura porcentual;2021(P);13,2
Asturias, Principado de;C. - De las cuales: Industria manufacturera;Estructura porcentual;2020;11,8
Asturias, Principado de;C. - De las cuales: Industria manufacturera;Estructura porcentual;2019;12,2
Asturias, Principado de;C. - De las cuales: Industria manufacturera;Estructura porcentual;2018;12,7
Asturias, Principado de;C. - De las cuales: Industria manufacturera;Estructura porcentual;2017;12,9
Asturias, Principado de;C. - De las cuales: Industria manufacturera;Estructura porcentual;2016;12,2
Asturias, Principado de;F. Construcción;Valor;2022(A);1.443.909
Asturias, Principado de;F. Construcción;Valor;2021(P);1.392.272
Asturias, Principado de;F. Construcción;Valor;2020;1.314.621
Asturias, Principado de;F. Construcción;Valor;2019;1.521.189
Asturias, Principado de;F. Construcción;Valor;2018;1.412.594
Asturias, Principado de;F. Construcción;Valor;2017;1.365.415
Asturias, Principado de;F. Construcción;Valor;2016;1.294.628
Asturias, Principado de;F. Construcción;Tasas de variación interanuales;2022(A);3,7
Asturias, Principado de;F. Construcción;Tasas de variación interanuales;2021(P);5,9
Asturias, Principado de;F. Construcción;Tasas de variación interanuales;2020;-13,6
Asturias, Principado de;F. Construcción;Tasas de variación interanuales;2019;7,7
Asturias, Principado de;F. Construcción;Tasas de variación interanuales;2018;3,5
Asturias, Principado de;F. Construcción;Tasas de variación interanuales;2017;5,5
Asturias, Principado de;F. Construcción;Tasas de variación interanuales;2016;..
Asturias, Principado de;F. Construcción;Estructura porcentual;2022(A);5,6
Asturias, Principado de;F. Construcción;Estructura porcentual;2021(P);5,9
Asturias, Principado de;F. Construcción;Estructura porcentual;2020;6,2
Asturias, Principado de;F. Construcción;Estructura porcentual;2019;6,4
Asturias, Principado de;F. Construcción;Estructura porcentual;2018;6,1
Asturias, Principado de;F. Construcción;Estructura porcentual;2017;6
Asturias, Principado de;F. Construcción;Estructura porcentual;2016;6
Asturias, Principado de;G_I. Comercio al por mayor y al por menor, reparación de vehículos de motor y motocicletas, transporte y almacenamiento, hostelería;Valor;2022(A);5.092.092
Asturias, Principado de;G_I. Comercio al por mayor y al por menor, reparación de vehículos de motor y motocicletas, transporte y almacenamiento, hostelería;Valor;2021(P);4.325.104
Asturias, Principado de;G_I. Comercio al por mayor y al por menor, reparación de vehículos de motor y motocicletas, transporte y almacenamiento, hostelería;Valor;2020;3.708.367
Asturias, Principado de;G_I. Comercio al por mayor y al por menor, reparación de vehículos de motor y motocicletas, transporte y almacenamiento, hostelería;Valor;2019;4.728.470
Asturias, Principado de;G_I. Comercio al por mayor y al por menor, reparación de vehículos de motor y motocicletas, transporte y almacenamiento, hostelería;Valor;2018;4.558.156
Asturias, Principado de;G_I. Comercio al por mayor y al por menor, reparación de vehículos de motor y motocicletas, transporte y almacenamiento, hostelería;Valor;2017;4.462.115
Asturias, Principado de;G_I. Comercio al por mayor y al por menor, reparación de vehículos de motor y motocicletas, transporte y almacenamiento, hostelería;Valor;2016;4.295.763
Asturias, Principado de;G_I. Comercio al por mayor y al por menor, reparación de vehículos de motor y motocicletas, transporte y almacenamiento, hostelería;Tasas de variación interanuales;2022(A);17,7
Asturias, Principado de;G_I. Comercio al por mayor y al por menor, reparación de vehículos de motor y motocicletas, transporte y almacenamiento, hostelería;Tasas de variación interanuales;2021(P);16,6
Asturias, Principado de;G_I. Comercio al por mayor y al por menor, reparación de vehículos de motor y motocicletas, transporte y almacenamiento, hostelería;Tasas de variación interanuales;2020;-21,6
Asturias, Principado de;G_I. Comercio al por mayor y al por menor, reparación de vehículos de motor y motocicletas, transporte y almacenamiento, hostelería;Tasas de variación interanuales;2019;3,7
Asturias, Principado de;G_I. Comercio al por mayor y al por menor, reparación de vehículos de motor y motocicletas, transporte y almacenamiento, hostelería;Tasas de variación interanuales;2018;2,2
Asturias, Principado de;G_I. Comercio al por mayor y al por menor, reparación de vehículos de motor y motocicletas, transporte y almacenamiento, hostelería;Tasas de variación interanuales;2017;3,9
Asturias, Principado de;G_I. Comercio al por mayor y al por menor, reparación de vehículos de motor y motocicletas, transporte y almacenamiento, hostelería;Tasas de variación interanuales;2016;..
Asturias, Principado de;G_I. Comercio al por mayor y al por menor, reparación de vehículos de motor y motocicletas, transporte y almacenamiento, hostelería;Estructura porcentual;2022(A);19,7
Asturias, Principado de;G_I. Comercio al por mayor y al por menor, reparación de vehículos de motor y motocicletas, transporte y almacenamiento, hostelería;Estructura porcentual;2021(P);18,4
Asturias, Principado de;G_I. Comercio al por mayor y al por menor, reparación de vehículos de motor y motocicletas, transporte y almacenamiento, hostelería;Estructura porcentual;2020;17,4
Asturias, Principado de;G_I. Comercio al por mayor y al por menor, reparación de vehículos de motor y motocicletas, transporte y almacenamiento, hostelería;Estructura porcentual;2019;19,9
Asturias, Principado de;G_I. Comercio al por mayor y al por menor, reparación de vehículos de motor y motocicletas, transporte y almacenamiento, hostelería;Estructura porcentual;2018;19,6
Asturias, Principado de;G_I. Comercio al por mayor y al por menor, reparación de vehículos de motor y motocicletas, transporte y almacenamiento, hostelería;Estructura porcentual;2017;19,7
Asturias, Principado de;G_I. Comercio al por mayor y al por menor, reparación de vehículos de motor y motocicletas, transporte y almacenamiento, hostelería;Estructura porcentual;2016;19,8
Asturias, Principado de;J. Información y comunicaciones;Valor;2022(A);581.013
Asturias, Principado de;J. Información y comunicaciones;Valor;2021(P);542.690
Asturias, Principado de;J. Información y comunicaciones;Valor;2020;481.526
Asturias, Principado de;J. Información y comunicaciones;Valor;2019;480.405
Asturias, Principado de;J. Información y comunicaciones;Valor;2018;473.407
Asturias, Principado de;J. Información y comunicaciones;Valor;2017;492.946
Asturias, Principado de;J. Información y comunicaciones;Valor;2016;479.958
Asturias, Principado de;J. Información y comunicaciones;Tasas de variación interanuales;2022(A);7,1
Asturias, Principado de;J. Información y comunicaciones;Tasas de variación interanuales;2021(P);12,7
Asturias, Principado de;J. Información y comunicaciones;Tasas de variación interanuales;2020;0,2
Asturias, Principado de;J. Información y comunicaciones;Tasas de variación interanuales;2019;1,5
Asturias, Principado de;J. Información y comunicaciones;Tasas de variación interanuales;2018;-4
Asturias, Principado de;J. Información y comunicaciones;Tasas de variación interanuales;2017;2,7
Asturias, Principado de;J. Información y comunicaciones;Tasas de variación interanuales;2016;..
Asturias, Principado de;J. Información y comunicaciones;Estructura porcentual;2022(A);2,3
Asturias, Principado de;J. Información y comunicaciones;Estructura porcentual;2021(P);2,3
Asturias, Principado de;J. Información y comunicaciones;Estructura porcentual;2020;2,3
Asturias, Principado de;J. Información y comunicaciones;Estructura porcentual;2019;2
Asturias, Principado de;J. Información y comunicaciones;Estructura porcentual;2018;2
Asturias, Principado de;J. Información y comunicaciones;Estructura porcentual;2017;2,2
Asturias, Principado de;J. Información y comunicaciones;Estructura porcentual;2016;2,2
Asturias, Principado de;K. Actividades financieras y de seguros;Valor;2022(A);943.170
Asturias, Principado de;K. Actividades financieras y de seguros;Valor;2021(P);832.247
Asturias, Principado de;K. Actividades financieras y de seguros;Valor;2020;819.429
Asturias, Principado de;K. Actividades financieras y de seguros;Valor;2019;785.750
Asturias, Principado de;K. Actividades financieras y de seguros;Valor;2018;779.874
Asturias, Principado de;K. Actividades financieras y de seguros;Valor;2017;713.582
Asturias, Principado de;K. Actividades financieras y de seguros;Valor;2016;680.277
Asturias, Principado de;K. Actividades financieras y de seguros;Tasas de variación interanuales;2022(A);13,3
Asturias, Principado de;K. Actividades financieras y de seguros;Tasas de variación interanuales;2021(P);1,6
Asturias, Principado de;K. Actividades financieras y de seguros;Tasas de variación interanuales;2020;4,3
Asturias, Principado de;K. Actividades financieras y de seguros;Tasas de variación interanuales;2019;0,8
Asturias, Principado de;K. Actividades financieras y de seguros;Tasas de variación interanuales;2018;9,3
Asturias, Principado de;K. Actividades financieras y de seguros;Tasas de variación interanuales;2017;4,9
Asturias, Principado de;K. Actividades financieras y de seguros;Tasas de variación interanuales;2016;..
Asturias, Principado de;K. Actividades financieras y de seguros;Estructura porcentual;2022(A);3,7
Asturias, Principado de;K. Actividades financieras y de seguros;Estructura porcentual;2021(P);3,5
Asturias, Principado de;K. Actividades financieras y de seguros;Estructura porcentual;2020;3,8
Asturias, Principado de;K. Actividades financieras y de seguros;Estructura porcentual;2019;3,3
Asturias, Principado de;K. Actividades financieras y de seguros;Estructura porcentual;2018;3,4
Asturias, Principado de;K. Actividades financieras y de seguros;Estructura porcentual;2017;3,2
Asturias, Principado de;K. Actividades financieras y de seguros;Estructura porcentual;2016;3,1
Asturias, Principado de;L. Actividades inmobiliarias;Valor;2022(A);2.965.191
Asturias, Principado de;L. Actividades inmobiliarias;Valor;2021(P);2.868.598
Asturias, Principado de;L. Actividades inmobiliarias;Valor;2020;2.818.475
Asturias, Principado de;L. Actividades inmobiliarias;Valor;2019;2.826.415
Asturias, Principado de;L. Actividades inmobiliarias;Valor;2018;2.765.298
Asturias, Principado de;L. Actividades inmobiliarias;Valor;2017;2.698.757
Asturias, Principado de;L. Actividades inmobiliarias;Valor;2016;2.661.805
Asturias, Principado de;L. Actividades inmobiliarias;Tasas de variación interanuales;2022(A);3,4
Asturias, Principado de;L. Actividades inmobiliarias;Tasas de variación interanuales;2021(P);1,8
Asturias, Principado de;L. Actividades inmobiliarias;Tasas de variación interanuales;2020;-0,3
Asturias, Principado de;L. Actividades inmobiliarias;Tasas de variación interanuales;2019;2,2
Asturias, Principado de;L. Actividades inmobiliarias;Tasas de variación interanuales;2018;2,5
Asturias, Principado de;L. Actividades inmobiliarias;Tasas de variación interanuales;2017;1,4
Asturias, Principado de;L. Actividades inmobiliarias;Tasas de variación interanuales;2016;..
Asturias, Principado de;L. Actividades inmobiliarias;Estructura porcentual;2022(A);11,5
Asturias, Principado de;L. Actividades inmobiliarias;Estructura porcentual;2021(P);12,2
Asturias, Principado de;L. Actividades inmobiliarias;Estructura porcentual;2020;13,2
Asturias, Principado de;L. Actividades inmobiliarias;Estructura porcentual;2019;11,9
Asturias, Principado de;L. Actividades inmobiliarias;Estructura porcentual;2018;11,9
Asturias, Principado de;L. Actividades inmobiliarias;Estructura porcentual;2017;11,9
Asturias, Principado de;L. Actividades inmobiliarias;Estructura porcentual;2016;12,3
Asturias, Principado de;M_N. Actividades profesionales, científicas y técnicas, actividades administrativas y servicios auxiliares;Valor;2022(A);1.506.792
Asturias, Principado de;M_N. Actividades profesionales, científicas y técnicas, actividades administrativas y servicios auxiliares;Valor;2021(P);1.374.443
Asturias, Principado de;M_N. Actividades profesionales, científicas y técnicas, actividades administrativas y servicios auxiliares;Valor;2020;1.239.509
Asturias, Principado de;M_N. Actividades profesionales, científicas y técnicas, actividades administrativas y servicios auxiliares;Valor;2019;1.400.901
Asturias, Principado de;M_N. Actividades profesionales, científicas y técnicas, actividades administrativas y servicios auxiliares;Valor;2018;1.346.906
Asturias, Principado de;M_N. Actividades profesionales, científicas y técnicas, actividades administrativas y servicios auxiliares;Valor;2017;1.279.479
Asturias, Principado de;M_N. Actividades profesionales, científicas y técnicas, actividades administrativas y servicios auxiliares;Valor;2016;1.248.993
Asturias, Principado de;M_N. Actividades profesionales, científicas y técnicas, actividades administrativas y servicios auxiliares;Tasas de variación interanuales;2022(A);9,6
Asturias, Principado de;M_N. Actividades profesionales, científicas y técnicas, actividades administrativas y servicios auxiliares;Tasas de variación interanuales;2021(P);10,9
Asturias, Principado de;M_N. Actividades profesionales, científicas y técnicas, actividades administrativas y servicios auxiliares;Tasas de variación interanuales;2020;-11,5
Asturias, Principado de;M_N. Actividades profesionales, científicas y técnicas, actividades administrativas y servicios auxiliares;Tasas de variación interanuales;2019;4
Asturias, Principado de;M_N. Actividades profesionales, científicas y técnicas, actividades administrativas y servicios auxiliares;Tasas de variación interanuales;2018;5,3
Asturias, Principado de;M_N. Actividades profesionales, científicas y técnicas, actividades administrativas y servicios auxiliares;Tasas de variación interanuales;2017;2,4
Asturias, Principado de;M_N. Actividades profesionales, científicas y técnicas, actividades administrativas y servicios auxiliares;Tasas de variación interanuales;2016;..
Asturias, Principado de;M_N. Actividades profesionales, científicas y técnicas, actividades administrativas y servicios auxiliares;Estructura porcentual;2022(A);5,8
Asturias, Principado de;M_N. Actividades profesionales, científicas y técnicas, actividades administrativas y servicios auxiliares;Estructura porcentual;2021(P);5,8
Asturias, Principado de;M_N. Actividades profesionales, científicas y técnicas, actividades administrativas y servicios auxiliares;Estructura porcentual;2020;5,8
Asturias, Principado de;M_N. Actividades profesionales, científicas y técnicas, actividades administrativas y servicios auxiliares;Estructura porcentual;2019;5,9
Asturias, Principado de;M_N. Actividades profesionales, científicas y técnicas, actividades administrativas y servicios auxiliares;Estructura porcentual;2018;5,8
Asturias, Principado de;M_N. Actividades profesionales, científicas y técnicas, actividades administrativas y servicios auxiliares;Estructura porcentual;2017;5,7
Asturias, Principado de;M_N. Actividades profesionales, científicas y técnicas, actividades administrativas y servicios auxiliares;Estructura porcentual;2016;5,8
Asturias, Principado de;O_Q. Administración pública y defensa, seguridad social obligatoria, educación, actividades sanitarias y de servicios sociales;Valor;2022(A);4.441.180
Asturias, Principado de;O_Q. Administración pública y defensa, seguridad social obligatoria, educación, actividades sanitarias y de servicios sociales;Valor;2021(P);4.280.504
Asturias, Principado de;O_Q. Administración pública y defensa, seguridad social obligatoria, educación, actividades sanitarias y de servicios sociales;Valor;2020;4.229.517
Asturias, Principado de;O_Q. Administración pública y defensa, seguridad social obligatoria, educación, actividades sanitarias y de servicios sociales;Valor;2019;4.185.594
Asturias, Principado de;O_Q. Administración pública y defensa, seguridad social obligatoria, educación, actividades sanitarias y de servicios sociales;Valor;2018;4.083.936
Asturias, Principado de;O_Q. Administración pública y defensa, seguridad social obligatoria, educación, actividades sanitarias y de servicios sociales;Valor;2017;4.000.792
Asturias, Principado de;O_Q. Administración pública y defensa, seguridad social obligatoria, educación, actividades sanitarias y de servicios sociales;Valor;2016;3.870.908
Asturias, Principado de;O_Q. Administración pública y defensa, seguridad social obligatoria, educación, actividades sanitarias y de servicios sociales;Tasas de variación interanuales;2022(A);3,8
Asturias, Principado de;O_Q. Administración pública y defensa, seguridad social obligatoria, educación, actividades sanitarias y de servicios sociales;Tasas de variación interanuales;2021(P);1,2
Asturias, Principado de;O_Q. Administración pública y defensa, seguridad social obligatoria, educación, actividades sanitarias y de servicios sociales;Tasas de variación interanuales;2020;1
Asturias, Principado de;O_Q. Administración pública y defensa, seguridad social obligatoria, educación, actividades sanitarias y de servicios sociales;Tasas de variación interanuales;2019;2,5
Asturias, Principado de;O_Q. Administración pública y defensa, seguridad social obligatoria, educación, actividades sanitarias y de servicios sociales;Tasas de variación interanuales;2018;2,1
Asturias, Principado de;O_Q. Administración pública y defensa, seguridad social obligatoria, educación, actividades sanitarias y de servicios sociales;Tasas de variación interanuales;2017;3,4
Asturias, Principado de;O_Q. Administración pública y defensa, seguridad social obligatoria, educación, actividades sanitarias y de servicios sociales;Tasas de variación interanuales;2016;..
Asturias, Principado de;O_Q. Administración pública y defensa, seguridad social obligatoria, educación, actividades sanitarias y de servicios sociales;Estructura porcentual;2022(A);17,2
Asturias, Principado de;O_Q. Administración pública y defensa, seguridad social obligatoria, educación, actividades sanitarias y de servicios sociales;Estructura porcentual;2021(P);18,2
Asturias, Principado de;O_Q. Administración pública y defensa, seguridad social obligatoria, educación, actividades sanitarias y de servicios sociales;Estructura porcentual;2020;19,8
Asturias, Principado de;O_Q. Administración pública y defensa, seguridad social obligatoria, educación, actividades sanitarias y de servicios sociales;Estructura porcentual;2019;17,7
Asturias, Principado de;O_Q. Administración pública y defensa, seguridad social obligatoria, educación, actividades sanitarias y de servicios sociales;Estructura porcentual;2018;17,6
Asturias, Principado de;O_Q. Administración pública y defensa, seguridad social obligatoria, educación, actividades sanitarias y de servicios sociales;Estructura porcentual;2017;17,7
Asturias, Principado de;O_Q. Administración pública y defensa, seguridad social obligatoria, educación, actividades sanitarias y de servicios sociales;Estructura porcentual;2016;17,8
Asturias, Principado de;R_U. Actividades artísticas, recreativas y de entretenimiento, reparación de artículos de uso doméstico y otros servicios;Valor;2022(A);934.517
Asturias, Principado de;R_U. Actividades artísticas, recreativas y de entretenimiento, reparación de artículos de uso doméstico y otros servicios;Valor;2021(P);811.759
Asturias, Principado de;R_U. Actividades artísticas, recreativas y de entretenimiento, reparación de artículos de uso doméstico y otros servicios;Valor;2020;795.729
Asturias, Principado de;R_U. Actividades artísticas, recreativas y de entretenimiento, reparación de artículos de uso doméstico y otros servicios;Valor;2019;1.028.276
Asturias, Principado de;R_U. Actividades artísticas, recreativas y de entretenimiento, reparación de artículos de uso doméstico y otros servicios;Valor;2018;1.041.658
Asturias, Principado de;R_U. Actividades artísticas, recreativas y de entretenimiento, reparación de artículos de uso doméstico y otros servicios;Valor;2017;1.043.619
Asturias, Principado de;R_U. Actividades artísticas, recreativas y de entretenimiento, reparación de artículos de uso doméstico y otros servicios;Valor;2016;988.593
Asturias, Principado de;R_U. Actividades artísticas, recreativas y de entretenimiento, reparación de artículos de uso doméstico y otros servicios;Tasas de variación interanuales;2022(A);15,1
Asturias, Principado de;R_U. Actividades artísticas, recreativas y de entretenimiento, reparación de artículos de uso doméstico y otros servicios;Tasas de variación interanuales;2021(P);2
Asturias, Principado de;R_U. Actividades artísticas, recreativas y de entretenimiento, reparación de artículos de uso doméstico y otros servicios;Tasas de variación interanuales;2020;-22,6
Asturias, Principado de;R_U. Actividades artísticas, recreativas y de entretenimiento, reparación de artículos de uso doméstico y otros servicios;Tasas de variación interanuales;2019;-1,3
Asturias, Principado de;R_U. Actividades artísticas, recreativas y de entretenimiento, reparación de artículos de uso doméstico y otros servicios;Tasas de variación interanuales;2018;-0,2
Asturias, Principado de;R_U. Actividades artísticas, recreativas y de entretenimiento, reparación de artículos de uso doméstico y otros servicios;Tasas de variación interanuales;2017;5,6
Asturias, Principado de;R_U. Actividades artísticas, recreativas y de entretenimiento, reparación de artículos de uso doméstico y otros servicios;Tasas de variación interanuales;2016;..
Asturias, Principado de;R_U. Actividades artísticas, recreativas y de entretenimiento, reparación de artículos de uso doméstico y otros servicios;Estructura porcentual;2022(A);3,6
Asturias, Principado de;R_U. Actividades artísticas, recreativas y de entretenimiento, reparación de artículos de uso doméstico y otros servicios;Estructura porcentual;2021(P);3,4
Asturias, Principado de;R_U. Actividades artísticas, recreativas y de entretenimiento, reparación de artículos de uso doméstico y otros servicios;Estructura porcentual;2020;3,7
Asturias, Principado de;R_U. Actividades artísticas, recreativas y de entretenimiento, reparación de artículos de uso doméstico y otros servicios;Estructura porcentual;2019;4,3
Asturias, Principado de;R_U. Actividades artísticas, recreativas y de entretenimiento, reparación de artículos de uso doméstico y otros servicios;Estructura porcentual;2018;4,5
Asturias, Principado de;R_U. Actividades artísticas, recreativas y de entretenimiento, reparación de artículos de uso doméstico y otros servicios;Estructura porcentual;2017;4,6
Asturias, Principado de;R_U. Actividades artísticas, recreativas y de entretenimiento, reparación de artículos de uso doméstico y otros servicios;Estructura porcentual;2016;4,6
Asturias, Principado de;Valor añadido bruto total;Valor;2022(A);23.506.625
Asturias, Principado de;Valor añadido bruto total;Valor;2021(P);21.306.287
Asturias, Principado de;Valor añadido bruto total;Valor;2020;19.453.520
Asturias, Principado de;Valor añadido bruto total;Valor;2019;21.504.954
Asturias, Principado de;Valor añadido bruto total;Valor;2018;21.017.562
Asturias, Principado de;Valor añadido bruto total;Valor;2017;20.483.176
Asturias, Principado de;Valor añadido bruto total;Valor;2016;19.684.666
Asturias, Principado de;Valor añadido bruto total;Tasas de variación interanuales;2022(A);10,3
Asturias, Principado de;Valor añadido bruto total;Tasas de variación interanuales;2021(P);9,5
Asturias, Principado de;Valor añadido bruto total;Tasas de variación interanuales;2020;-9,5
Asturias, Principado de;Valor añadido bruto total;Tasas de variación interanuales;2019;2,3
Asturias, Principado de;Valor añadido bruto total;Tasas de variación interanuales;2018;2,6
Asturias, Principado de;Valor añadido bruto total;Tasas de variación interanuales;2017;4,1
Asturias, Principado de;Valor añadido bruto total;Tasas de variación interanuales;2016;..
Asturias, Principado de;Valor añadido bruto total;Estructura porcentual;2022(A);91
Asturias, Principado de;Valor añadido bruto total;Estructura porcentual;2021(P);90,5
Asturias, Principado de;Valor añadido bruto total;Estructura porcentual;2020;91,2
Asturias, Principado de;Valor añadido bruto total;Estructura porcentual;2019;90,7
Asturias, Principado de;Valor añadido bruto total;Estructura porcentual;2018;90,5
Asturias, Principado de;Valor añadido bruto total;Estructura porcentual;2017;90,7
Asturias, Principado de;Valor añadido bruto total;Estructura porcentual;2016;90,7
Asturias, Principado de;Impuestos netos sobre los productos;Valor;2022(A);2.315.791
Asturias, Principado de;Impuestos netos sobre los productos;Valor;2021(P);2.243.372
Asturias, Principado de;Impuestos netos sobre los productos;Valor;2020;1.865.628
Asturias, Principado de;Impuestos netos sobre los productos;Valor;2019;2.206.315
Asturias, Principado de;Impuestos netos sobre los productos;Valor;2018;2.207.807
Asturias, Principado de;Impuestos netos sobre los productos;Valor;2017;2.112.587
Asturias, Principado de;Impuestos netos sobre los productos;Valor;2016;2.007.888
Asturias, Principado de;Impuestos netos sobre los productos;Tasas de variación interanuales;2022(A);3,2
Asturias, Principado de;Impuestos netos sobre los productos;Tasas de variación interanuales;2021(P);20,2
Asturias, Principado de;Impuestos netos sobre los productos;Tasas de variación interanuales;2020;-15,4
Asturias, Principado de;Impuestos netos sobre los productos;Tasas de variación interanuales;2019;-0,1
Asturias, Principado de;Impuestos netos sobre los productos;Tasas de variación interanuales;2018;4,5
Asturias, Principado de;Impuestos netos sobre los productos;Tasas de variación interanuales;2017;5,2
Asturias, Principado de;Impuestos netos sobre los productos;Tasas de variación interanuales;2016;..
Asturias, Principado de;Impuestos netos sobre los productos;Estructura porcentual;2022(A);9
Asturias, Principado de;Impuestos netos sobre los productos;Estructura porcentual;2021(P);9,5
Asturias, Principado de;Impuestos netos sobre los productos;Estructura porcentual;2020;8,8
Asturias, Principado de;Impuestos netos sobre los productos;Estructura porcentual;2019;9,3
Asturias, Principado de;Impuestos netos sobre los productos;Estructura porcentual;2018;9,5
Asturias, Principado de;Impuestos netos sobre los productos;Estructura porcentual;2017;9,3
Asturias, Principado de;Impuestos netos sobre los productos;Estructura porcentual;2016;9,3
Asturias, Principado de;PRODUCTO INTERIOR BRUTO A PRECIOS DE MERCADO;Valor;2022(A);25.822.416
Asturias, Principado de;PRODUCTO INTERIOR BRUTO A PRECIOS DE MERCADO;Valor;2021(P);23.549.659
Asturias, Principado de;PRODUCTO INTERIOR BRUTO A PRECIOS DE MERCADO;Valor;2020;21.319.148
Asturias, Principado de;PRODUCTO INTERIOR BRUTO A PRECIOS DE MERCADO;Valor;2019;23.711.269
Asturias, Principado de;PRODUCTO INTERIOR BRUTO A PRECIOS DE MERCADO;Valor;2018;23.225.369
Asturias, Principado de;PRODUCTO INTERIOR BRUTO A PRECIOS DE MERCADO;Valor;2017;22.595.763
Asturias, Principado de;PRODUCTO INTERIOR BRUTO A PRECIOS DE MERCADO;Valor;2016;21.692.554
Asturias, Principado de;PRODUCTO INTERIOR BRUTO A PRECIOS DE MERCADO;Tasas de variación interanuales;2022(A);9,7
Asturias, Principado de;PRODUCTO INTERIOR BRUTO A PRECIOS DE MERCADO;Tasas de variación interanuales;2021(P);10,5
Asturias, Principado de;PRODUCTO INTERIOR BRUTO A PRECIOS DE MERCADO;Tasas de variación interanuales;2020;-10,1
Asturias, Principado de;PRODUCTO INTERIOR BRUTO A PRECIOS DE MERCADO;Tasas de variación interanuales;2019;2,1
Asturias, Principado de;PRODUCTO INTERIOR BRUTO A PRECIOS DE MERCADO;Tasas de variación interanuales;2018;2,8
Asturias, Principado de;PRODUCTO INTERIOR BRUTO A PRECIOS DE MERCADO;Tasas de variación interanuales;2017;4,2
Asturias, Principado de;PRODUCTO INTERIOR BRUTO A PRECIOS DE MERCADO;Tasas de variación interanuales;2016;..
Asturias, Principado de;PRODUCTO INTERIOR BRUTO A PRECIOS DE MERCADO;Estructura porcentual;2022(A);100
Asturias, Principado de;PRODUCTO INTERIOR BRUTO A PRECIOS DE MERCADO;Estructura porcentual;2021(P);100
Asturias, Principado de;PRODUCTO INTERIOR BRUTO A PRECIOS DE MERCADO;Estructura porcentual;2020;100
Asturias, Principado de;PRODUCTO INTERIOR BRUTO A PRECIOS DE MERCADO;Estructura porcentual;2019;100
Asturias, Principado de;PRODUCTO INTERIOR BRUTO A PRECIOS DE MERCADO;Estructura porcentual;2018;100
Asturias, Principado de;PRODUCTO INTERIOR BRUTO A PRECIOS DE MERCADO;Estructura porcentual;2017;100
Asturias, Principado de;PRODUCTO INTERIOR BRUTO A PRECIOS DE MERCADO;Estructura porcentual;2016;100
Balears, Illes;PRODUCTO INTERIOR BRUTO A PRECIOS DE MERCADO;Valor;2022(A);35.465.293
Balears, Illes;PRODUCTO INTERIOR BRUTO A PRECIOS DE MERCADO;Valor;2021(P);30.031.668
Balears, Illes;PRODUCTO INTERIOR BRUTO A PRECIOS DE MERCADO;Valor;2020;26.198.090
Balears, Illes;PRODUCTO INTERIOR BRUTO A PRECIOS DE MERCADO;Valor;2019;33.935.302
Balears, Illes;PRODUCTO INTERIOR BRUTO A PRECIOS DE MERCADO;Valor;2018;32.740.793
Balears, Illes;PRODUCTO INTERIOR BRUTO A PRECIOS DE MERCADO;Valor;2017;31.387.148
Balears, Illes;PRODUCTO INTERIOR BRUTO A PRECIOS DE MERCADO;Valor;2016;29.826.671
Balears, Illes;PRODUCTO INTERIOR BRUTO A PRECIOS DE MERCADO;Tasas de variación interanuales;2022(A);18,1
Balears, Illes;PRODUCTO INTERIOR BRUTO A PRECIOS DE MERCADO;Tasas de variación interanuales;2021(P);14,6
Balears, Illes;PRODUCTO INTERIOR BRUTO A PRECIOS DE MERCADO;Tasas de variación interanuales;2020;-22,8
Balears, Illes;PRODUCTO INTERIOR BRUTO A PRECIOS DE MERCADO;Tasas de variación interanuales;2019;3,6
Balears, Illes;PRODUCTO INTERIOR BRUTO A PRECIOS DE MERCADO;Tasas de variación interanuales;2018;4,3
Balears, Illes;PRODUCTO INTERIOR BRUTO A PRECIOS DE MERCADO;Tasas de variación interanuales;2017;5,2
Balears, Illes;PRODUCTO INTERIOR BRUTO A PRECIOS DE MERCADO;Tasas de variación interanuales;2016;..
Balears, Illes;PRODUCTO INTERIOR BRUTO A PRECIOS DE MERCADO;Estructura porcentual;2022(A);100
Balears, Illes;PRODUCTO INTERIOR BRUTO A PRECIOS DE MERCADO;Estructura porcentual;2021(P);100
Balears, Illes;PRODUCTO INTERIOR BRUTO A PRECIOS DE MERCADO;Estructura porcentual;2020;100
Balears, Illes;PRODUCTO INTERIOR BRUTO A PRECIOS DE MERCADO;Estructura porcentual;2019;100
Balears, Illes;PRODUCTO INTERIOR BRUTO A PRECIOS DE MERCADO;Estructura porcentual;2018;100
Balears, Illes;PRODUCTO INTERIOR BRUTO A PRECIOS DE MERCADO;Estructura porcentual;2017;100
Balears, Illes;PRODUCTO INTERIOR BRUTO A PRECIOS DE MERCADO;Estructura porcentual;2016;100
Balears, Illes;A. Agricultura, ganadería, silvicultura y pesca;Valor;2022(A);135.515
Balears, Illes;A. Agricultura, ganadería, silvicultura y pesca;Valor;2021(P);154.128
Balears, Illes;A. Agricultura, ganadería, silvicultura y pesca;Valor;2020;148.537
Balears, Illes;A. Agricultura, ganadería, silvicultura y pesca;Valor;2019;181.850
Balears, Illes;A. Agricultura, ganadería, silvicultura y pesca;Valor;2018;167.235
Balears, Illes;A. Agricultura, ganadería, silvicultura y pesca;Valor;2017;194.847
Balears, Illes;A. Agricultura, ganadería, silvicultura y pesca;Valor;2016;208.673
Balears, Illes;A. Agricultura, ganadería, silvicultura y pesca;Tasas de variación interanuales;2022(A);-12,1
Balears, Illes;A. Agricultura, ganadería, silvicultura y pesca;Tasas de variación interanuales;2021(P);3,8
Balears, Illes;A. Agricultura, ganadería, silvicultura y pesca;Tasas de variación interanuales;2020;-18,3
Balears, Illes;A. Agricultura, ganadería, silvicultura y pesca;Tasas de variación interanuales;2019;8,7
Balears, Illes;A. Agricultura, ganadería, silvicultura y pesca;Tasas de variación interanuales;2018;-14,2
Balears, Illes;A. Agricultura, ganadería, silvicultura y pesca;Tasas de variación interanuales;2017;-6,6
Balears, Illes;A. Agricultura, ganadería, silvicultura y pesca;Tasas de variación interanuales;2016;..
Balears, Illes;A. Agricultura, ganadería, silvicultura y pesca;Estructura porcentual;2022(A);0,4
Balears, Illes;A. Agricultura, ganadería, silvicultura y pesca;Estructura porcentual;2021(P);0,5
Balears, Illes;A. Agricultura, ganadería, silvicultura y pesca;Estructura porcentual;2020;0,6
Balears, Illes;A. Agricultura, ganadería, silvicultura y pesca;Estructura porcentual;2019;0,5
Balears, Illes;A. Agricultura, ganadería, silvicultura y pesca;Estructura porcentual;2018;0,5
Balears, Illes;A. Agricultura, ganadería, silvicultura y pesca;Estructura porcentual;2017;0,6
Balears, Illes;A. Agricultura, ganadería, silvicultura y pesca;Estructura porcentual;2016;0,7
Balears, Illes;B_E. Industrias extractivas, industria manufacturera, suministro de energía eléctrica, gas, vapor y aire acondicionado, suministro de agua, actividades de saneamiento, gestión de residuos y descontaminación;Valor;2022(A);2.236.932
Balears, Illes;B_E. Industrias extractivas, industria manufacturera, suministro de energía eléctrica, gas, vapor y aire acondicionado, suministro de agua, actividades de saneamiento, gestión de residuos y descontaminación;Valor;2021(P);1.806.386
Balears, Illes;B_E. Industrias extractivas, industria manufacturera, suministro de energía eléctrica, gas, vapor y aire acondicionado, suministro de agua, actividades de saneamiento, gestión de residuos y descontaminación;Valor;2020;1.674.865
Balears, Illes;B_E. Industrias extractivas, industria manufacturera, suministro de energía eléctrica, gas, vapor y aire acondicionado, suministro de agua, actividades de saneamiento, gestión de residuos y descontaminación;Valor;2019;1.791.348
Balears, Illes;B_E. Industrias extractivas, industria manufacturera, suministro de energía eléctrica, gas, vapor y aire acondicionado, suministro de agua, actividades de saneamiento, gestión de residuos y descontaminación;Valor;2018;1.752.627
Balears, Illes;B_E. Industrias extractivas, industria manufacturera, suministro de energía eléctrica, gas, vapor y aire acondicionado, suministro de agua, actividades de saneamiento, gestión de residuos y descontaminación;Valor;2017;1.732.092
Balears, Illes;B_E. Industrias extractivas, industria manufacturera, suministro de energía eléctrica, gas, vapor y aire acondicionado, suministro de agua, actividades de saneamiento, gestión de residuos y descontaminación;Valor;2016;1.680.296
Balears, Illes;B_E. Industrias extractivas, industria manufacturera, suministro de energía eléctrica, gas, vapor y aire acondicionado, suministro de agua, actividades de saneamiento, gestión de residuos y descontaminación;Tasas de variación interanuales;2022(A);23,8
Balears, Illes;B_E. Industrias extractivas, industria manufacturera, suministro de energía eléctrica, gas, vapor y aire acondicionado, suministro de agua, actividades de saneamiento, gestión de residuos y descontaminación;Tasas de variación interanuales;2021(P);7,9
Balears, Illes;B_E. Industrias extractivas, industria manufacturera, suministro de energía eléctrica, gas, vapor y aire acondicionado, suministro de agua, actividades de saneamiento, gestión de residuos y descontaminación;Tasas de variación interanuales;2020;-6,5
Balears, Illes;B_E. Industrias extractivas, industria manufacturera, suministro de energía eléctrica, gas, vapor y aire acondicionado, suministro de agua, actividades de saneamiento, gestión de residuos y descontaminación;Tasas de variación interanuales;2019;2,2
Balears, Illes;B_E. Industrias extractivas, industria manufacturera, suministro de energía eléctrica, gas, vapor y aire acondicionado, suministro de agua, actividades de saneamiento, gestión de residuos y descontaminación;Tasas de variación interanuales;2018;1,2
Balears, Illes;B_E. Industrias extractivas, industria manufacturera, suministro de energía eléctrica, gas, vapor y aire acondicionado, suministro de agua, actividades de saneamiento, gestión de residuos y descontaminación;Tasas de variación interanuales;2017;3,1
Balears, Illes;B_E. Industrias extractivas, industria manufacturera, suministro de energía eléctrica, gas, vapor y aire acondicionado, suministro de agua, actividades de saneamiento, gestión de residuos y descontaminación;Tasas de variación interanuales;2016;..
Balears, Illes;B_E. Industrias extractivas, industria manufacturera, suministro de energía eléctrica, gas, vapor y aire acondicionado, suministro de agua, actividades de saneamiento, gestión de residuos y descontaminación;Estructura porcentual;2022(A);6,3
Balears, Illes;B_E. Industrias extractivas, industria manufacturera, suministro de energía eléctrica, gas, vapor y aire acondicionado, suministro de agua, actividades de saneamiento, gestión de residuos y descontaminación;Estructura porcentual;2021(P);6
Balears, Illes;B_E. Industrias extractivas, industria manufacturera, suministro de energía eléctrica, gas, vapor y aire acondicionado, suministro de agua, actividades de saneamiento, gestión de residuos y descontaminación;Estructura porcentual;2020;6,4
Balears, Illes;B_E. Industrias extractivas, industria manufacturera, suministro de energía eléctrica, gas, vapor y aire acondicionado, suministro de agua, actividades de saneamiento, gestión de residuos y descontaminación;Estructura porcentual;2019;5,3
Balears, Illes;B_E. Industrias extractivas, industria manufacturera, suministro de energía eléctrica, gas, vapor y aire acondicionado, suministro de agua, actividades de saneamiento, gestión de residuos y descontaminación;Estructura porcentual;2018;5,4
Balears, Illes;B_E. Industrias extractivas, industria manufacturera, suministro de energía eléctrica, gas, vapor y aire acondicionado, suministro de agua, actividades de saneamiento, gestión de residuos y descontaminación;Estructura porcentual;2017;5,5
Balears, Illes;B_E. Industrias extractivas, industria manufacturera, suministro de energía eléctrica, gas, vapor y aire acondicionado, suministro de agua, actividades de saneamiento, gestión de residuos y descontaminación;Estructura porcentual;2016;5,6
Balears, Illes;C. - De las cuales: Industria manufacturera;Valor;2022(A);886.167
Balears, Illes;C. - De las cuales: Industria manufacturera;Valor;2021(P);775.341
Balears, Illes;C. - De las cuales: Industria manufacturera;Valor;2020;739.139
Balears, Illes;C. - De las cuales: Industria manufacturera;Valor;2019;843.963
Balears, Illes;C. - De las cuales: Industria manufacturera;Valor;2018;809.077
Balears, Illes;C. - De las cuales: Industria manufacturera;Valor;2017;796.964
Balears, Illes;C. - De las cuales: Industria manufacturera;Valor;2016;783.061
Balears, Illes;C. - De las cuales: Industria manufacturera;Tasas de variación interanuales;2022(A);14,3
Balears, Illes;C. - De las cuales: Industria manufacturera;Tasas de variación interanuales;2021(P);4,9
Balears, Illes;C. - De las cuales: Industria manufacturera;Tasas de variación interanuales;2020;-12,4
Balears, Illes;C. - De las cuales: Industria manufacturera;Tasas de variación interanuales;2019;4,3
Balears, Illes;C. - De las cuales: Industria manufacturera;Tasas de variación interanuales;2018;1,5
Balears, Illes;C. - De las cuales: Industria manufacturera;Tasas de variación interanuales;2017;1,8
Balears, Illes;C. - De las cuales: Industria manufacturera;Tasas de variación interanuales;2016;..
Balears, Illes;C. - De las cuales: Industria manufacturera;Estructura porcentual;2022(A);2,5
Balears, Illes;C. - De las cuales: Industria manufacturera;Estructura porcentual;2021(P);2,6
Balears, Illes;C. - De las cuales: Industria manufacturera;Estructura porcentual;2020;2,8
Balears, Illes;C. - De las cuales: Industria manufacturera;Estructura porcentual;2019;2,5
Balears, Illes;C. - De las cuales: Industria manufacturera;Estructura porcentual;2018;2,5
Balears, Illes;C. - De las cuales: Industria manufacturera;Estructura porcentual;2017;2,5
Balears, Illes;C. - De las cuales: Industria manufacturera;Estructura porcentual;2016;2,6
Balears, Illes;F. Construcción;Valor;2022(A);2.243.743
Balears, Illes;F. Construcción;Valor;2021(P);2.146.768
Balears, Illes;F. Construcción;Valor;2020;2.151.854
Balears, Illes;F. Construcción;Valor;2019;2.447.974
Balears, Illes;F. Construcción;Valor;2018;2.175.371
Balears, Illes;F. Construcción;Valor;2017;2.147.979
Balears, Illes;F. Construcción;Valor;2016;2.028.122
Balears, Illes;F. Construcción;Tasas de variación interanuales;2022(A);4,5
Balears, Illes;F. Construcción;Tasas de variación interanuales;2021(P);-0,2
Balears, Illes;F. Construcción;Tasas de variación interanuales;2020;-12,1
Balears, Illes;F. Construcción;Tasas de variación interanuales;2019;12,5
Balears, Illes;F. Construcción;Tasas de variación interanuales;2018;1,3
Balears, Illes;F. Construcción;Tasas de variación interanuales;2017;5,9
Balears, Illes;F. Construcción;Tasas de variación interanuales;2016;..
Balears, Illes;F. Construcción;Estructura porcentual;2022(A);6,3
Balears, Illes;F. Construcción;Estructura porcentual;2021(P);7,1
Balears, Illes;F. Construcción;Estructura porcentual;2020;8,2
Balears, Illes;F. Construcción;Estructura porcentual;2019;7,2
Balears, Illes;F. Construcción;Estructura porcentual;2018;6,6
Balears, Illes;F. Construcción;Estructura porcentual;2017;6,8
Balears, Illes;F. Construcción;Estructura porcentual;2016;6,8
Balears, Illes;G_I. Comercio al por mayor y al por menor, reparación de vehículos de motor y motocicletas, transporte y almacenamiento, hostelería;Valor;2022(A);11.735.431
Balears, Illes;G_I. Comercio al por mayor y al por menor, reparación de vehículos de motor y motocicletas, transporte y almacenamiento, hostelería;Valor;2021(P);8.306.374
Balears, Illes;G_I. Comercio al por mayor y al por menor, reparación de vehículos de motor y motocicletas, transporte y almacenamiento, hostelería;Valor;2020;5.772.632
Balears, Illes;G_I. Comercio al por mayor y al por menor, reparación de vehículos de motor y motocicletas, transporte y almacenamiento, hostelería;Valor;2019;11.077.494
Balears, Illes;G_I. Comercio al por mayor y al por menor, reparación de vehículos de motor y motocicletas, transporte y almacenamiento, hostelería;Valor;2018;10.860.282
Balears, Illes;G_I. Comercio al por mayor y al por menor, reparación de vehículos de motor y motocicletas, transporte y almacenamiento, hostelería;Valor;2017;10.435.914
Balears, Illes;G_I. Comercio al por mayor y al por menor, reparación de vehículos de motor y motocicletas, transporte y almacenamiento, hostelería;Valor;2016;9.762.816
Balears, Illes;G_I. Comercio al por mayor y al por menor, reparación de vehículos de motor y motocicletas, transporte y almacenamiento, hostelería;Tasas de variación interanuales;2022(A);41,3
Balears, Illes;G_I. Comercio al por mayor y al por menor, reparación de vehículos de motor y motocicletas, transporte y almacenamiento, hostelería;Tasas de variación interanuales;2021(P);43,9
Balears, Illes;G_I. Comercio al por mayor y al por menor, reparación de vehículos de motor y motocicletas, transporte y almacenamiento, hostelería;Tasas de variación interanuales;2020;-47,9
Balears, Illes;G_I. Comercio al por mayor y al por menor, reparación de vehículos de motor y motocicletas, transporte y almacenamiento, hostelería;Tasas de variación interanuales;2019;2
Balears, Illes;G_I. Comercio al por mayor y al por menor, reparación de vehículos de motor y motocicletas, transporte y almacenamiento, hostelería;Tasas de variación interanuales;2018;4,1
Balears, Illes;G_I. Comercio al por mayor y al por menor, reparación de vehículos de motor y motocicletas, transporte y almacenamiento, hostelería;Tasas de variación interanuales;2017;6,9
Balears, Illes;G_I. Comercio al por mayor y al por menor, reparación de vehículos de motor y motocicletas, transporte y almacenamiento, hostelería;Tasas de variación interanuales;2016;..
Balears, Illes;G_I. Comercio al por mayor y al por menor, reparación de vehículos de motor y motocicletas, transporte y almacenamiento, hostelería;Estructura porcentual;2022(A);33,1
Balears, Illes;G_I. Comercio al por mayor y al por menor, reparación de vehículos de motor y motocicletas, transporte y almacenamiento, hostelería;Estructura porcentual;2021(P);27,7
Balears, Illes;G_I. Comercio al por mayor y al por menor, reparación de vehículos de motor y motocicletas, transporte y almacenamiento, hostelería;Estructura porcentual;2020;22
Balears, Illes;G_I. Comercio al por mayor y al por menor, reparación de vehículos de motor y motocicletas, transporte y almacenamiento, hostelería;Estructura porcentual;2019;32,6
Balears, Illes;G_I. Comercio al por mayor y al por menor, reparación de vehículos de motor y motocicletas, transporte y almacenamiento, hostelería;Estructura porcentual;2018;33,2
Balears, Illes;G_I. Comercio al por mayor y al por menor, reparación de vehículos de motor y motocicletas, transporte y almacenamiento, hostelería;Estructura porcentual;2017;33,2
Balears, Illes;G_I. Comercio al por mayor y al por menor, reparación de vehículos de motor y motocicletas, transporte y almacenamiento, hostelería;Estructura porcentual;2016;32,7
Balears, Illes;J. Información y comunicaciones;Valor;2022(A);613.410
Balears, Illes;J. Información y comunicaciones;Valor;2021(P);570.190
Balears, Illes;J. Información y comunicaciones;Valor;2020;538.044
Balears, Illes;J. Información y comunicaciones;Valor;2019;575.767
Balears, Illes;J. Información y comunicaciones;Valor;2018;532.969
Balears, Illes;J. Información y comunicaciones;Valor;2017;524.390
Balears, Illes;J. Información y comunicaciones;Valor;2016;510.936
Balears, Illes;J. Información y comunicaciones;Tasas de variación interanuales;2022(A);7,6
Balears, Illes;J. Información y comunicaciones;Tasas de variación interanuales;2021(P);6
Balears, Illes;J. Información y comunicaciones;Tasas de variación interanuales;2020;-6,6
Balears, Illes;J. Información y comunicaciones;Tasas de variación interanuales;2019;8
Balears, Illes;J. Información y comunicaciones;Tasas de variación interanuales;2018;1,6
Balears, Illes;J. Información y comunicaciones;Tasas de variación interanuales;2017;2,6
Balears, Illes;J. Información y comunicaciones;Tasas de variación interanuales;2016;..
Balears, Illes;J. Información y comunicaciones;Estructura porcentual;2022(A);1,7
Balears, Illes;J. Información y comunicaciones;Estructura porcentual;2021(P);1,9
Balears, Illes;J. Información y comunicaciones;Estructura porcentual;2020;2,1
Balears, Illes;J. Información y comunicaciones;Estructura porcentual;2019;1,7
Balears, Illes;J. Información y comunicaciones;Estructura porcentual;2018;1,6
Balears, Illes;J. Información y comunicaciones;Estructura porcentual;2017;1,7
Balears, Illes;J. Información y comunicaciones;Estructura porcentual;2016;1,7
Balears, Illes;K. Actividades financieras y de seguros;Valor;2022(A);1.162.871
Balears, Illes;K. Actividades financieras y de seguros;Valor;2021(P);1.011.843
Balears, Illes;K. Actividades financieras y de seguros;Valor;2020;1.000.235
Balears, Illes;K. Actividades financieras y de seguros;Valor;2019;966.589
Balears, Illes;K. Actividades financieras y de seguros;Valor;2018;976.001
Balears, Illes;K. Actividades financieras y de seguros;Valor;2017;891.783
Balears, Illes;K. Actividades financieras y de seguros;Valor;2016;828.501
Balears, Illes;K. Actividades financieras y de seguros;Tasas de variación interanuales;2022(A);14,9
Balears, Illes;K. Actividades financieras y de seguros;Tasas de variación interanuales;2021(P);1,2
Balears, Illes;K. Actividades financieras y de seguros;Tasas de variación interanuales;2020;3,5
Balears, Illes;K. Actividades financieras y de seguros;Tasas de variación interanuales;2019;-1
Balears, Illes;K. Actividades financieras y de seguros;Tasas de variación interanuales;2018;9,4
Balears, Illes;K. Actividades financieras y de seguros;Tasas de variación interanuales;2017;7,6
Balears, Illes;K. Actividades financieras y de seguros;Tasas de variación interanuales;2016;..
Balears, Illes;K. Actividades financieras y de seguros;Estructura porcentual;2022(A);3,3
Balears, Illes;K. Actividades financieras y de seguros;Estructura porcentual;2021(P);3,4
Balears, Illes;K. Actividades financieras y de seguros;Estructura porcentual;2020;3,8
Balears, Illes;K. Actividades financieras y de seguros;Estructura porcentual;2019;2,8
Balears, Illes;K. Actividades financieras y de seguros;Estructura porcentual;2018;3
Balears, Illes;K. Actividades financieras y de seguros;Estructura porcentual;2017;2,8
Balears, Illes;K. Actividades financieras y de seguros;Estructura porcentual;2016;2,8
Balears, Illes;L. Actividades inmobiliarias;Valor;2022(A);4.953.023
Balears, Illes;L. Actividades inmobiliarias;Valor;2021(P);4.718.453
Balears, Illes;L. Actividades inmobiliarias;Valor;2020;4.593.488
Balears, Illes;L. Actividades inmobiliarias;Valor;2019;4.612.795
Balears, Illes;L. Actividades inmobiliarias;Valor;2018;4.464.072
Balears, Illes;L. Actividades inmobiliarias;Valor;2017;4.223.115
Balears, Illes;L. Actividades inmobiliarias;Valor;2016;4.091.180
Balears, Illes;L. Actividades inmobiliarias;Tasas de variación interanuales;2022(A);5
Balears, Illes;L. Actividades inmobiliarias;Tasas de variación interanuales;2021(P);2,7
Balears, Illes;L. Actividades inmobiliarias;Tasas de variación interanuales;2020;-0,4
Balears, Illes;L. Actividades inmobiliarias;Tasas de variación interanuales;2019;3,3
Balears, Illes;L. Actividades inmobiliarias;Tasas de variación interanuales;2018;5,7
Balears, Illes;L. Actividades inmobiliarias;Tasas de variación interanuales;2017;3,2
Balears, Illes;L. Actividades inmobiliarias;Tasas de variación interanuales;2016;..
Balears, Illes;L. Actividades inmobiliarias;Estructura porcentual;2022(A);14
Balears, Illes;L. Actividades inmobiliarias;Estructura porcentual;2021(P);15,7
Balears, Illes;L. Actividades inmobiliarias;Estructura porcentual;2020;17,5
Balears, Illes;L. Actividades inmobiliarias;Estructura porcentual;2019;13,6
Balears, Illes;L. Actividades inmobiliarias;Estructura porcentual;2018;13,6
Balears, Illes;L. Actividades inmobiliarias;Estructura porcentual;2017;13,5
Balears, Illes;L. Actividades inmobiliarias;Estructura porcentual;2016;13,7
Balears, Illes;M_N. Actividades profesionales, científicas y técnicas, actividades administrativas y servicios auxiliares;Valor;2022(A);2.770.911
Balears, Illes;M_N. Actividades profesionales, científicas y técnicas, actividades administrativas y servicios auxiliares;Valor;2021(P);2.385.970
Balears, Illes;M_N. Actividades profesionales, científicas y técnicas, actividades administrativas y servicios auxiliares;Valor;2020;2.165.073
Balears, Illes;M_N. Actividades profesionales, científicas y técnicas, actividades administrativas y servicios auxiliares;Valor;2019;2.948.407
Balears, Illes;M_N. Actividades profesionales, científicas y técnicas, actividades administrativas y servicios auxiliares;Valor;2018;2.807.225
Balears, Illes;M_N. Actividades profesionales, científicas y técnicas, actividades administrativas y servicios auxiliares;Valor;2017;2.591.591
Balears, Illes;M_N. Actividades profesionales, científicas y técnicas, actividades administrativas y servicios auxiliares;Valor;2016;2.477.802
Balears, Illes;M_N. Actividades profesionales, científicas y técnicas, actividades administrativas y servicios auxiliares;Tasas de variación interanuales;2022(A);16,1
Balears, Illes;M_N. Actividades profesionales, científicas y técnicas, actividades administrativas y servicios auxiliares;Tasas de variación interanuales;2021(P);10,2
Balears, Illes;M_N. Actividades profesionales, científicas y técnicas, actividades administrativas y servicios auxiliares;Tasas de variación interanuales;2020;-26,6
Balears, Illes;M_N. Actividades profesionales, científicas y técnicas, actividades administrativas y servicios auxiliares;Tasas de variación interanuales;2019;5
Balears, Illes;M_N. Actividades profesionales, científicas y técnicas, actividades administrativas y servicios auxiliares;Tasas de variación interanuales;2018;8,3
Balears, Illes;M_N. Actividades profesionales, científicas y técnicas, actividades administrativas y servicios auxiliares;Tasas de variación interanuales;2017;4,6
Balears, Illes;M_N. Actividades profesionales, científicas y técnicas, actividades administrativas y servicios auxiliares;Tasas de variación interanuales;2016;..
Balears, Illes;M_N. Actividades profesionales, científicas y técnicas, actividades administrativas y servicios auxiliares;Estructura porcentual;2022(A);7,8
Balears, Illes;M_N. Actividades profesionales, científicas y técnicas, actividades administrativas y servicios auxiliares;Estructura porcentual;2021(P);7,9
Balears, Illes;M_N. Actividades profesionales, científicas y técnicas, actividades administrativas y servicios auxiliares;Estructura porcentual;2020;8,3
Balears, Illes;M_N. Actividades profesionales, científicas y técnicas, actividades administrativas y servicios auxiliares;Estructura porcentual;2019;8,7
Balears, Illes;M_N. Actividades profesionales, científicas y técnicas, actividades administrativas y servicios auxiliares;Estructura porcentual;2018;8,6
Balears, Illes;M_N. Actividades profesionales, científicas y técnicas, actividades administrativas y servicios auxiliares;Estructura porcentual;2017;8,3
Balears, Illes;M_N. Actividades profesionales, científicas y técnicas, actividades administrativas y servicios auxiliares;Estructura porcentual;2016;8,3
Balears, Illes;O_Q. Administración pública y defensa, seguridad social obligatoria, educación, actividades sanitarias y de servicios sociales;Valor;2022(A);5.011.438
Balears, Illes;O_Q. Administración pública y defensa, seguridad social obligatoria, educación, actividades sanitarias y de servicios sociales;Valor;2021(P);4.865.261
Balears, Illes;O_Q. Administración pública y defensa, seguridad social obligatoria, educación, actividades sanitarias y de servicios sociales;Valor;2020;4.714.066
Balears, Illes;O_Q. Administración pública y defensa, seguridad social obligatoria, educación, actividades sanitarias y de servicios sociales;Valor;2019;4.601.399
Balears, Illes;O_Q. Administración pública y defensa, seguridad social obligatoria, educación, actividades sanitarias y de servicios sociales;Valor;2018;4.359.200
Balears, Illes;O_Q. Administración pública y defensa, seguridad social obligatoria, educación, actividades sanitarias y de servicios sociales;Valor;2017;4.251.477
Balears, Illes;O_Q. Administración pública y defensa, seguridad social obligatoria, educación, actividades sanitarias y de servicios sociales;Valor;2016;4.085.577
Balears, Illes;O_Q. Administración pública y defensa, seguridad social obligatoria, educación, actividades sanitarias y de servicios sociales;Tasas de variación interanuales;2022(A);3
Balears, Illes;O_Q. Administración pública y defensa, seguridad social obligatoria, educación, actividades sanitarias y de servicios sociales;Tasas de variación interanuales;2021(P);3,2
Balears, Illes;O_Q. Administración pública y defensa, seguridad social obligatoria, educación, actividades sanitarias y de servicios sociales;Tasas de variación interanuales;2020;2,4
Balears, Illes;O_Q. Administración pública y defensa, seguridad social obligatoria, educación, actividades sanitarias y de servicios sociales;Tasas de variación interanuales;2019;5,6
Balears, Illes;O_Q. Administración pública y defensa, seguridad social obligatoria, educación, actividades sanitarias y de servicios sociales;Tasas de variación interanuales;2018;2,5
Balears, Illes;O_Q. Administración pública y defensa, seguridad social obligatoria, educación, actividades sanitarias y de servicios sociales;Tasas de variación interanuales;2017;4,1
Balears, Illes;O_Q. Administración pública y defensa, seguridad social obligatoria, educación, actividades sanitarias y de servicios sociales;Tasas de variación interanuales;2016;..
Balears, Illes;O_Q. Administración pública y defensa, seguridad social obligatoria, educación, actividades sanitarias y de servicios sociales;Estructura porcentual;2022(A);14,1
Balears, Illes;O_Q. Administración pública y defensa, seguridad social obligatoria, educación, actividades sanitarias y de servicios sociales;Estructura porcentual;2021(P);16,2
Balears, Illes;O_Q. Administración pública y defensa, seguridad social obligatoria, educación, actividades sanitarias y de servicios sociales;Estructura porcentual;2020;18
Balears, Illes;O_Q. Administración pública y defensa, seguridad social obligatoria, educación, actividades sanitarias y de servicios sociales;Estructura porcentual;2019;13,6
Balears, Illes;O_Q. Administración pública y defensa, seguridad social obligatoria, educación, actividades sanitarias y de servicios sociales;Estructura porcentual;2018;13,3
Balears, Illes;O_Q. Administración pública y defensa, seguridad social obligatoria, educación, actividades sanitarias y de servicios sociales;Estructura porcentual;2017;13,5
Balears, Illes;O_Q. Administración pública y defensa, seguridad social obligatoria, educación, actividades sanitarias y de servicios sociales;Estructura porcentual;2016;13,7
Balears, Illes;R_U. Actividades artísticas, recreativas y de entretenimiento, reparación de artículos de uso doméstico y otros servicios;Valor;2022(A);1.421.441
Balears, Illes;R_U. Actividades artísticas, recreativas y de entretenimiento, reparación de artículos de uso doméstico y otros servicios;Valor;2021(P);1.205.438
Balears, Illes;R_U. Actividades artísticas, recreativas y de entretenimiento, reparación de artículos de uso doméstico y otros servicios;Valor;2020;1.146.714
Balears, Illes;R_U. Actividades artísticas, recreativas y de entretenimiento, reparación de artículos de uso doméstico y otros servicios;Valor;2019;1.574.026
Balears, Illes;R_U. Actividades artísticas, recreativas y de entretenimiento, reparación de artículos de uso doméstico y otros servicios;Valor;2018;1.533.467
Balears, Illes;R_U. Actividades artísticas, recreativas y de entretenimiento, reparación de artículos de uso doméstico y otros servicios;Valor;2017;1.459.424
Balears, Illes;R_U. Actividades artísticas, recreativas y de entretenimiento, reparación de artículos de uso doméstico y otros servicios;Valor;2016;1.391.977
Balears, Illes;R_U. Actividades artísticas, recreativas y de entretenimiento, reparación de artículos de uso doméstico y otros servicios;Tasas de variación interanuales;2022(A);17,9
Balears, Illes;R_U. Actividades artísticas, recreativas y de entretenimiento, reparación de artículos de uso doméstico y otros servicios;Tasas de variación interanuales;2021(P);5,1
Balears, Illes;R_U. Actividades artísticas, recreativas y de entretenimiento, reparación de artículos de uso doméstico y otros servicios;Tasas de variación interanuales;2020;-27,1
Balears, Illes;R_U. Actividades artísticas, recreativas y de entretenimiento, reparación de artículos de uso doméstico y otros servicios;Tasas de variación interanuales;2019;2,6
Balears, Illes;R_U. Actividades artísticas, recreativas y de entretenimiento, reparación de artículos de uso doméstico y otros servicios;Tasas de variación interanuales;2018;5,1
Balears, Illes;R_U. Actividades artísticas, recreativas y de entretenimiento, reparación de artículos de uso doméstico y otros servicios;Tasas de variación interanuales;2017;4,8
Balears, Illes;R_U. Actividades artísticas, recreativas y de entretenimiento, reparación de artículos de uso doméstico y otros servicios;Tasas de variación interanuales;2016;..
Balears, Illes;R_U. Actividades artísticas, recreativas y de entretenimiento, reparación de artículos de uso doméstico y otros servicios;Estructura porcentual;2022(A);4
Balears, Illes;R_U. Actividades artísticas, recreativas y de entretenimiento, reparación de artículos de uso doméstico y otros servicios;Estructura porcentual;2021(P);4
Balears, Illes;R_U. Actividades artísticas, recreativas y de entretenimiento, reparación de artículos de uso doméstico y otros servicios;Estructura porcentual;2020;4,4
Balears, Illes;R_U. Actividades artísticas, recreativas y de entretenimiento, reparación de artículos de uso doméstico y otros servicios;Estructura porcentual;2019;4,6
Balears, Illes;R_U. Actividades artísticas, recreativas y de entretenimiento, reparación de artículos de uso doméstico y otros servicios;Estructura porcentual;2018;4,7
Balears, Illes;R_U. Actividades artísticas, recreativas y de entretenimiento, reparación de artículos de uso doméstico y otros servicios;Estructura porcentual;2017;4,6
Balears, Illes;R_U. Actividades artísticas, recreativas y de entretenimiento, reparación de artículos de uso doméstico y otros servicios;Estructura porcentual;2016;4,7
Balears, Illes;Valor añadido bruto total;Valor;2022(A);32.284.715
Balears, Illes;Valor añadido bruto total;Valor;2021(P);27.170.811
Balears, Illes;Valor añadido bruto total;Valor;2020;23.905.508
Balears, Illes;Valor añadido bruto total;Valor;2019;30.777.649
Balears, Illes;Valor añadido bruto total;Valor;2018;29.628.449
Balears, Illes;Valor añadido bruto total;Valor;2017;28.452.612
Balears, Illes;Valor añadido bruto total;Valor;2016;27.065.880
Balears, Illes;Valor añadido bruto total;Tasas de variación interanuales;2022(A);18,8
Balears, Illes;Valor añadido bruto total;Tasas de variación interanuales;2021(P);13,7
Balears, Illes;Valor añadido bruto total;Tasas de variación interanuales;2020;-22,3
Balears, Illes;Valor añadido bruto total;Tasas de variación interanuales;2019;3,9
Balears, Illes;Valor añadido bruto total;Tasas de variación interanuales;2018;4,1
Balears, Illes;Valor añadido bruto total;Tasas de variación interanuales;2017;5,1
Balears, Illes;Valor añadido bruto total;Tasas de variación interanuales;2016;..
Balears, Illes;Valor añadido bruto total;Estructura porcentual;2022(A);91
Balears, Illes;Valor añadido bruto total;Estructura porcentual;2021(P);90,5
Balears, Illes;Valor añadido bruto total;Estructura porcentual;2020;91,2
Balears, Illes;Valor añadido bruto total;Estructura porcentual;2019;90,7
Balears, Illes;Valor añadido bruto total;Estructura porcentual;2018;90,5
Balears, Illes;Valor añadido bruto total;Estructura porcentual;2017;90,7
Balears, Illes;Valor añadido bruto total;Estructura porcentual;2016;90,7
Balears, Illes;Impuestos netos sobre los productos;Valor;2022(A);3.180.578
Balears, Illes;Impuestos netos sobre los productos;Valor;2021(P);2.860.857
Balears, Illes;Impuestos netos sobre los productos;Valor;2020;2.292.582
Balears, Illes;Impuestos netos sobre los productos;Valor;2019;3.157.653
Balears, Illes;Impuestos netos sobre los productos;Valor;2018;3.112.344
Balears, Illes;Impuestos netos sobre los productos;Valor;2017;2.934.536
Balears, Illes;Impuestos netos sobre los productos;Valor;2016;2.760.791
Balears, Illes;Impuestos netos sobre los productos;Tasas de variación interanuales;2022(A);11,2
Balears, Illes;Impuestos netos sobre los productos;Tasas de variación interanuales;2021(P);24,8
Balears, Illes;Impuestos netos sobre los productos;Tasas de variación interanuales;2020;-27,4
Balears, Illes;Impuestos netos sobre los productos;Tasas de variación interanuales;2019;1,5
Balears, Illes;Impuestos netos sobre los productos;Tasas de variación interanuales;2018;6,1
Balears, Illes;Impuestos netos sobre los productos;Tasas de variación interanuales;2017;6,3
Balears, Illes;Impuestos netos sobre los productos;Tasas de variación interanuales;2016;..
Balears, Illes;Impuestos netos sobre los productos;Estructura porcentual;2022(A);9
Balears, Illes;Impuestos netos sobre los productos;Estructura porcentual;2021(P);9,5
Balears, Illes;Impuestos netos sobre los productos;Estructura porcentual;2020;8,8
Balears, Illes;Impuestos netos sobre los productos;Estructura porcentual;2019;9,3
Balears, Illes;Impuestos netos sobre los productos;Estructura porcentual;2018;9,5
Balears, Illes;Impuestos netos sobre los productos;Estructura porcentual;2017;9,3
Balears, Illes;Impuestos netos sobre los productos;Estructura porcentual;2016;9,3
Balears, Illes;PRODUCTO INTERIOR BRUTO A PRECIOS DE MERCADO;Valor;2022(A);35.465.293
Balears, Illes;PRODUCTO INTERIOR BRUTO A PRECIOS DE MERCADO;Valor;2021(P);30.031.668
Balears, Illes;PRODUCTO INTERIOR BRUTO A PRECIOS DE MERCADO;Valor;2020;26.198.090
Balears, Illes;PRODUCTO INTERIOR BRUTO A PRECIOS DE MERCADO;Valor;2019;33.935.302
Balears, Illes;PRODUCTO INTERIOR BRUTO A PRECIOS DE MERCADO;Valor;2018;32.740.793
Balears, Illes;PRODUCTO INTERIOR BRUTO A PRECIOS DE MERCADO;Valor;2017;31.387.148
Balears, Illes;PRODUCTO INTERIOR BRUTO A PRECIOS DE MERCADO;Valor;2016;29.826.671
Balears, Illes;PRODUCTO INTERIOR BRUTO A PRECIOS DE MERCADO;Tasas de variación interanuales;2022(A);18,1
Balears, Illes;PRODUCTO INTERIOR BRUTO A PRECIOS DE MERCADO;Tasas de variación interanuales;2021(P);14,6
Balears, Illes;PRODUCTO INTERIOR BRUTO A PRECIOS DE MERCADO;Tasas de variación interanuales;2020;-22,8
Balears, Illes;PRODUCTO INTERIOR BRUTO A PRECIOS DE MERCADO;Tasas de variación interanuales;2019;3,6
Balears, Illes;PRODUCTO INTERIOR BRUTO A PRECIOS DE MERCADO;Tasas de variación interanuales;2018;4,3
Balears, Illes;PRODUCTO INTERIOR BRUTO A PRECIOS DE MERCADO;Tasas de variación interanuales;2017;5,2
Balears, Illes;PRODUCTO INTERIOR BRUTO A PRECIOS DE MERCADO;Tasas de variación interanuales;2016;..
Balears, Illes;PRODUCTO INTERIOR BRUTO A PRECIOS DE MERCADO;Estructura porcentual;2022(A);100
Balears, Illes;PRODUCTO INTERIOR BRUTO A PRECIOS DE MERCADO;Estructura porcentual;2021(P);100
Balears, Illes;PRODUCTO INTERIOR BRUTO A PRECIOS DE MERCADO;Estructura porcentual;2020;100
Balears, Illes;PRODUCTO INTERIOR BRUTO A PRECIOS DE MERCADO;Estructura porcentual;2019;100
Balears, Illes;PRODUCTO INTERIOR BRUTO A PRECIOS DE MERCADO;Estructura porcentual;2018;100
Balears, Illes;PRODUCTO INTERIOR BRUTO A PRECIOS DE MERCADO;Estructura porcentual;2017;100
Balears, Illes;PRODUCTO INTERIOR BRUTO A PRECIOS DE MERCADO;Estructura porcentual;2016;100
Canarias;PRODUCTO INTERIOR BRUTO A PRECIOS DE MERCADO;Valor;2022(A);49.020.986
Canarias;PRODUCTO INTERIOR BRUTO A PRECIOS DE MERCADO;Valor;2021(P);42.843.120
Canarias;PRODUCTO INTERIOR BRUTO A PRECIOS DE MERCADO;Valor;2020;38.630.124
Canarias;PRODUCTO INTERIOR BRUTO A PRECIOS DE MERCADO;Valor;2019;47.182.560
Canarias;PRODUCTO INTERIOR BRUTO A PRECIOS DE MERCADO;Valor;2018;45.829.590
Canarias;PRODUCTO INTERIOR BRUTO A PRECIOS DE MERCADO;Valor;2017;44.209.198
Canarias;PRODUCTO INTERIOR BRUTO A PRECIOS DE MERCADO;Valor;2016;42.007.287
Canarias;PRODUCTO INTERIOR BRUTO A PRECIOS DE MERCADO;Tasas de variación interanuales;2022(A);14,4
Canarias;PRODUCTO INTERIOR BRUTO A PRECIOS DE MERCADO;Tasas de variación interanuales;2021(P);10,9
Canarias;PRODUCTO INTERIOR BRUTO A PRECIOS DE MERCADO;Tasas de variación interanuales;2020;-18,1
Canarias;PRODUCTO INTERIOR BRUTO A PRECIOS DE MERCADO;Tasas de variación interanuales;2019;3
Canarias;PRODUCTO INTERIOR BRUTO A PRECIOS DE MERCADO;Tasas de variación interanuales;2018;3,7
Canarias;PRODUCTO INTERIOR BRUTO A PRECIOS DE MERCADO;Tasas de variación interanuales;2017;5,2
Canarias;PRODUCTO INTERIOR BRUTO A PRECIOS DE MERCADO;Tasas de variación interanuales;2016;..
Canarias;PRODUCTO INTERIOR BRUTO A PRECIOS DE MERCADO;Estructura porcentual;2022(A);100
Canarias;PRODUCTO INTERIOR BRUTO A PRECIOS DE MERCADO;Estructura porcentual;2021(P);100
Canarias;PRODUCTO INTERIOR BRUTO A PRECIOS DE MERCADO;Estructura porcentual;2020;100
Canarias;PRODUCTO INTERIOR BRUTO A PRECIOS DE MERCADO;Estructura porcentual;2019;100
Canarias;PRODUCTO INTERIOR BRUTO A PRECIOS DE MERCADO;Estructura porcentual;2018;100
Canarias;PRODUCTO INTERIOR BRUTO A PRECIOS DE MERCADO;Estructura porcentual;2017;100
Canarias;PRODUCTO INTERIOR BRUTO A PRECIOS DE MERCADO;Estructura porcentual;2016;100
Canarias;A. Agricultura, ganadería, silvicultura y pesca;Valor;2022(A);689.562
Canarias;A. Agricultura, ganadería, silvicultura y pesca;Valor;2021(P);731.538
Canarias;A. Agricultura, ganadería, silvicultura y pesca;Valor;2020;709.396
Canarias;A. Agricultura, ganadería, silvicultura y pesca;Valor;2019;737.601
Canarias;A. Agricultura, ganadería, silvicultura y pesca;Valor;2018;700.806
Canarias;A. Agricultura, ganadería, silvicultura y pesca;Valor;2017;696.481
Canarias;A. Agricultura, ganadería, silvicultura y pesca;Valor;2016;567.547
Canarias;A. Agricultura, ganadería, silvicultura y pesca;Tasas de variación interanuales;2022(A);-5,7
Canarias;A. Agricultura, ganadería, silvicultura y pesca;Tasas de variación interanuales;2021(P);3,1
Canarias;A. Agricultura, ganadería, silvicultura y pesca;Tasas de variación interanuales;2020;-3,8
Canarias;A. Agricultura, ganadería, silvicultura y pesca;Tasas de variación interanuales;2019;5,3
Canarias;A. Agricultura, ganadería, silvicultura y pesca;Tasas de variación interanuales;2018;0,6
Canarias;A. Agricultura, ganadería, silvicultura y pesca;Tasas de variación interanuales;2017;22,7
Canarias;A. Agricultura, ganadería, silvicultura y pesca;Tasas de variación interanuales;2016;..
Canarias;A. Agricultura, ganadería, silvicultura y pesca;Estructura porcentual;2022(A);1,4
Canarias;A. Agricultura, ganadería, silvicultura y pesca;Estructura porcentual;2021(P);1,7
Canarias;A. Agricultura, ganadería, silvicultura y pesca;Estructura porcentual;2020;1,8
Canarias;A. Agricultura, ganadería, silvicultura y pesca;Estructura porcentual;2019;1,6
Canarias;A. Agricultura, ganadería, silvicultura y pesca;Estructura porcentual;2018;1,5
Canarias;A. Agricultura, ganadería, silvicultura y pesca;Estructura porcentual;2017;1,6
Canarias;A. Agricultura, ganadería, silvicultura y pesca;Estructura porcentual;2016;1,4
Canarias;B_E. Industrias extractivas, industria manufacturera, suministro de energía eléctrica, gas, vapor y aire acondicionado, suministro de agua, actividades de saneamiento, gestión de residuos y descontaminación;Valor;2022(A);3.347.373
Canarias;B_E. Industrias extractivas, industria manufacturera, suministro de energía eléctrica, gas, vapor y aire acondicionado, suministro de agua, actividades de saneamiento, gestión de residuos y descontaminación;Valor;2021(P);2.723.630
Canarias;B_E. Industrias extractivas, industria manufacturera, suministro de energía eléctrica, gas, vapor y aire acondicionado, suministro de agua, actividades de saneamiento, gestión de residuos y descontaminación;Valor;2020;2.529.123
Canarias;B_E. Industrias extractivas, industria manufacturera, suministro de energía eléctrica, gas, vapor y aire acondicionado, suministro de agua, actividades de saneamiento, gestión de residuos y descontaminación;Valor;2019;2.700.676
Canarias;B_E. Industrias extractivas, industria manufacturera, suministro de energía eléctrica, gas, vapor y aire acondicionado, suministro de agua, actividades de saneamiento, gestión de residuos y descontaminación;Valor;2018;2.600.690
Canarias;B_E. Industrias extractivas, industria manufacturera, suministro de energía eléctrica, gas, vapor y aire acondicionado, suministro de agua, actividades de saneamiento, gestión de residuos y descontaminación;Valor;2017;2.569.465
Canarias;B_E. Industrias extractivas, industria manufacturera, suministro de energía eléctrica, gas, vapor y aire acondicionado, suministro de agua, actividades de saneamiento, gestión de residuos y descontaminación;Valor;2016;2.468.828
Canarias;B_E. Industrias extractivas, industria manufacturera, suministro de energía eléctrica, gas, vapor y aire acondicionado, suministro de agua, actividades de saneamiento, gestión de residuos y descontaminación;Tasas de variación interanuales;2022(A);22,9
Canarias;B_E. Industrias extractivas, industria manufacturera, suministro de energía eléctrica, gas, vapor y aire acondicionado, suministro de agua, actividades de saneamiento, gestión de residuos y descontaminación;Tasas de variación interanuales;2021(P);7,7
Canarias;B_E. Industrias extractivas, industria manufacturera, suministro de energía eléctrica, gas, vapor y aire acondicionado, suministro de agua, actividades de saneamiento, gestión de residuos y descontaminación;Tasas de variación interanuales;2020;-6,4
Canarias;B_E. Industrias extractivas, industria manufacturera, suministro de energía eléctrica, gas, vapor y aire acondicionado, suministro de agua, actividades de saneamiento, gestión de residuos y descontaminación;Tasas de variación interanuales;2019;3,8
Canarias;B_E. Industrias extractivas, industria manufacturera, suministro de energía eléctrica, gas, vapor y aire acondicionado, suministro de agua, actividades de saneamiento, gestión de residuos y descontaminación;Tasas de variación interanuales;2018;1,2
Canarias;B_E. Industrias extractivas, industria manufacturera, suministro de energía eléctrica, gas, vapor y aire acondicionado, suministro de agua, actividades de saneamiento, gestión de residuos y descontaminación;Tasas de variación interanuales;2017;4,1
Canarias;B_E. Industrias extractivas, industria manufacturera, suministro de energía eléctrica, gas, vapor y aire acondicionado, suministro de agua, actividades de saneamiento, gestión de residuos y descontaminación;Tasas de variación interanuales;2016;..
Canarias;B_E. Industrias extractivas, industria manufacturera, suministro de energía eléctrica, gas, vapor y aire acondicionado, suministro de agua, actividades de saneamiento, gestión de residuos y descontaminación;Estructura porcentual;2022(A);6,8
Canarias;B_E. Industrias extractivas, industria manufacturera, suministro de energía eléctrica, gas, vapor y aire acondicionado, suministro de agua, actividades de saneamiento, gestión de residuos y descontaminación;Estructura porcentual;2021(P);6,4
Canarias;B_E. Industrias extractivas, industria manufacturera, suministro de energía eléctrica, gas, vapor y aire acondicionado, suministro de agua, actividades de saneamiento, gestión de residuos y descontaminación;Estructura porcentual;2020;6,5
Canarias;B_E. Industrias extractivas, industria manufacturera, suministro de energía eléctrica, gas, vapor y aire acondicionado, suministro de agua, actividades de saneamiento, gestión de residuos y descontaminación;Estructura porcentual;2019;5,7
Canarias;B_E. Industrias extractivas, industria manufacturera, suministro de energía eléctrica, gas, vapor y aire acondicionado, suministro de agua, actividades de saneamiento, gestión de residuos y descontaminación;Estructura porcentual;2018;5,7
Canarias;B_E. Industrias extractivas, industria manufacturera, suministro de energía eléctrica, gas, vapor y aire acondicionado, suministro de agua, actividades de saneamiento, gestión de residuos y descontaminación;Estructura porcentual;2017;5,8
Canarias;B_E. Industrias extractivas, industria manufacturera, suministro de energía eléctrica, gas, vapor y aire acondicionado, suministro de agua, actividades de saneamiento, gestión de residuos y descontaminación;Estructura porcentual;2016;5,9
Canarias;C. - De las cuales: Industria manufacturera;Valor;2022(A);1.343.246
Canarias;C. - De las cuales: Industria manufacturera;Valor;2021(P);1.176.939
Canarias;C. - De las cuales: Industria manufacturera;Valor;2020;1.115.416
Canarias;C. - De las cuales: Industria manufacturera;Valor;2019;1.266.692
Canarias;C. - De las cuales: Industria manufacturera;Valor;2018;1.193.834
Canarias;C. - De las cuales: Industria manufacturera;Valor;2017;1.229.686
Canarias;C. - De las cuales: Industria manufacturera;Valor;2016;1.149.305
Canarias;C. - De las cuales: Industria manufacturera;Tasas de variación interanuales;2022(A);14,1
Canarias;C. - De las cuales: Industria manufacturera;Tasas de variación interanuales;2021(P);5,5
Canarias;C. - De las cuales: Industria manufacturera;Tasas de variación interanuales;2020;-11,9
Canarias;C. - De las cuales: Industria manufacturera;Tasas de variación interanuales;2019;6,1
Canarias;C. - De las cuales: Industria manufacturera;Tasas de variación interanuales;2018;-2,9
Canarias;C. - De las cuales: Industria manufacturera;Tasas de variación interanuales;2017;7
Canarias;C. - De las cuales: Industria manufacturera;Tasas de variación interanuales;2016;..
Canarias;C. - De las cuales: Industria manufacturera;Estructura porcentual;2022(A);2,7
Canarias;C. - De las cuales: Industria manufacturera;Estructura porcentual;2021(P);2,7
Canarias;C. - De las cuales: Industria manufacturera;Estructura porcentual;2020;2,9
Canarias;C. - De las cuales: Industria manufacturera;Estructura porcentual;2019;2,7
Canarias;C. - De las cuales: Industria manufacturera;Estructura porcentual;2018;2,6
Canarias;C. - De las cuales: Industria manufacturera;Estructura porcentual;2017;2,8
Canarias;C. - De las cuales: Industria manufacturera;Estructura porcentual;2016;2,7
Canarias;F. Construcción;Valor;2022(A);2.552.980
Canarias;F. Construcción;Valor;2021(P);2.394.525
Canarias;F. Construcción;Valor;2020;2.310.668
Canarias;F. Construcción;Valor;2019;2.711.660
Canarias;F. Construcción;Valor;2018;2.448.326
Canarias;F. Construcción;Valor;2017;2.317.195
Canarias;F. Construcción;Valor;2016;2.163.794
Canarias;F. Construcción;Tasas de variación interanuales;2022(A);6,6
Canarias;F. Construcción;Tasas de variación interanuales;2021(P);3,6
Canarias;F. Construcción;Tasas de variación interanuales;2020;-14,8
Canarias;F. Construcción;Tasas de variación interanuales;2019;10,8
Canarias;F. Construcción;Tasas de variación interanuales;2018;5,7
Canarias;F. Construcción;Tasas de variación interanuales;2017;7,1
Canarias;F. Construcción;Tasas de variación interanuales;2016;..
Canarias;F. Construcción;Estructura porcentual;2022(A);5,2
Canarias;F. Construcción;Estructura porcentual;2021(P);5,6
Canarias;F. Construcción;Estructura porcentual;2020;6
Canarias;F. Construcción;Estructura porcentual;2019;5,7
Canarias;F. Construcción;Estructura porcentual;2018;5,3
Canarias;F. Construcción;Estructura porcentual;2017;5,2
Canarias;F. Construcción;Estructura porcentual;2016;5,2
Canarias;G_I. Comercio al por mayor y al por menor, reparación de vehículos de motor y motocicletas, transporte y almacenamiento, hostelería;Valor;2022(A);14.686.827
Canarias;G_I. Comercio al por mayor y al por menor, reparación de vehículos de motor y motocicletas, transporte y almacenamiento, hostelería;Valor;2021(P);11.127.549
Canarias;G_I. Comercio al por mayor y al por menor, reparación de vehículos de motor y motocicletas, transporte y almacenamiento, hostelería;Valor;2020;8.818.759
Canarias;G_I. Comercio al por mayor y al por menor, reparación de vehículos de motor y motocicletas, transporte y almacenamiento, hostelería;Valor;2019;14.735.898
Canarias;G_I. Comercio al por mayor y al por menor, reparación de vehículos de motor y motocicletas, transporte y almacenamiento, hostelería;Valor;2018;14.499.390
Canarias;G_I. Comercio al por mayor y al por menor, reparación de vehículos de motor y motocicletas, transporte y almacenamiento, hostelería;Valor;2017;14.116.222
Canarias;G_I. Comercio al por mayor y al por menor, reparación de vehículos de motor y motocicletas, transporte y almacenamiento, hostelería;Valor;2016;13.194.815
Canarias;G_I. Comercio al por mayor y al por menor, reparación de vehículos de motor y motocicletas, transporte y almacenamiento, hostelería;Tasas de variación interanuales;2022(A);32
Canarias;G_I. Comercio al por mayor y al por menor, reparación de vehículos de motor y motocicletas, transporte y almacenamiento, hostelería;Tasas de variación interanuales;2021(P);26,2
Canarias;G_I. Comercio al por mayor y al por menor, reparación de vehículos de motor y motocicletas, transporte y almacenamiento, hostelería;Tasas de variación interanuales;2020;-40,2
Canarias;G_I. Comercio al por mayor y al por menor, reparación de vehículos de motor y motocicletas, transporte y almacenamiento, hostelería;Tasas de variación interanuales;2019;1,6
Canarias;G_I. Comercio al por mayor y al por menor, reparación de vehículos de motor y motocicletas, transporte y almacenamiento, hostelería;Tasas de variación interanuales;2018;2,7
Canarias;G_I. Comercio al por mayor y al por menor, reparación de vehículos de motor y motocicletas, transporte y almacenamiento, hostelería;Tasas de variación interanuales;2017;7
Canarias;G_I. Comercio al por mayor y al por menor, reparación de vehículos de motor y motocicletas, transporte y almacenamiento, hostelería;Tasas de variación interanuales;2016;..
Canarias;G_I. Comercio al por mayor y al por menor, reparación de vehículos de motor y motocicletas, transporte y almacenamiento, hostelería;Estructura porcentual;2022(A);30
Canarias;G_I. Comercio al por mayor y al por menor, reparación de vehículos de motor y motocicletas, transporte y almacenamiento, hostelería;Estructura porcentual;2021(P);26
Canarias;G_I. Comercio al por mayor y al por menor, reparación de vehículos de motor y motocicletas, transporte y almacenamiento, hostelería;Estructura porcentual;2020;22,8
Canarias;G_I. Comercio al por mayor y al por menor, reparación de vehículos de motor y motocicletas, transporte y almacenamiento, hostelería;Estructura porcentual;2019;31,2
Canarias;G_I. Comercio al por mayor y al por menor, reparación de vehículos de motor y motocicletas, transporte y almacenamiento, hostelería;Estructura porcentual;2018;31,6
Canarias;G_I. Comercio al por mayor y al por menor, reparación de vehículos de motor y motocicletas, transporte y almacenamiento, hostelería;Estructura porcentual;2017;31,9
Canarias;G_I. Comercio al por mayor y al por menor, reparación de vehículos de motor y motocicletas, transporte y almacenamiento, hostelería;Estructura porcentual;2016;31,4
Canarias;J. Información y comunicaciones;Valor;2022(A);950.096
Canarias;J. Información y comunicaciones;Valor;2021(P);907.314
Canarias;J. Información y comunicaciones;Valor;2020;890.943
Canarias;J. Información y comunicaciones;Valor;2019;930.137
Canarias;J. Información y comunicaciones;Valor;2018;924.628
Canarias;J. Información y comunicaciones;Valor;2017;969.882
Canarias;J. Información y comunicaciones;Valor;2016;899.369
Canarias;J. Información y comunicaciones;Tasas de variación interanuales;2022(A);4,7
Canarias;J. Información y comunicaciones;Tasas de variación interanuales;2021(P);1,8
Canarias;J. Información y comunicaciones;Tasas de variación interanuales;2020;-4,2
Canarias;J. Información y comunicaciones;Tasas de variación interanuales;2019;0,6
Canarias;J. Información y comunicaciones;Tasas de variación interanuales;2018;-4,7
Canarias;J. Información y comunicaciones;Tasas de variación interanuales;2017;7,8
Canarias;J. Información y comunicaciones;Tasas de variación interanuales;2016;..
Canarias;J. Información y comunicaciones;Estructura porcentual;2022(A);1,9
Canarias;J. Información y comunicaciones;Estructura porcentual;2021(P);2,1
Canarias;J. Información y comunicaciones;Estructura porcentual;2020;2,3
Canarias;J. Información y comunicaciones;Estructura porcentual;2019;2
Canarias;J. Información y comunicaciones;Estructura porcentual;2018;2
Canarias;J. Información y comunicaciones;Estructura porcentual;2017;2,2
Canarias;J. Información y comunicaciones;Estructura porcentual;2016;2,1
Canarias;K. Actividades financieras y de seguros;Valor;2022(A);1.463.662
Canarias;K. Actividades financieras y de seguros;Valor;2021(P);1.283.981
Canarias;K. Actividades financieras y de seguros;Valor;2020;1.272.739
Canarias;K. Actividades financieras y de seguros;Valor;2019;1.212.212
Canarias;K. Actividades financieras y de seguros;Valor;2018;1.236.015
Canarias;K. Actividades financieras y de seguros;Valor;2017;1.121.168
Canarias;K. Actividades financieras y de seguros;Valor;2016;1.075.906
Canarias;K. Actividades financieras y de seguros;Tasas de variación interanuales;2022(A);14
Canarias;K. Actividades financieras y de seguros;Tasas de variación interanuales;2021(P);0,9
Canarias;K. Actividades financieras y de seguros;Tasas de variación interanuales;2020;5
Canarias;K. Actividades financieras y de seguros;Tasas de variación interanuales;2019;-1,9
Canarias;K. Actividades financieras y de seguros;Tasas de variación interanuales;2018;10,2
Canarias;K. Actividades financieras y de seguros;Tasas de variación interanuales;2017;4,2
Canarias;K. Actividades financieras y de seguros;Tasas de variación interanuales;2016;..
Canarias;K. Actividades financieras y de seguros;Estructura porcentual;2022(A);3
Canarias;K. Actividades financieras y de seguros;Estructura porcentual;2021(P);3
Canarias;K. Actividades financieras y de seguros;Estructura porcentual;2020;3,3
Canarias;K. Actividades financieras y de seguros;Estructura porcentual;2019;2,6
Canarias;K. Actividades financieras y de seguros;Estructura porcentual;2018;2,7
Canarias;K. Actividades financieras y de seguros;Estructura porcentual;2017;2,5
Canarias;K. Actividades financieras y de seguros;Estructura porcentual;2016;2,6
Canarias;L. Actividades inmobiliarias;Valor;2022(A);5.725.927
Canarias;L. Actividades inmobiliarias;Valor;2021(P);5.470.328
Canarias;L. Actividades inmobiliarias;Valor;2020;5.362.688
Canarias;L. Actividades inmobiliarias;Valor;2019;5.372.560
Canarias;L. Actividades inmobiliarias;Valor;2018;5.233.868
Canarias;L. Actividades inmobiliarias;Valor;2017;5.011.817
Canarias;L. Actividades inmobiliarias;Valor;2016;4.854.648
Canarias;L. Actividades inmobiliarias;Tasas de variación interanuales;2022(A);4,7
Canarias;L. Actividades inmobiliarias;Tasas de variación interanuales;2021(P);2
Canarias;L. Actividades inmobiliarias;Tasas de variación interanuales;2020;-0,2
Canarias;L. Actividades inmobiliarias;Tasas de variación interanuales;2019;2,6
Canarias;L. Actividades inmobiliarias;Tasas de variación interanuales;2018;4,4
Canarias;L. Actividades inmobiliarias;Tasas de variación interanuales;2017;3,2
Canarias;L. Actividades inmobiliarias;Tasas de variación interanuales;2016;..
Canarias;L. Actividades inmobiliarias;Estructura porcentual;2022(A);11,7
Canarias;L. Actividades inmobiliarias;Estructura porcentual;2021(P);12,8
Canarias;L. Actividades inmobiliarias;Estructura porcentual;2020;13,9
Canarias;L. Actividades inmobiliarias;Estructura porcentual;2019;11,4
Canarias;L. Actividades inmobiliarias;Estructura porcentual;2018;11,4
Canarias;L. Actividades inmobiliarias;Estructura porcentual;2017;11,3
Canarias;L. Actividades inmobiliarias;Estructura porcentual;2016;11,6
Canarias;M_N. Actividades profesionales, científicas y técnicas, actividades administrativas y servicios auxiliares;Valor;2022(A);3.332.182
Canarias;M_N. Actividades profesionales, científicas y técnicas, actividades administrativas y servicios auxiliares;Valor;2021(P);3.000.688
Canarias;M_N. Actividades profesionales, científicas y técnicas, actividades administrativas y servicios auxiliares;Valor;2020;2.754.741
Canarias;M_N. Actividades profesionales, científicas y técnicas, actividades administrativas y servicios auxiliares;Valor;2019;3.432.266
Canarias;M_N. Actividades profesionales, científicas y técnicas, actividades administrativas y servicios auxiliares;Valor;2018;3.305.996
Canarias;M_N. Actividades profesionales, científicas y técnicas, actividades administrativas y servicios auxiliares;Valor;2017;3.046.406
Canarias;M_N. Actividades profesionales, científicas y técnicas, actividades administrativas y servicios auxiliares;Valor;2016;3.009.544
Canarias;M_N. Actividades profesionales, científicas y técnicas, actividades administrativas y servicios auxiliares;Tasas de variación interanuales;2022(A);11
Canarias;M_N. Actividades profesionales, científicas y técnicas, actividades administrativas y servicios auxiliares;Tasas de variación interanuales;2021(P);8,9
Canarias;M_N. Actividades profesionales, científicas y técnicas, actividades administrativas y servicios auxiliares;Tasas de variación interanuales;2020;-19,7
Canarias;M_N. Actividades profesionales, científicas y técnicas, actividades administrativas y servicios auxiliares;Tasas de variación interanuales;2019;3,8
Canarias;M_N. Actividades profesionales, científicas y técnicas, actividades administrativas y servicios auxiliares;Tasas de variación interanuales;2018;8,5
Canarias;M_N. Actividades profesionales, científicas y técnicas, actividades administrativas y servicios auxiliares;Tasas de variación interanuales;2017;1,2
Canarias;M_N. Actividades profesionales, científicas y técnicas, actividades administrativas y servicios auxiliares;Tasas de variación interanuales;2016;..
Canarias;M_N. Actividades profesionales, científicas y técnicas, actividades administrativas y servicios auxiliares;Estructura porcentual;2022(A);6,8
Canarias;M_N. Actividades profesionales, científicas y técnicas, actividades administrativas y servicios auxiliares;Estructura porcentual;2021(P);7
Canarias;M_N. Actividades profesionales, científicas y técnicas, actividades administrativas y servicios auxiliares;Estructura porcentual;2020;7,1
Canarias;M_N. Actividades profesionales, científicas y técnicas, actividades administrativas y servicios auxiliares;Estructura porcentual;2019;7,3
Canarias;M_N. Actividades profesionales, científicas y técnicas, actividades administrativas y servicios auxiliares;Estructura porcentual;2018;7,2
Canarias;M_N. Actividades profesionales, científicas y técnicas, actividades administrativas y servicios auxiliares;Estructura porcentual;2017;6,9
Canarias;M_N. Actividades profesionales, científicas y técnicas, actividades administrativas y servicios auxiliares;Estructura porcentual;2016;7,2
Canarias;O_Q. Administración pública y defensa, seguridad social obligatoria, educación, actividades sanitarias y de servicios sociales;Valor;2022(A);9.676.054
Canarias;O_Q. Administración pública y defensa, seguridad social obligatoria, educación, actividades sanitarias y de servicios sociales;Valor;2021(P);9.267.195
Canarias;O_Q. Administración pública y defensa, seguridad social obligatoria, educación, actividades sanitarias y de servicios sociales;Valor;2020;8.802.605
Canarias;O_Q. Administración pública y defensa, seguridad social obligatoria, educación, actividades sanitarias y de servicios sociales;Valor;2019;8.573.356
Canarias;O_Q. Administración pública y defensa, seguridad social obligatoria, educación, actividades sanitarias y de servicios sociales;Valor;2018;8.161.156
Canarias;O_Q. Administración pública y defensa, seguridad social obligatoria, educación, actividades sanitarias y de servicios sociales;Valor;2017;7.883.187
Canarias;O_Q. Administración pública y defensa, seguridad social obligatoria, educación, actividades sanitarias y de servicios sociales;Valor;2016;7.731.125
Canarias;O_Q. Administración pública y defensa, seguridad social obligatoria, educación, actividades sanitarias y de servicios sociales;Tasas de variación interanuales;2022(A);4,4
Canarias;O_Q. Administración pública y defensa, seguridad social obligatoria, educación, actividades sanitarias y de servicios sociales;Tasas de variación interanuales;2021(P);5,3
Canarias;O_Q. Administración pública y defensa, seguridad social obligatoria, educación, actividades sanitarias y de servicios sociales;Tasas de variación interanuales;2020;2,7
Canarias;O_Q. Administración pública y defensa, seguridad social obligatoria, educación, actividades sanitarias y de servicios sociales;Tasas de variación interanuales;2019;5,1
Canarias;O_Q. Administración pública y defensa, seguridad social obligatoria, educación, actividades sanitarias y de servicios sociales;Tasas de variación interanuales;2018;3,5
Canarias;O_Q. Administración pública y defensa, seguridad social obligatoria, educación, actividades sanitarias y de servicios sociales;Tasas de variación interanuales;2017;2
Canarias;O_Q. Administración pública y defensa, seguridad social obligatoria, educación, actividades sanitarias y de servicios sociales;Tasas de variación interanuales;2016;..
Canarias;O_Q. Administración pública y defensa, seguridad social obligatoria, educación, actividades sanitarias y de servicios sociales;Estructura porcentual;2022(A);19,7
Canarias;O_Q. Administración pública y defensa, seguridad social obligatoria, educación, actividades sanitarias y de servicios sociales;Estructura porcentual;2021(P);21,6
Canarias;O_Q. Administración pública y defensa, seguridad social obligatoria, educación, actividades sanitarias y de servicios sociales;Estructura porcentual;2020;22,8
Canarias;O_Q. Administración pública y defensa, seguridad social obligatoria, educación, actividades sanitarias y de servicios sociales;Estructura porcentual;2019;18,2
Canarias;O_Q. Administración pública y defensa, seguridad social obligatoria, educación, actividades sanitarias y de servicios sociales;Estructura porcentual;2018;17,8
Canarias;O_Q. Administración pública y defensa, seguridad social obligatoria, educación, actividades sanitarias y de servicios sociales;Estructura porcentual;2017;17,8
Canarias;O_Q. Administración pública y defensa, seguridad social obligatoria, educación, actividades sanitarias y de servicios sociales;Estructura porcentual;2016;18,4
Canarias;R_U. Actividades artísticas, recreativas y de entretenimiento, reparación de artículos de uso doméstico y otros servicios;Valor;2022(A);2.200.051
Canarias;R_U. Actividades artísticas, recreativas y de entretenimiento, reparación de artículos de uso doméstico y otros servicios;Valor;2021(P);1.855.078
Canarias;R_U. Actividades artísticas, recreativas y de entretenimiento, reparación de artículos de uso doméstico y otros servicios;Valor;2020;1.797.959
Canarias;R_U. Actividades artísticas, recreativas y de entretenimiento, reparación de artículos de uso doméstico y otros servicios;Valor;2019;2.385.894
Canarias;R_U. Actividades artísticas, recreativas y de entretenimiento, reparación de artículos de uso doméstico y otros servicios;Valor;2018;2.362.148
Canarias;R_U. Actividades artísticas, recreativas y de entretenimiento, reparación de artículos de uso doméstico y otros servicios;Valor;2017;2.344.043
Canarias;R_U. Actividades artísticas, recreativas y de entretenimiento, reparación de artículos de uso doméstico y otros servicios;Valor;2016;2.153.468
Canarias;R_U. Actividades artísticas, recreativas y de entretenimiento, reparación de artículos de uso doméstico y otros servicios;Tasas de variación interanuales;2022(A);18,6
Canarias;R_U. Actividades artísticas, recreativas y de entretenimiento, reparación de artículos de uso doméstico y otros servicios;Tasas de variación interanuales;2021(P);3,2
Canarias;R_U. Actividades artísticas, recreativas y de entretenimiento, reparación de artículos de uso doméstico y otros servicios;Tasas de variación interanuales;2020;-24,6
Canarias;R_U. Actividades artísticas, recreativas y de entretenimiento, reparación de artículos de uso doméstico y otros servicios;Tasas de variación interanuales;2019;1
Canarias;R_U. Actividades artísticas, recreativas y de entretenimiento, reparación de artículos de uso doméstico y otros servicios;Tasas de variación interanuales;2018;0,8
Canarias;R_U. Actividades artísticas, recreativas y de entretenimiento, reparación de artículos de uso doméstico y otros servicios;Tasas de variación interanuales;2017;8,8
Canarias;R_U. Actividades artísticas, recreativas y de entretenimiento, reparación de artículos de uso doméstico y otros servicios;Tasas de variación interanuales;2016;..
Canarias;R_U. Actividades artísticas, recreativas y de entretenimiento, reparación de artículos de uso doméstico y otros servicios;Estructura porcentual;2022(A);4,5
Canarias;R_U. Actividades artísticas, recreativas y de entretenimiento, reparación de artículos de uso doméstico y otros servicios;Estructura porcentual;2021(P);4,3
Canarias;R_U. Actividades artísticas, recreativas y de entretenimiento, reparación de artículos de uso doméstico y otros servicios;Estructura porcentual;2020;4,7
Canarias;R_U. Actividades artísticas, recreativas y de entretenimiento, reparación de artículos de uso doméstico y otros servicios;Estructura porcentual;2019;5,1
Canarias;R_U. Actividades artísticas, recreativas y de entretenimiento, reparación de artículos de uso doméstico y otros servicios;Estructura porcentual;2018;5,2
Canarias;R_U. Actividades artísticas, recreativas y de entretenimiento, reparación de artículos de uso doméstico y otros servicios;Estructura porcentual;2017;5,3
Canarias;R_U. Actividades artísticas, recreativas y de entretenimiento, reparación de artículos de uso doméstico y otros servicios;Estructura porcentual;2016;5,1
Canarias;Valor añadido bruto total;Valor;2022(A);44.624.714
Canarias;Valor añadido bruto total;Valor;2021(P);38.761.826
Canarias;Valor añadido bruto total;Valor;2020;35.249.621
Canarias;Valor añadido bruto total;Valor;2019;42.792.260
Canarias;Valor añadido bruto total;Valor;2018;41.473.023
Canarias;Valor añadido bruto total;Valor;2017;40.075.866
Canarias;Valor añadido bruto total;Valor;2016;38.119.044
Canarias;Valor añadido bruto total;Tasas de variación interanuales;2022(A);15,1
Canarias;Valor añadido bruto total;Tasas de variación interanuales;2021(P);10
Canarias;Valor añadido bruto total;Tasas de variación interanuales;2020;-17,6
Canarias;Valor añadido bruto total;Tasas de variación interanuales;2019;3,2
Canarias;Valor añadido bruto total;Tasas de variación interanuales;2018;3,5
Canarias;Valor añadido bruto total;Tasas de variación interanuales;2017;5,1
Canarias;Valor añadido bruto total;Tasas de variación interanuales;2016;..
Canarias;Valor añadido bruto total;Estructura porcentual;2022(A);91
Canarias;Valor añadido bruto total;Estructura porcentual;2021(P);90,5
Canarias;Valor añadido bruto total;Estructura porcentual;2020;91,2
Canarias;Valor añadido bruto total;Estructura porcentual;2019;90,7
Canarias;Valor añadido bruto total;Estructura porcentual;2018;90,5
Canarias;Valor añadido bruto total;Estructura porcentual;2017;90,7
Canarias;Valor añadido bruto total;Estructura porcentual;2016;90,7
Canarias;Impuestos netos sobre los productos;Valor;2022(A);4.396.272
Canarias;Impuestos netos sobre los productos;Valor;2021(P);4.081.294
Canarias;Impuestos netos sobre los productos;Valor;2020;3.380.503
Canarias;Impuestos netos sobre los productos;Valor;2019;4.390.300
Canarias;Impuestos netos sobre los productos;Valor;2018;4.356.567
Canarias;Impuestos netos sobre los productos;Valor;2017;4.133.332
Canarias;Impuestos netos sobre los productos;Valor;2016;3.888.243
Canarias;Impuestos netos sobre los productos;Tasas de variación interanuales;2022(A);7,7
Canarias;Impuestos netos sobre los productos;Tasas de variación interanuales;2021(P);20,7
Canarias;Impuestos netos sobre los productos;Tasas de variación interanuales;2020;-23
Canarias;Impuestos netos sobre los productos;Tasas de variación interanuales;2019;0,8
Canarias;Impuestos netos sobre los productos;Tasas de variación interanuales;2018;5,4
Canarias;Impuestos netos sobre los productos;Tasas de variación interanuales;2017;6,3
Canarias;Impuestos netos sobre los productos;Tasas de variación interanuales;2016;..
Canarias;Impuestos netos sobre los productos;Estructura porcentual;2022(A);9
Canarias;Impuestos netos sobre los productos;Estructura porcentual;2021(P);9,5
Canarias;Impuestos netos sobre los productos;Estructura porcentual;2020;8,8
Canarias;Impuestos netos sobre los productos;Estructura porcentual;2019;9,3
Canarias;Impuestos netos sobre los productos;Estructura porcentual;2018;9,5
Canarias;Impuestos netos sobre los productos;Estructura porcentual;2017;9,3
Canarias;Impuestos netos sobre los productos;Estructura porcentual;2016;9,3
Canarias;PRODUCTO INTERIOR BRUTO A PRECIOS DE MERCADO;Valor;2022(A);49.020.986
Canarias;PRODUCTO INTERIOR BRUTO A PRECIOS DE MERCADO;Valor;2021(P);42.843.120
Canarias;PRODUCTO INTERIOR BRUTO A PRECIOS DE MERCADO;Valor;2020;38.630.124
Canarias;PRODUCTO INTERIOR BRUTO A PRECIOS DE MERCADO;Valor;2019;47.182.560
Canarias;PRODUCTO INTERIOR BRUTO A PRECIOS DE MERCADO;Valor;2018;45.829.590
Canarias;PRODUCTO INTERIOR BRUTO A PRECIOS DE MERCADO;Valor;2017;44.209.198
Canarias;PRODUCTO INTERIOR BRUTO A PRECIOS DE MERCADO;Valor;2016;42.007.287
Canarias;PRODUCTO INTERIOR BRUTO A PRECIOS DE MERCADO;Tasas de variación interanuales;2022(A);14,4
Canarias;PRODUCTO INTERIOR BRUTO A PRECIOS DE MERCADO;Tasas de variación interanuales;2021(P);10,9
Canarias;PRODUCTO INTERIOR BRUTO A PRECIOS DE MERCADO;Tasas de variación interanuales;2020;-18,1
Canarias;PRODUCTO INTERIOR BRUTO A PRECIOS DE MERCADO;Tasas de variación interanuales;2019;3
Canarias;PRODUCTO INTERIOR BRUTO A PRECIOS DE MERCADO;Tasas de variación interanuales;2018;3,7
Canarias;PRODUCTO INTERIOR BRUTO A PRECIOS DE MERCADO;Tasas de variación interanuales;2017;5,2
Canarias;PRODUCTO INTERIOR BRUTO A PRECIOS DE MERCADO;Tasas de variación interanuales;2016;..
Canarias;PRODUCTO INTERIOR BRUTO A PRECIOS DE MERCADO;Estructura porcentual;2022(A);100
Canarias;PRODUCTO INTERIOR BRUTO A PRECIOS DE MERCADO;Estructura porcentual;2021(P);100
Canarias;PRODUCTO INTERIOR BRUTO A PRECIOS DE MERCADO;Estructura porcentual;2020;100
Canarias;PRODUCTO INTERIOR BRUTO A PRECIOS DE MERCADO;Estructura porcentual;2019;100
Canarias;PRODUCTO INTERIOR BRUTO A PRECIOS DE MERCADO;Estructura porcentual;2018;100
Canarias;PRODUCTO INTERIOR BRUTO A PRECIOS DE MERCADO;Estructura porcentual;2017;100
Canarias;PRODUCTO INTERIOR BRUTO A PRECIOS DE MERCADO;Estructura porcentual;2016;100
Cantabria;PRODUCTO INTERIOR BRUTO A PRECIOS DE MERCADO;Valor;2022(A);15.354.834
Cantabria;PRODUCTO INTERIOR BRUTO A PRECIOS DE MERCADO;Valor;2021(P);14.022.067
Cantabria;PRODUCTO INTERIOR BRUTO A PRECIOS DE MERCADO;Valor;2020;12.852.323
Cantabria;PRODUCTO INTERIOR BRUTO A PRECIOS DE MERCADO;Valor;2019;14.180.759
Cantabria;PRODUCTO INTERIOR BRUTO A PRECIOS DE MERCADO;Valor;2018;13.743.992
Cantabria;PRODUCTO INTERIOR BRUTO A PRECIOS DE MERCADO;Valor;2017;13.228.614
Cantabria;PRODUCTO INTERIOR BRUTO A PRECIOS DE MERCADO;Valor;2016;12.735.884
Cantabria;PRODUCTO INTERIOR BRUTO A PRECIOS DE MERCADO;Tasas de variación interanuales;2022(A);9,5
Cantabria;PRODUCTO INTERIOR BRUTO A PRECIOS DE MERCADO;Tasas de variación interanuales;2021(P);9,1
Cantabria;PRODUCTO INTERIOR BRUTO A PRECIOS DE MERCADO;Tasas de variación interanuales;2020;-9,4
Cantabria;PRODUCTO INTERIOR BRUTO A PRECIOS DE MERCADO;Tasas de variación interanuales;2019;3,2
Cantabria;PRODUCTO INTERIOR BRUTO A PRECIOS DE MERCADO;Tasas de variación interanuales;2018;3,9
Cantabria;PRODUCTO INTERIOR BRUTO A PRECIOS DE MERCADO;Tasas de variación interanuales;2017;3,9
Cantabria;PRODUCTO INTERIOR BRUTO A PRECIOS DE MERCADO;Tasas de variación interanuales;2016;..
Cantabria;PRODUCTO INTERIOR BRUTO A PRECIOS DE MERCADO;Estructura porcentual;2022(A);100
Cantabria;PRODUCTO INTERIOR BRUTO A PRECIOS DE MERCADO;Estructura porcentual;2021(P);100
Cantabria;PRODUCTO INTERIOR BRUTO A PRECIOS DE MERCADO;Estructura porcentual;2020;100
Cantabria;PRODUCTO INTERIOR BRUTO A PRECIOS DE MERCADO;Estructura porcentual;2019;100
Cantabria;PRODUCTO INTERIOR BRUTO A PRECIOS DE MERCADO;Estructura porcentual;2018;100
Cantabria;PRODUCTO INTERIOR BRUTO A PRECIOS DE MERCADO;Estructura porcentual;2017;100
Cantabria;PRODUCTO INTERIOR BRUTO A PRECIOS DE MERCADO;Estructura porcentual;2016;100
Cantabria;A. Agricultura, ganadería, silvicultura y pesca;Valor;2022(A);165.740
Cantabria;A. Agricultura, ganadería, silvicultura y pesca;Valor;2021(P);185.011
Cantabria;A. Agricultura, ganadería, silvicultura y pesca;Valor;2020;155.059
Cantabria;A. Agricultura, ganadería, silvicultura y pesca;Valor;2019;153.770
Cantabria;A. Agricultura, ganadería, silvicultura y pesca;Valor;2018;201.567
Cantabria;A. Agricultura, ganadería, silvicultura y pesca;Valor;2017;193.803
Cantabria;A. Agricultura, ganadería, silvicultura y pesca;Valor;2016;183.308
Cantabria;A. Agricultura, ganadería, silvicultura y pesca;Tasas de variación interanuales;2022(A);-10,4
Cantabria;A. Agricultura, ganadería, silvicultura y pesca;Tasas de variación interanuales;2021(P);19,3
Cantabria;A. Agricultura, ganadería, silvicultura y pesca;Tasas de variación interanuales;2020;0,8
Cantabria;A. Agricultura, ganadería, silvicultura y pesca;Tasas de variación interanuales;2019;-23,7
Cantabria;A. Agricultura, ganadería, silvicultura y pesca;Tasas de variación interanuales;2018;4
Cantabria;A. Agricultura, ganadería, silvicultura y pesca;Tasas de variación interanuales;2017;5,7
Cantabria;A. Agricultura, ganadería, silvicultura y pesca;Tasas de variación interanuales;2016;..
Cantabria;A. Agricultura, ganadería, silvicultura y pesca;Estructura porcentual;2022(A);1,1
Cantabria;A. Agricultura, ganadería, silvicultura y pesca;Estructura porcentual;2021(P);1,3
Cantabria;A. Agricultura, ganadería, silvicultura y pesca;Estructura porcentual;2020;1,2
Cantabria;A. Agricultura, ganadería, silvicultura y pesca;Estructura porcentual;2019;1,1
Cantabria;A. Agricultura, ganadería, silvicultura y pesca;Estructura porcentual;2018;1,5
Cantabria;A. Agricultura, ganadería, silvicultura y pesca;Estructura porcentual;2017;1,5
Cantabria;A. Agricultura, ganadería, silvicultura y pesca;Estructura porcentual;2016;1,4
Cantabria;B_E. Industrias extractivas, industria manufacturera, suministro de energía eléctrica, gas, vapor y aire acondicionado, suministro de agua, actividades de saneamiento, gestión de residuos y descontaminación;Valor;2022(A);3.239.633
Cantabria;B_E. Industrias extractivas, industria manufacturera, suministro de energía eléctrica, gas, vapor y aire acondicionado, suministro de agua, actividades de saneamiento, gestión de residuos y descontaminación;Valor;2021(P);2.834.352
Cantabria;B_E. Industrias extractivas, industria manufacturera, suministro de energía eléctrica, gas, vapor y aire acondicionado, suministro de agua, actividades de saneamiento, gestión de residuos y descontaminación;Valor;2020;2.479.943
Cantabria;B_E. Industrias extractivas, industria manufacturera, suministro de energía eléctrica, gas, vapor y aire acondicionado, suministro de agua, actividades de saneamiento, gestión de residuos y descontaminación;Valor;2019;2.671.327
Cantabria;B_E. Industrias extractivas, industria manufacturera, suministro de energía eléctrica, gas, vapor y aire acondicionado, suministro de agua, actividades de saneamiento, gestión de residuos y descontaminación;Valor;2018;2.616.881
Cantabria;B_E. Industrias extractivas, industria manufacturera, suministro de energía eléctrica, gas, vapor y aire acondicionado, suministro de agua, actividades de saneamiento, gestión de residuos y descontaminación;Valor;2017;2.565.467
Cantabria;B_E. Industrias extractivas, industria manufacturera, suministro de energía eléctrica, gas, vapor y aire acondicionado, suministro de agua, actividades de saneamiento, gestión de residuos y descontaminación;Valor;2016;2.357.859
Cantabria;B_E. Industrias extractivas, industria manufacturera, suministro de energía eléctrica, gas, vapor y aire acondicionado, suministro de agua, actividades de saneamiento, gestión de residuos y descontaminación;Tasas de variación interanuales;2022(A);14,3
Cantabria;B_E. Industrias extractivas, industria manufacturera, suministro de energía eléctrica, gas, vapor y aire acondicionado, suministro de agua, actividades de saneamiento, gestión de residuos y descontaminación;Tasas de variación interanuales;2021(P);14,3
Cantabria;B_E. Industrias extractivas, industria manufacturera, suministro de energía eléctrica, gas, vapor y aire acondicionado, suministro de agua, actividades de saneamiento, gestión de residuos y descontaminación;Tasas de variación interanuales;2020;-7,2
Cantabria;B_E. Industrias extractivas, industria manufacturera, suministro de energía eléctrica, gas, vapor y aire acondicionado, suministro de agua, actividades de saneamiento, gestión de residuos y descontaminación;Tasas de variación interanuales;2019;2,1
Cantabria;B_E. Industrias extractivas, industria manufacturera, suministro de energía eléctrica, gas, vapor y aire acondicionado, suministro de agua, actividades de saneamiento, gestión de residuos y descontaminación;Tasas de variación interanuales;2018;2
Cantabria;B_E. Industrias extractivas, industria manufacturera, suministro de energía eléctrica, gas, vapor y aire acondicionado, suministro de agua, actividades de saneamiento, gestión de residuos y descontaminación;Tasas de variación interanuales;2017;8,8
Cantabria;B_E. Industrias extractivas, industria manufacturera, suministro de energía eléctrica, gas, vapor y aire acondicionado, suministro de agua, actividades de saneamiento, gestión de residuos y descontaminación;Tasas de variación interanuales;2016;..
Cantabria;B_E. Industrias extractivas, industria manufacturera, suministro de energía eléctrica, gas, vapor y aire acondicionado, suministro de agua, actividades de saneamiento, gestión de residuos y descontaminación;Estructura porcentual;2022(A);21,1
Cantabria;B_E. Industrias extractivas, industria manufacturera, suministro de energía eléctrica, gas, vapor y aire acondicionado, suministro de agua, actividades de saneamiento, gestión de residuos y descontaminación;Estructura porcentual;2021(P);20,2
Cantabria;B_E. Industrias extractivas, industria manufacturera, suministro de energía eléctrica, gas, vapor y aire acondicionado, suministro de agua, actividades de saneamiento, gestión de residuos y descontaminación;Estructura porcentual;2020;19,3
Cantabria;B_E. Industrias extractivas, industria manufacturera, suministro de energía eléctrica, gas, vapor y aire acondicionado, suministro de agua, actividades de saneamiento, gestión de residuos y descontaminación;Estructura porcentual;2019;18,8
Cantabria;B_E. Industrias extractivas, industria manufacturera, suministro de energía eléctrica, gas, vapor y aire acondicionado, suministro de agua, actividades de saneamiento, gestión de residuos y descontaminación;Estructura porcentual;2018;19
Cantabria;B_E. Industrias extractivas, industria manufacturera, suministro de energía eléctrica, gas, vapor y aire acondicionado, suministro de agua, actividades de saneamiento, gestión de residuos y descontaminación;Estructura porcentual;2017;19,4
Cantabria;B_E. Industrias extractivas, industria manufacturera, suministro de energía eléctrica, gas, vapor y aire acondicionado, suministro de agua, actividades de saneamiento, gestión de residuos y descontaminación;Estructura porcentual;2016;18,5
Cantabria;C. - De las cuales: Industria manufacturera;Valor;2022(A);2.552.518
Cantabria;C. - De las cuales: Industria manufacturera;Valor;2021(P);2.264.179
Cantabria;C. - De las cuales: Industria manufacturera;Valor;2020;2.001.452
Cantabria;C. - De las cuales: Industria manufacturera;Valor;2019;2.188.319
Cantabria;C. - De las cuales: Industria manufacturera;Valor;2018;2.144.534
Cantabria;C. - De las cuales: Industria manufacturera;Valor;2017;2.125.576
Cantabria;C. - De las cuales: Industria manufacturera;Valor;2016;1.930.866
Cantabria;C. - De las cuales: Industria manufacturera;Tasas de variación interanuales;2022(A);12,7
Cantabria;C. - De las cuales: Industria manufacturera;Tasas de variación interanuales;2021(P);13,1
Cantabria;C. - De las cuales: Industria manufacturera;Tasas de variación interanuales;2020;-8,5
Cantabria;C. - De las cuales: Industria manufacturera;Tasas de variación interanuales;2019;2
Cantabria;C. - De las cuales: Industria manufacturera;Tasas de variación interanuales;2018;0,9
Cantabria;C. - De las cuales: Industria manufacturera;Tasas de variación interanuales;2017;10,1
Cantabria;C. - De las cuales: Industria manufacturera;Tasas de variación interanuales;2016;..
Cantabria;C. - De las cuales: Industria manufacturera;Estructura porcentual;2022(A);16,6
Cantabria;C. - De las cuales: Industria manufacturera;Estructura porcentual;2021(P);16,1
Cantabria;C. - De las cuales: Industria manufacturera;Estructura porcentual;2020;15,6
Cantabria;C. - De las cuales: Industria manufacturera;Estructura porcentual;2019;15,4
Cantabria;C. - De las cuales: Industria manufacturera;Estructura porcentual;2018;15,6
Cantabria;C. - De las cuales: Industria manufacturera;Estructura porcentual;2017;16,1
Cantabria;C. - De las cuales: Industria manufacturera;Estructura porcentual;2016;15,2
Cantabria;F. Construcción;Valor;2022(A);875.457
Cantabria;F. Construcción;Valor;2021(P);824.530
Cantabria;F. Construcción;Valor;2020;810.175
Cantabria;F. Construcción;Valor;2019;929.138
Cantabria;F. Construcción;Valor;2018;826.073
Cantabria;F. Construcción;Valor;2017;780.403
Cantabria;F. Construcción;Valor;2016;796.276
Cantabria;F. Construcción;Tasas de variación interanuales;2022(A);6,2
Cantabria;F. Construcción;Tasas de variación interanuales;2021(P);1,8
Cantabria;F. Construcción;Tasas de variación interanuales;2020;-12,8
Cantabria;F. Construcción;Tasas de variación interanuales;2019;12,5
Cantabria;F. Construcción;Tasas de variación interanuales;2018;5,9
Cantabria;F. Construcción;Tasas de variación interanuales;2017;-2
Cantabria;F. Construcción;Tasas de variación interanuales;2016;..
Cantabria;F. Construcción;Estructura porcentual;2022(A);5,7
Cantabria;F. Construcción;Estructura porcentual;2021(P);5,9
Cantabria;F. Construcción;Estructura porcentual;2020;6,3
Cantabria;F. Construcción;Estructura porcentual;2019;6,6
Cantabria;F. Construcción;Estructura porcentual;2018;6
Cantabria;F. Construcción;Estructura porcentual;2017;5,9
Cantabria;F. Construcción;Estructura porcentual;2016;6,3
Cantabria;G_I. Comercio al por mayor y al por menor, reparación de vehículos de motor y motocicletas, transporte y almacenamiento, hostelería;Valor;2022(A);2.931.437
Cantabria;G_I. Comercio al por mayor y al por menor, reparación de vehículos de motor y motocicletas, transporte y almacenamiento, hostelería;Valor;2021(P);2.456.565
Cantabria;G_I. Comercio al por mayor y al por menor, reparación de vehículos de motor y motocicletas, transporte y almacenamiento, hostelería;Valor;2020;2.085.220
Cantabria;G_I. Comercio al por mayor y al por menor, reparación de vehículos de motor y motocicletas, transporte y almacenamiento, hostelería;Valor;2019;2.692.742
Cantabria;G_I. Comercio al por mayor y al por menor, reparación de vehículos de motor y motocicletas, transporte y almacenamiento, hostelería;Valor;2018;2.606.898
Cantabria;G_I. Comercio al por mayor y al por menor, reparación de vehículos de motor y motocicletas, transporte y almacenamiento, hostelería;Valor;2017;2.528.446
Cantabria;G_I. Comercio al por mayor y al por menor, reparación de vehículos de motor y motocicletas, transporte y almacenamiento, hostelería;Valor;2016;2.409.034
Cantabria;G_I. Comercio al por mayor y al por menor, reparación de vehículos de motor y motocicletas, transporte y almacenamiento, hostelería;Tasas de variación interanuales;2022(A);19,3
Cantabria;G_I. Comercio al por mayor y al por menor, reparación de vehículos de motor y motocicletas, transporte y almacenamiento, hostelería;Tasas de variación interanuales;2021(P);17,8
Cantabria;G_I. Comercio al por mayor y al por menor, reparación de vehículos de motor y motocicletas, transporte y almacenamiento, hostelería;Tasas de variación interanuales;2020;-22,6
Cantabria;G_I. Comercio al por mayor y al por menor, reparación de vehículos de motor y motocicletas, transporte y almacenamiento, hostelería;Tasas de variación interanuales;2019;3,3
Cantabria;G_I. Comercio al por mayor y al por menor, reparación de vehículos de motor y motocicletas, transporte y almacenamiento, hostelería;Tasas de variación interanuales;2018;3,1
Cantabria;G_I. Comercio al por mayor y al por menor, reparación de vehículos de motor y motocicletas, transporte y almacenamiento, hostelería;Tasas de variación interanuales;2017;5
Cantabria;G_I. Comercio al por mayor y al por menor, reparación de vehículos de motor y motocicletas, transporte y almacenamiento, hostelería;Tasas de variación interanuales;2016;..
Cantabria;G_I. Comercio al por mayor y al por menor, reparación de vehículos de motor y motocicletas, transporte y almacenamiento, hostelería;Estructura porcentual;2022(A);19,1
Cantabria;G_I. Comercio al por mayor y al por menor, reparación de vehículos de motor y motocicletas, transporte y almacenamiento, hostelería;Estructura porcentual;2021(P);17,5
Cantabria;G_I. Comercio al por mayor y al por menor, reparación de vehículos de motor y motocicletas, transporte y almacenamiento, hostelería;Estructura porcentual;2020;16,2
Cantabria;G_I. Comercio al por mayor y al por menor, reparación de vehículos de motor y motocicletas, transporte y almacenamiento, hostelería;Estructura porcentual;2019;19
Cantabria;G_I. Comercio al por mayor y al por menor, reparación de vehículos de motor y motocicletas, transporte y almacenamiento, hostelería;Estructura porcentual;2018;19
Cantabria;G_I. Comercio al por mayor y al por menor, reparación de vehículos de motor y motocicletas, transporte y almacenamiento, hostelería;Estructura porcentual;2017;19,1
Cantabria;G_I. Comercio al por mayor y al por menor, reparación de vehículos de motor y motocicletas, transporte y almacenamiento, hostelería;Estructura porcentual;2016;18,9
Cantabria;J. Información y comunicaciones;Valor;2022(A);247.075
Cantabria;J. Información y comunicaciones;Valor;2021(P);237.417
Cantabria;J. Información y comunicaciones;Valor;2020;233.852
Cantabria;J. Información y comunicaciones;Valor;2019;228.472
Cantabria;J. Información y comunicaciones;Valor;2018;220.201
Cantabria;J. Información y comunicaciones;Valor;2017;225.968
Cantabria;J. Información y comunicaciones;Valor;2016;223.855
Cantabria;J. Información y comunicaciones;Tasas de variación interanuales;2022(A);4,1
Cantabria;J. Información y comunicaciones;Tasas de variación interanuales;2021(P);1,5
Cantabria;J. Información y comunicaciones;Tasas de variación interanuales;2020;2,4
Cantabria;J. Información y comunicaciones;Tasas de variación interanuales;2019;3,8
Cantabria;J. Información y comunicaciones;Tasas de variación interanuales;2018;-2,6
Cantabria;J. Información y comunicaciones;Tasas de variación interanuales;2017;0,9
Cantabria;J. Información y comunicaciones;Tasas de variación interanuales;2016;..
Cantabria;J. Información y comunicaciones;Estructura porcentual;2022(A);1,6
Cantabria;J. Información y comunicaciones;Estructura porcentual;2021(P);1,7
Cantabria;J. Información y comunicaciones;Estructura porcentual;2020;1,8
Cantabria;J. Información y comunicaciones;Estructura porcentual;2019;1,6
Cantabria;J. Información y comunicaciones;Estructura porcentual;2018;1,6
Cantabria;J. Información y comunicaciones;Estructura porcentual;2017;1,7
Cantabria;J. Información y comunicaciones;Estructura porcentual;2016;1,8
Cantabria;K. Actividades financieras y de seguros;Valor;2022(A);497.746
Cantabria;K. Actividades financieras y de seguros;Valor;2021(P);439.321
Cantabria;K. Actividades financieras y de seguros;Valor;2020;432.198
Cantabria;K. Actividades financieras y de seguros;Valor;2019;414.519
Cantabria;K. Actividades financieras y de seguros;Valor;2018;420.482
Cantabria;K. Actividades financieras y de seguros;Valor;2017;383.310
Cantabria;K. Actividades financieras y de seguros;Valor;2016;366.114
Cantabria;K. Actividades financieras y de seguros;Tasas de variación interanuales;2022(A);13,3
Cantabria;K. Actividades financieras y de seguros;Tasas de variación interanuales;2021(P);1,6
Cantabria;K. Actividades financieras y de seguros;Tasas de variación interanuales;2020;4,3
Cantabria;K. Actividades financieras y de seguros;Tasas de variación interanuales;2019;-1,4
Cantabria;K. Actividades financieras y de seguros;Tasas de variación interanuales;2018;9,7
Cantabria;K. Actividades financieras y de seguros;Tasas de variación interanuales;2017;4,7
Cantabria;K. Actividades financieras y de seguros;Tasas de variación interanuales;2016;..
Cantabria;K. Actividades financieras y de seguros;Estructura porcentual;2022(A);3,2
Cantabria;K. Actividades financieras y de seguros;Estructura porcentual;2021(P);3,1
Cantabria;K. Actividades financieras y de seguros;Estructura porcentual;2020;3,4
Cantabria;K. Actividades financieras y de seguros;Estructura porcentual;2019;2,9
Cantabria;K. Actividades financieras y de seguros;Estructura porcentual;2018;3,1
Cantabria;K. Actividades financieras y de seguros;Estructura porcentual;2017;2,9
Cantabria;K. Actividades financieras y de seguros;Estructura porcentual;2016;2,9
Cantabria;L. Actividades inmobiliarias;Valor;2022(A);1.856.974
Cantabria;L. Actividades inmobiliarias;Valor;2021(P);1.787.659
Cantabria;L. Actividades inmobiliarias;Valor;2020;1.745.949
Cantabria;L. Actividades inmobiliarias;Valor;2019;1.751.170
Cantabria;L. Actividades inmobiliarias;Valor;2018;1.696.715
Cantabria;L. Actividades inmobiliarias;Valor;2017;1.645.474
Cantabria;L. Actividades inmobiliarias;Valor;2016;1.625.333
Cantabria;L. Actividades inmobiliarias;Tasas de variación interanuales;2022(A);3,9
Cantabria;L. Actividades inmobiliarias;Tasas de variación interanuales;2021(P);2,4
Cantabria;L. Actividades inmobiliarias;Tasas de variación interanuales;2020;-0,3
Cantabria;L. Actividades inmobiliarias;Tasas de variación interanuales;2019;3,2
Cantabria;L. Actividades inmobiliarias;Tasas de variación interanuales;2018;3,1
Cantabria;L. Actividades inmobiliarias;Tasas de variación interanuales;2017;1,2
Cantabria;L. Actividades inmobiliarias;Tasas de variación interanuales;2016;..
Cantabria;L. Actividades inmobiliarias;Estructura porcentual;2022(A);12,1
Cantabria;L. Actividades inmobiliarias;Estructura porcentual;2021(P);12,7
Cantabria;L. Actividades inmobiliarias;Estructura porcentual;2020;13,6
Cantabria;L. Actividades inmobiliarias;Estructura porcentual;2019;12,3
Cantabria;L. Actividades inmobiliarias;Estructura porcentual;2018;12,3
Cantabria;L. Actividades inmobiliarias;Estructura porcentual;2017;12,4
Cantabria;L. Actividades inmobiliarias;Estructura porcentual;2016;12,8
Cantabria;M_N. Actividades profesionales, científicas y técnicas, actividades administrativas y servicios auxiliares;Valor;2022(A);917.873
Cantabria;M_N. Actividades profesionales, científicas y técnicas, actividades administrativas y servicios auxiliares;Valor;2021(P);851.561
Cantabria;M_N. Actividades profesionales, científicas y técnicas, actividades administrativas y servicios auxiliares;Valor;2020;762.496
Cantabria;M_N. Actividades profesionales, científicas y técnicas, actividades administrativas y servicios auxiliares;Valor;2019;802.229
Cantabria;M_N. Actividades profesionales, científicas y técnicas, actividades administrativas y servicios auxiliares;Valor;2018;775.446
Cantabria;M_N. Actividades profesionales, científicas y técnicas, actividades administrativas y servicios auxiliares;Valor;2017;748.054
Cantabria;M_N. Actividades profesionales, científicas y técnicas, actividades administrativas y servicios auxiliares;Valor;2016;726.594
Cantabria;M_N. Actividades profesionales, científicas y técnicas, actividades administrativas y servicios auxiliares;Tasas de variación interanuales;2022(A);7,8
Cantabria;M_N. Actividades profesionales, científicas y técnicas, actividades administrativas y servicios auxiliares;Tasas de variación interanuales;2021(P);11,7
Cantabria;M_N. Actividades profesionales, científicas y técnicas, actividades administrativas y servicios auxiliares;Tasas de variación interanuales;2020;-5
Cantabria;M_N. Actividades profesionales, científicas y técnicas, actividades administrativas y servicios auxiliares;Tasas de variación interanuales;2019;3,5
Cantabria;M_N. Actividades profesionales, científicas y técnicas, actividades administrativas y servicios auxiliares;Tasas de variación interanuales;2018;3,7
Cantabria;M_N. Actividades profesionales, científicas y técnicas, actividades administrativas y servicios auxiliares;Tasas de variación interanuales;2017;3
Cantabria;M_N. Actividades profesionales, científicas y técnicas, actividades administrativas y servicios auxiliares;Tasas de variación interanuales;2016;..
Cantabria;M_N. Actividades profesionales, científicas y técnicas, actividades administrativas y servicios auxiliares;Estructura porcentual;2022(A);6
Cantabria;M_N. Actividades profesionales, científicas y técnicas, actividades administrativas y servicios auxiliares;Estructura porcentual;2021(P);6,1
Cantabria;M_N. Actividades profesionales, científicas y técnicas, actividades administrativas y servicios auxiliares;Estructura porcentual;2020;5,9
Cantabria;M_N. Actividades profesionales, científicas y técnicas, actividades administrativas y servicios auxiliares;Estructura porcentual;2019;5,7
Cantabria;M_N. Actividades profesionales, científicas y técnicas, actividades administrativas y servicios auxiliares;Estructura porcentual;2018;5,6
Cantabria;M_N. Actividades profesionales, científicas y técnicas, actividades administrativas y servicios auxiliares;Estructura porcentual;2017;5,7
Cantabria;M_N. Actividades profesionales, científicas y técnicas, actividades administrativas y servicios auxiliares;Estructura porcentual;2016;5,7
Cantabria;O_Q. Administración pública y defensa, seguridad social obligatoria, educación, actividades sanitarias y de servicios sociales;Valor;2022(A);2.639.537
Cantabria;O_Q. Administración pública y defensa, seguridad social obligatoria, educación, actividades sanitarias y de servicios sociales;Valor;2021(P);2.547.812
Cantabria;O_Q. Administración pública y defensa, seguridad social obligatoria, educación, actividades sanitarias y de servicios sociales;Valor;2020;2.506.244
Cantabria;O_Q. Administración pública y defensa, seguridad social obligatoria, educación, actividades sanitarias y de servicios sociales;Valor;2019;2.536.541
Cantabria;O_Q. Administración pública y defensa, seguridad social obligatoria, educación, actividades sanitarias y de servicios sociales;Valor;2018;2.406.030
Cantabria;O_Q. Administración pública y defensa, seguridad social obligatoria, educación, actividades sanitarias y de servicios sociales;Valor;2017;2.284.013
Cantabria;O_Q. Administración pública y defensa, seguridad social obligatoria, educación, actividades sanitarias y de servicios sociales;Valor;2016;2.261.744
Cantabria;O_Q. Administración pública y defensa, seguridad social obligatoria, educación, actividades sanitarias y de servicios sociales;Tasas de variación interanuales;2022(A);3,6
Cantabria;O_Q. Administración pública y defensa, seguridad social obligatoria, educación, actividades sanitarias y de servicios sociales;Tasas de variación interanuales;2021(P);1,7
Cantabria;O_Q. Administración pública y defensa, seguridad social obligatoria, educación, actividades sanitarias y de servicios sociales;Tasas de variación interanuales;2020;-1,2
Cantabria;O_Q. Administración pública y defensa, seguridad social obligatoria, educación, actividades sanitarias y de servicios sociales;Tasas de variación interanuales;2019;5,4
Cantabria;O_Q. Administración pública y defensa, seguridad social obligatoria, educación, actividades sanitarias y de servicios sociales;Tasas de variación interanuales;2018;5,3
Cantabria;O_Q. Administración pública y defensa, seguridad social obligatoria, educación, actividades sanitarias y de servicios sociales;Tasas de variación interanuales;2017;1
Cantabria;O_Q. Administración pública y defensa, seguridad social obligatoria, educación, actividades sanitarias y de servicios sociales;Tasas de variación interanuales;2016;..
Cantabria;O_Q. Administración pública y defensa, seguridad social obligatoria, educación, actividades sanitarias y de servicios sociales;Estructura porcentual;2022(A);17,2
Cantabria;O_Q. Administración pública y defensa, seguridad social obligatoria, educación, actividades sanitarias y de servicios sociales;Estructura porcentual;2021(P);18,2
Cantabria;O_Q. Administración pública y defensa, seguridad social obligatoria, educación, actividades sanitarias y de servicios sociales;Estructura porcentual;2020;19,5
Cantabria;O_Q. Administración pública y defensa, seguridad social obligatoria, educación, actividades sanitarias y de servicios sociales;Estructura porcentual;2019;17,9
Cantabria;O_Q. Administración pública y defensa, seguridad social obligatoria, educación, actividades sanitarias y de servicios sociales;Estructura porcentual;2018;17,5
Cantabria;O_Q. Administración pública y defensa, seguridad social obligatoria, educación, actividades sanitarias y de servicios sociales;Estructura porcentual;2017;17,3
Cantabria;O_Q. Administración pública y defensa, seguridad social obligatoria, educación, actividades sanitarias y de servicios sociales;Estructura porcentual;2016;17,8
Cantabria;R_U. Actividades artísticas, recreativas y de entretenimiento, reparación de artículos de uso doméstico y otros servicios;Valor;2022(A);606.319
Cantabria;R_U. Actividades artísticas, recreativas y de entretenimiento, reparación de artículos de uso doméstico y otros servicios;Valor;2021(P);522.078
Cantabria;R_U. Actividades artísticas, recreativas y de entretenimiento, reparación de artículos de uso doméstico y otros servicios;Valor;2020;516.487
Cantabria;R_U. Actividades artísticas, recreativas y de entretenimiento, reparación de artículos de uso doméstico y otros servicios;Valor;2019;681.343
Cantabria;R_U. Actividades artísticas, recreativas y de entretenimiento, reparación de artículos de uso doméstico y otros servicios;Valor;2018;667.193
Cantabria;R_U. Actividades artísticas, recreativas y de entretenimiento, reparación de artículos de uso doméstico y otros servicios;Valor;2017;636.869
Cantabria;R_U. Actividades artísticas, recreativas y de entretenimiento, reparación de artículos de uso doméstico y otros servicios;Valor;2016;606.919
Cantabria;R_U. Actividades artísticas, recreativas y de entretenimiento, reparación de artículos de uso doméstico y otros servicios;Tasas de variación interanuales;2022(A);16,1
Cantabria;R_U. Actividades artísticas, recreativas y de entretenimiento, reparación de artículos de uso doméstico y otros servicios;Tasas de variación interanuales;2021(P);1,1
Cantabria;R_U. Actividades artísticas, recreativas y de entretenimiento, reparación de artículos de uso doméstico y otros servicios;Tasas de variación interanuales;2020;-24,2
Cantabria;R_U. Actividades artísticas, recreativas y de entretenimiento, reparación de artículos de uso doméstico y otros servicios;Tasas de variación interanuales;2019;2,1
Cantabria;R_U. Actividades artísticas, recreativas y de entretenimiento, reparación de artículos de uso doméstico y otros servicios;Tasas de variación interanuales;2018;4,8
Cantabria;R_U. Actividades artísticas, recreativas y de entretenimiento, reparación de artículos de uso doméstico y otros servicios;Tasas de variación interanuales;2017;4,9
Cantabria;R_U. Actividades artísticas, recreativas y de entretenimiento, reparación de artículos de uso doméstico y otros servicios;Tasas de variación interanuales;2016;..
Cantabria;R_U. Actividades artísticas, recreativas y de entretenimiento, reparación de artículos de uso doméstico y otros servicios;Estructura porcentual;2022(A);3,9
Cantabria;R_U. Actividades artísticas, recreativas y de entretenimiento, reparación de artículos de uso doméstico y otros servicios;Estructura porcentual;2021(P);3,7
Cantabria;R_U. Actividades artísticas, recreativas y de entretenimiento, reparación de artículos de uso doméstico y otros servicios;Estructura porcentual;2020;4
Cantabria;R_U. Actividades artísticas, recreativas y de entretenimiento, reparación de artículos de uso doméstico y otros servicios;Estructura porcentual;2019;4,8
Cantabria;R_U. Actividades artísticas, recreativas y de entretenimiento, reparación de artículos de uso doméstico y otros servicios;Estructura porcentual;2018;4,9
Cantabria;R_U. Actividades artísticas, recreativas y de entretenimiento, reparación de artículos de uso doméstico y otros servicios;Estructura porcentual;2017;4,8
Cantabria;R_U. Actividades artísticas, recreativas y de entretenimiento, reparación de artículos de uso doméstico y otros servicios;Estructura porcentual;2016;4,8
Cantabria;Valor añadido bruto total;Valor;2022(A);13.977.791
Cantabria;Valor añadido bruto total;Valor;2021(P);12.686.306
Cantabria;Valor añadido bruto total;Valor;2020;11.727.623
Cantabria;Valor añadido bruto total;Valor;2019;12.861.251
Cantabria;Valor añadido bruto total;Valor;2018;12.437.486
Cantabria;Valor añadido bruto total;Valor;2017;11.991.807
Cantabria;Valor añadido bruto total;Valor;2016;11.557.036
Cantabria;Valor añadido bruto total;Tasas de variación interanuales;2022(A);10,2
Cantabria;Valor añadido bruto total;Tasas de variación interanuales;2021(P);8,2
Cantabria;Valor añadido bruto total;Tasas de variación interanuales;2020;-8,8
Cantabria;Valor añadido bruto total;Tasas de variación interanuales;2019;3,4
Cantabria;Valor añadido bruto total;Tasas de variación interanuales;2018;3,7
Cantabria;Valor añadido bruto total;Tasas de variación interanuales;2017;3,8
Cantabria;Valor añadido bruto total;Tasas de variación interanuales;2016;..
Cantabria;Valor añadido bruto total;Estructura porcentual;2022(A);91
Cantabria;Valor añadido bruto total;Estructura porcentual;2021(P);90,5
Cantabria;Valor añadido bruto total;Estructura porcentual;2020;91,2
Cantabria;Valor añadido bruto total;Estructura porcentual;2019;90,7
Cantabria;Valor añadido bruto total;Estructura porcentual;2018;90,5
Cantabria;Valor añadido bruto total;Estructura porcentual;2017;90,7
Cantabria;Valor añadido bruto total;Estructura porcentual;2016;90,7
Cantabria;Impuestos netos sobre los productos;Valor;2022(A);1.377.043
Cantabria;Impuestos netos sobre los productos;Valor;2021(P);1.335.761
Cantabria;Impuestos netos sobre los productos;Valor;2020;1.124.700
Cantabria;Impuestos netos sobre los productos;Valor;2019;1.319.508
Cantabria;Impuestos netos sobre los productos;Valor;2018;1.306.506
Cantabria;Impuestos netos sobre los productos;Valor;2017;1.236.807
Cantabria;Impuestos netos sobre los productos;Valor;2016;1.178.848
Cantabria;Impuestos netos sobre los productos;Tasas de variación interanuales;2022(A);3,1
Cantabria;Impuestos netos sobre los productos;Tasas de variación interanuales;2021(P);18,8
Cantabria;Impuestos netos sobre los productos;Tasas de variación interanuales;2020;-14,8
Cantabria;Impuestos netos sobre los productos;Tasas de variación interanuales;2019;1
Cantabria;Impuestos netos sobre los productos;Tasas de variación interanuales;2018;5,6
Cantabria;Impuestos netos sobre los productos;Tasas de variación interanuales;2017;4,9
Cantabria;Impuestos netos sobre los productos;Tasas de variación interanuales;2016;..
Cantabria;Impuestos netos sobre los productos;Estructura porcentual;2022(A);9
Cantabria;Impuestos netos sobre los productos;Estructura porcentual;2021(P);9,5
Cantabria;Impuestos netos sobre los productos;Estructura porcentual;2020;8,8
Cantabria;Impuestos netos sobre los productos;Estructura porcentual;2019;9,3
Cantabria;Impuestos netos sobre los productos;Estructura porcentual;2018;9,5
Cantabria;Impuestos netos sobre los productos;Estructura porcentual;2017;9,3
Cantabria;Impuestos netos sobre los productos;Estructura porcentual;2016;9,3
Cantabria;PRODUCTO INTERIOR BRUTO A PRECIOS DE MERCADO;Valor;2022(A);15.354.834
Cantabria;PRODUCTO INTERIOR BRUTO A PRECIOS DE MERCADO;Valor;2021(P);14.022.067
Cantabria;PRODUCTO INTERIOR BRUTO A PRECIOS DE MERCADO;Valor;2020;12.852.323
Cantabria;PRODUCTO INTERIOR BRUTO A PRECIOS DE MERCADO;Valor;2019;14.180.759
Cantabria;PRODUCTO INTERIOR BRUTO A PRECIOS DE MERCADO;Valor;2018;13.743.992
Cantabria;PRODUCTO INTERIOR BRUTO A PRECIOS DE MERCADO;Valor;2017;13.228.614
Cantabria;PRODUCTO INTERIOR BRUTO A PRECIOS DE MERCADO;Valor;2016;12.735.884
Cantabria;PRODUCTO INTERIOR BRUTO A PRECIOS DE MERCADO;Tasas de variación interanuales;2022(A);9,5
Cantabria;PRODUCTO INTERIOR BRUTO A PRECIOS DE MERCADO;Tasas de variación interanuales;2021(P);9,1
Cantabria;PRODUCTO INTERIOR BRUTO A PRECIOS DE MERCADO;Tasas de variación interanuales;2020;-9,4
Cantabria;PRODUCTO INTERIOR BRUTO A PRECIOS DE MERCADO;Tasas de variación interanuales;2019;3,2
Cantabria;PRODUCTO INTERIOR BRUTO A PRECIOS DE MERCADO;Tasas de variación interanuales;2018;3,9
Cantabria;PRODUCTO INTERIOR BRUTO A PRECIOS DE MERCADO;Tasas de variación interanuales;2017;3,9
Cantabria;PRODUCTO INTERIOR BRUTO A PRECIOS DE MERCADO;Tasas de variación interanuales;2016;..
Cantabria;PRODUCTO INTERIOR BRUTO A PRECIOS DE MERCADO;Estructura porcentual;2022(A);100
Cantabria;PRODUCTO INTERIOR BRUTO A PRECIOS DE MERCADO;Estructura porcentual;2021(P);100
Cantabria;PRODUCTO INTERIOR BRUTO A PRECIOS DE MERCADO;Estructura porcentual;2020;100
Cantabria;PRODUCTO INTERIOR BRUTO A PRECIOS DE MERCADO;Estructura porcentual;2019;100
Cantabria;PRODUCTO INTERIOR BRUTO A PRECIOS DE MERCADO;Estructura porcentual;2018;100
Cantabria;PRODUCTO INTERIOR BRUTO A PRECIOS DE MERCADO;Estructura porcentual;2017;100
Cantabria;PRODUCTO INTERIOR BRUTO A PRECIOS DE MERCADO;Estructura porcentual;2016;100
Castilla y León;PRODUCTO INTERIOR BRUTO A PRECIOS DE MERCADO;Valor;2022(A);64.226.642
Castilla y León;PRODUCTO INTERIOR BRUTO A PRECIOS DE MERCADO;Valor;2021(P);59.263.791
Castilla y León;PRODUCTO INTERIOR BRUTO A PRECIOS DE MERCADO;Valor;2020;54.836.565
Castilla y León;PRODUCTO INTERIOR BRUTO A PRECIOS DE MERCADO;Valor;2019;59.798.553
Castilla y León;PRODUCTO INTERIOR BRUTO A PRECIOS DE MERCADO;Valor;2018;58.545.871
Castilla y León;PRODUCTO INTERIOR BRUTO A PRECIOS DE MERCADO;Valor;2017;56.058.853
Castilla y León;PRODUCTO INTERIOR BRUTO A PRECIOS DE MERCADO;Valor;2016;54.764.564
Castilla y León;PRODUCTO INTERIOR BRUTO A PRECIOS DE MERCADO;Tasas de variación interanuales;2022(A);8,4
Castilla y León;PRODUCTO INTERIOR BRUTO A PRECIOS DE MERCADO;Tasas de variación interanuales;2021(P);8,1
Castilla y León;PRODUCTO INTERIOR BRUTO A PRECIOS DE MERCADO;Tasas de variación interanuales;2020;-8,3
Castilla y León;PRODUCTO INTERIOR BRUTO A PRECIOS DE MERCADO;Tasas de variación interanuales;2019;2,1
Castilla y León;PRODUCTO INTERIOR BRUTO A PRECIOS DE MERCADO;Tasas de variación interanuales;2018;4,4
Castilla y León;PRODUCTO INTERIOR BRUTO A PRECIOS DE MERCADO;Tasas de variación interanuales;2017;2,4
Castilla y León;PRODUCTO INTERIOR BRUTO A PRECIOS DE MERCADO;Tasas de variación interanuales;2016;..
Castilla y León;PRODUCTO INTERIOR BRUTO A PRECIOS DE MERCADO;Estructura porcentual;2022(A);100
Castilla y León;PRODUCTO INTERIOR BRUTO A PRECIOS DE MERCADO;Estructura porcentual;2021(P);100
Castilla y León;PRODUCTO INTERIOR BRUTO A PRECIOS DE MERCADO;Estructura porcentual;2020;100
Castilla y León;PRODUCTO INTERIOR BRUTO A PRECIOS DE MERCADO;Estructura porcentual;2019;100
Castilla y León;PRODUCTO INTERIOR BRUTO A PRECIOS DE MERCADO;Estructura porcentual;2018;100
Castilla y León;PRODUCTO INTERIOR BRUTO A PRECIOS DE MERCADO;Estructura porcentual;2017;100
Castilla y León;PRODUCTO INTERIOR BRUTO A PRECIOS DE MERCADO;Estructura porcentual;2016;100
Castilla y León;A. Agricultura, ganadería, silvicultura y pesca;Valor;2022(A);3.037.594
Castilla y León;A. Agricultura, ganadería, silvicultura y pesca;Valor;2021(P);3.199.690
Castilla y León;A. Agricultura, ganadería, silvicultura y pesca;Valor;2020;2.883.998
Castilla y León;A. Agricultura, ganadería, silvicultura y pesca;Valor;2019;2.520.576
Castilla y León;A. Agricultura, ganadería, silvicultura y pesca;Valor;2018;2.843.662
Castilla y León;A. Agricultura, ganadería, silvicultura y pesca;Valor;2017;1.852.830
Castilla y León;A. Agricultura, ganadería, silvicultura y pesca;Valor;2016;2.728.946
Castilla y León;A. Agricultura, ganadería, silvicultura y pesca;Tasas de variación interanuales;2022(A);-5,1
Castilla y León;A. Agricultura, ganadería, silvicultura y pesca;Tasas de variación interanuales;2021(P);10,9
Castilla y León;A. Agricultura, ganadería, silvicultura y pesca;Tasas de variación interanuales;2020;14,4
Castilla y León;A. Agricultura, ganadería, silvicultura y pesca;Tasas de variación interanuales;2019;-11,4
Castilla y León;A. Agricultura, ganadería, silvicultura y pesca;Tasas de variación interanuales;2018;53,5
Castilla y León;A. Agricultura, ganadería, silvicultura y pesca;Tasas de variación interanuales;2017;-32,1
Castilla y León;A. Agricultura, ganadería, silvicultura y pesca;Tasas de variación interanuales;2016;..
Castilla y León;A. Agricultura, ganadería, silvicultura y pesca;Estructura porcentual;2022(A);4,7
Castilla y León;A. Agricultura, ganadería, silvicultura y pesca;Estructura porcentual;2021(P);5,4
Castilla y León;A. Agricultura, ganadería, silvicultura y pesca;Estructura porcentual;2020;5,3
Castilla y León;A. Agricultura, ganadería, silvicultura y pesca;Estructura porcentual;2019;4,2
Castilla y León;A. Agricultura, ganadería, silvicultura y pesca;Estructura porcentual;2018;4,9
Castilla y León;A. Agricultura, ganadería, silvicultura y pesca;Estructura porcentual;2017;3,3
Castilla y León;A. Agricultura, ganadería, silvicultura y pesca;Estructura porcentual;2016;5
Castilla y León;B_E. Industrias extractivas, industria manufacturera, suministro de energía eléctrica, gas, vapor y aire acondicionado, suministro de agua, actividades de saneamiento, gestión de residuos y descontaminación;Valor;2022(A);12.617.261
Castilla y León;B_E. Industrias extractivas, industria manufacturera, suministro de energía eléctrica, gas, vapor y aire acondicionado, suministro de agua, actividades de saneamiento, gestión de residuos y descontaminación;Valor;2021(P);11.287.835
Castilla y León;B_E. Industrias extractivas, industria manufacturera, suministro de energía eléctrica, gas, vapor y aire acondicionado, suministro de agua, actividades de saneamiento, gestión de residuos y descontaminación;Valor;2020;9.948.877
Castilla y León;B_E. Industrias extractivas, industria manufacturera, suministro de energía eléctrica, gas, vapor y aire acondicionado, suministro de agua, actividades de saneamiento, gestión de residuos y descontaminación;Valor;2019;10.752.700
Castilla y León;B_E. Industrias extractivas, industria manufacturera, suministro de energía eléctrica, gas, vapor y aire acondicionado, suministro de agua, actividades de saneamiento, gestión de residuos y descontaminación;Valor;2018;10.456.129
Castilla y León;B_E. Industrias extractivas, industria manufacturera, suministro de energía eléctrica, gas, vapor y aire acondicionado, suministro de agua, actividades de saneamiento, gestión de residuos y descontaminación;Valor;2017;10.350.414
Castilla y León;B_E. Industrias extractivas, industria manufacturera, suministro de energía eléctrica, gas, vapor y aire acondicionado, suministro de agua, actividades de saneamiento, gestión de residuos y descontaminación;Valor;2016;9.878.813
Castilla y León;B_E. Industrias extractivas, industria manufacturera, suministro de energía eléctrica, gas, vapor y aire acondicionado, suministro de agua, actividades de saneamiento, gestión de residuos y descontaminación;Tasas de variación interanuales;2022(A);11,8
Castilla y León;B_E. Industrias extractivas, industria manufacturera, suministro de energía eléctrica, gas, vapor y aire acondicionado, suministro de agua, actividades de saneamiento, gestión de residuos y descontaminación;Tasas de variación interanuales;2021(P);13,5
Castilla y León;B_E. Industrias extractivas, industria manufacturera, suministro de energía eléctrica, gas, vapor y aire acondicionado, suministro de agua, actividades de saneamiento, gestión de residuos y descontaminación;Tasas de variación interanuales;2020;-7,5
Castilla y León;B_E. Industrias extractivas, industria manufacturera, suministro de energía eléctrica, gas, vapor y aire acondicionado, suministro de agua, actividades de saneamiento, gestión de residuos y descontaminación;Tasas de variación interanuales;2019;2,8
Castilla y León;B_E. Industrias extractivas, industria manufacturera, suministro de energía eléctrica, gas, vapor y aire acondicionado, suministro de agua, actividades de saneamiento, gestión de residuos y descontaminación;Tasas de variación interanuales;2018;1
Castilla y León;B_E. Industrias extractivas, industria manufacturera, suministro de energía eléctrica, gas, vapor y aire acondicionado, suministro de agua, actividades de saneamiento, gestión de residuos y descontaminación;Tasas de variación interanuales;2017;4,8
Castilla y León;B_E. Industrias extractivas, industria manufacturera, suministro de energía eléctrica, gas, vapor y aire acondicionado, suministro de agua, actividades de saneamiento, gestión de residuos y descontaminación;Tasas de variación interanuales;2016;..
Castilla y León;B_E. Industrias extractivas, industria manufacturera, suministro de energía eléctrica, gas, vapor y aire acondicionado, suministro de agua, actividades de saneamiento, gestión de residuos y descontaminación;Estructura porcentual;2022(A);19,6
Castilla y León;B_E. Industrias extractivas, industria manufacturera, suministro de energía eléctrica, gas, vapor y aire acondicionado, suministro de agua, actividades de saneamiento, gestión de residuos y descontaminación;Estructura porcentual;2021(P);19
Castilla y León;B_E. Industrias extractivas, industria manufacturera, suministro de energía eléctrica, gas, vapor y aire acondicionado, suministro de agua, actividades de saneamiento, gestión de residuos y descontaminación;Estructura porcentual;2020;18,1
Castilla y León;B_E. Industrias extractivas, industria manufacturera, suministro de energía eléctrica, gas, vapor y aire acondicionado, suministro de agua, actividades de saneamiento, gestión de residuos y descontaminación;Estructura porcentual;2019;18
Castilla y León;B_E. Industrias extractivas, industria manufacturera, suministro de energía eléctrica, gas, vapor y aire acondicionado, suministro de agua, actividades de saneamiento, gestión de residuos y descontaminación;Estructura porcentual;2018;17,9
Castilla y León;B_E. Industrias extractivas, industria manufacturera, suministro de energía eléctrica, gas, vapor y aire acondicionado, suministro de agua, actividades de saneamiento, gestión de residuos y descontaminación;Estructura porcentual;2017;18,5
Castilla y León;B_E. Industrias extractivas, industria manufacturera, suministro de energía eléctrica, gas, vapor y aire acondicionado, suministro de agua, actividades de saneamiento, gestión de residuos y descontaminación;Estructura porcentual;2016;18
Castilla y León;C. - De las cuales: Industria manufacturera;Valor;2022(A);9.582.358
Castilla y León;C. - De las cuales: Industria manufacturera;Valor;2021(P);8.719.598
Castilla y León;C. - De las cuales: Industria manufacturera;Valor;2020;7.962.867
Castilla y León;C. - De las cuales: Industria manufacturera;Valor;2019;8.593.537
Castilla y León;C. - De las cuales: Industria manufacturera;Valor;2018;8.283.121
Castilla y León;C. - De las cuales: Industria manufacturera;Valor;2017;8.350.011
Castilla y León;C. - De las cuales: Industria manufacturera;Valor;2016;7.842.036
Castilla y León;C. - De las cuales: Industria manufacturera;Tasas de variación interanuales;2022(A);9,9
Castilla y León;C. - De las cuales: Industria manufacturera;Tasas de variación interanuales;2021(P);9,5
Castilla y León;C. - De las cuales: Industria manufacturera;Tasas de variación interanuales;2020;-7,3
Castilla y León;C. - De las cuales: Industria manufacturera;Tasas de variación interanuales;2019;3,7
Castilla y León;C. - De las cuales: Industria manufacturera;Tasas de variación interanuales;2018;-0,8
Castilla y León;C. - De las cuales: Industria manufacturera;Tasas de variación interanuales;2017;6,5
Castilla y León;C. - De las cuales: Industria manufacturera;Tasas de variación interanuales;2016;..
Castilla y León;C. - De las cuales: Industria manufacturera;Estructura porcentual;2022(A);14,9
Castilla y León;C. - De las cuales: Industria manufacturera;Estructura porcentual;2021(P);14,7
Castilla y León;C. - De las cuales: Industria manufacturera;Estructura porcentual;2020;14,5
Castilla y León;C. - De las cuales: Industria manufacturera;Estructura porcentual;2019;14,4
Castilla y León;C. - De las cuales: Industria manufacturera;Estructura porcentual;2018;14,1
Castilla y León;C. - De las cuales: Industria manufacturera;Estructura porcentual;2017;14,9
Castilla y León;C. - De las cuales: Industria manufacturera;Estructura porcentual;2016;14,3
Castilla y León;F. Construcción;Valor;2022(A);3.403.704
Castilla y León;F. Construcción;Valor;2021(P);3.234.368
Castilla y León;F. Construcción;Valor;2020;3.196.523
Castilla y León;F. Construcción;Valor;2019;3.603.267
Castilla y León;F. Construcción;Valor;2018;3.317.085
Castilla y León;F. Construcción;Valor;2017;3.254.595
Castilla y León;F. Construcción;Valor;2016;3.147.919
Castilla y León;F. Construcción;Tasas de variación interanuales;2022(A);5,2
Castilla y León;F. Construcción;Tasas de variación interanuales;2021(P);1,2
Castilla y León;F. Construcción;Tasas de variación interanuales;2020;-11,3
Castilla y León;F. Construcción;Tasas de variación interanuales;2019;8,6
Castilla y León;F. Construcción;Tasas de variación interanuales;2018;1,9
Castilla y León;F. Construcción;Tasas de variación interanuales;2017;3,4
Castilla y León;F. Construcción;Tasas de variación interanuales;2016;..
Castilla y León;F. Construcción;Estructura porcentual;2022(A);5,3
Castilla y León;F. Construcción;Estructura porcentual;2021(P);5,5
Castilla y León;F. Construcción;Estructura porcentual;2020;5,8
Castilla y León;F. Construcción;Estructura porcentual;2019;6
Castilla y León;F. Construcción;Estructura porcentual;2018;5,7
Castilla y León;F. Construcción;Estructura porcentual;2017;5,8
Castilla y León;F. Construcción;Estructura porcentual;2016;5,7
Castilla y León;G_I. Comercio al por mayor y al por menor, reparación de vehículos de motor y motocicletas, transporte y almacenamiento, hostelería;Valor;2022(A);12.049.139
Castilla y León;G_I. Comercio al por mayor y al por menor, reparación de vehículos de motor y motocicletas, transporte y almacenamiento, hostelería;Valor;2021(P);10.102.843
Castilla y León;G_I. Comercio al por mayor y al por menor, reparación de vehículos de motor y motocicletas, transporte y almacenamiento, hostelería;Valor;2020;8.680.651
Castilla y León;G_I. Comercio al por mayor y al por menor, reparación de vehículos de motor y motocicletas, transporte y almacenamiento, hostelería;Valor;2019;11.024.204
Castilla y León;G_I. Comercio al por mayor y al por menor, reparación de vehículos de motor y motocicletas, transporte y almacenamiento, hostelería;Valor;2018;10.698.528
Castilla y León;G_I. Comercio al por mayor y al por menor, reparación de vehículos de motor y motocicletas, transporte y almacenamiento, hostelería;Valor;2017;10.478.993
Castilla y León;G_I. Comercio al por mayor y al por menor, reparación de vehículos de motor y motocicletas, transporte y almacenamiento, hostelería;Valor;2016;9.977.187
Castilla y León;G_I. Comercio al por mayor y al por menor, reparación de vehículos de motor y motocicletas, transporte y almacenamiento, hostelería;Tasas de variación interanuales;2022(A);19,3
Castilla y León;G_I. Comercio al por mayor y al por menor, reparación de vehículos de motor y motocicletas, transporte y almacenamiento, hostelería;Tasas de variación interanuales;2021(P);16,4
Castilla y León;G_I. Comercio al por mayor y al por menor, reparación de vehículos de motor y motocicletas, transporte y almacenamiento, hostelería;Tasas de variación interanuales;2020;-21,3
Castilla y León;G_I. Comercio al por mayor y al por menor, reparación de vehículos de motor y motocicletas, transporte y almacenamiento, hostelería;Tasas de variación interanuales;2019;3
Castilla y León;G_I. Comercio al por mayor y al por menor, reparación de vehículos de motor y motocicletas, transporte y almacenamiento, hostelería;Tasas de variación interanuales;2018;2,1
Castilla y León;G_I. Comercio al por mayor y al por menor, reparación de vehículos de motor y motocicletas, transporte y almacenamiento, hostelería;Tasas de variación interanuales;2017;5
Castilla y León;G_I. Comercio al por mayor y al por menor, reparación de vehículos de motor y motocicletas, transporte y almacenamiento, hostelería;Tasas de variación interanuales;2016;..
Castilla y León;G_I. Comercio al por mayor y al por menor, reparación de vehículos de motor y motocicletas, transporte y almacenamiento, hostelería;Estructura porcentual;2022(A);18,8
Castilla y León;G_I. Comercio al por mayor y al por menor, reparación de vehículos de motor y motocicletas, transporte y almacenamiento, hostelería;Estructura porcentual;2021(P);17
Castilla y León;G_I. Comercio al por mayor y al por menor, reparación de vehículos de motor y motocicletas, transporte y almacenamiento, hostelería;Estructura porcentual;2020;15,8
Castilla y León;G_I. Comercio al por mayor y al por menor, reparación de vehículos de motor y motocicletas, transporte y almacenamiento, hostelería;Estructura porcentual;2019;18,4
Castilla y León;G_I. Comercio al por mayor y al por menor, reparación de vehículos de motor y motocicletas, transporte y almacenamiento, hostelería;Estructura porcentual;2018;18,3
Castilla y León;G_I. Comercio al por mayor y al por menor, reparación de vehículos de motor y motocicletas, transporte y almacenamiento, hostelería;Estructura porcentual;2017;18,7
Castilla y León;G_I. Comercio al por mayor y al por menor, reparación de vehículos de motor y motocicletas, transporte y almacenamiento, hostelería;Estructura porcentual;2016;18,2
Castilla y León;J. Información y comunicaciones;Valor;2022(A);891.769
Castilla y León;J. Información y comunicaciones;Valor;2021(P);847.669
Castilla y León;J. Información y comunicaciones;Valor;2020;831.047
Castilla y León;J. Información y comunicaciones;Valor;2019;863.039
Castilla y León;J. Información y comunicaciones;Valor;2018;849.819
Castilla y León;J. Información y comunicaciones;Valor;2017;876.584
Castilla y León;J. Información y comunicaciones;Valor;2016;810.992
Castilla y León;J. Información y comunicaciones;Tasas de variación interanuales;2022(A);5,2
Castilla y León;J. Información y comunicaciones;Tasas de variación interanuales;2021(P);2
Castilla y León;J. Información y comunicaciones;Tasas de variación interanuales;2020;-3,7
Castilla y León;J. Información y comunicaciones;Tasas de variación interanuales;2019;1,6
Castilla y León;J. Información y comunicaciones;Tasas de variación interanuales;2018;-3,1
Castilla y León;J. Información y comunicaciones;Tasas de variación interanuales;2017;8,1
Castilla y León;J. Información y comunicaciones;Tasas de variación interanuales;2016;..
Castilla y León;J. Información y comunicaciones;Estructura porcentual;2022(A);1,4
Castilla y León;J. Información y comunicaciones;Estructura porcentual;2021(P);1,4
Castilla y León;J. Información y comunicaciones;Estructura porcentual;2020;1,5
Castilla y León;J. Información y comunicaciones;Estructura porcentual;2019;1,4
Castilla y León;J. Información y comunicaciones;Estructura porcentual;2018;1,5
Castilla y León;J. Información y comunicaciones;Estructura porcentual;2017;1,6
Castilla y León;J. Información y comunicaciones;Estructura porcentual;2016;1,5
Castilla y León;K. Actividades financieras y de seguros;Valor;2022(A);2.401.055
Castilla y León;K. Actividades financieras y de seguros;Valor;2021(P);2.114.700
Castilla y León;K. Actividades financieras y de seguros;Valor;2020;2.110.871
Castilla y León;K. Actividades financieras y de seguros;Valor;2019;2.024.430
Castilla y León;K. Actividades financieras y de seguros;Valor;2018;2.060.176
Castilla y León;K. Actividades financieras y de seguros;Valor;2017;1.873.535
Castilla y León;K. Actividades financieras y de seguros;Valor;2016;1.800.303
Castilla y León;K. Actividades financieras y de seguros;Tasas de variación interanuales;2022(A);13,5
Castilla y León;K. Actividades financieras y de seguros;Tasas de variación interanuales;2021(P);0,2
Castilla y León;K. Actividades financieras y de seguros;Tasas de variación interanuales;2020;4,3
Castilla y León;K. Actividades financieras y de seguros;Tasas de variación interanuales;2019;-1,7
Castilla y León;K. Actividades financieras y de seguros;Tasas de variación interanuales;2018;10
Castilla y León;K. Actividades financieras y de seguros;Tasas de variación interanuales;2017;4,1
Castilla y León;K. Actividades financieras y de seguros;Tasas de variación interanuales;2016;..
Castilla y León;K. Actividades financieras y de seguros;Estructura porcentual;2022(A);3,7
Castilla y León;K. Actividades financieras y de seguros;Estructura porcentual;2021(P);3,6
Castilla y León;K. Actividades financieras y de seguros;Estructura porcentual;2020;3,8
Castilla y León;K. Actividades financieras y de seguros;Estructura porcentual;2019;3,4
Castilla y León;K. Actividades financieras y de seguros;Estructura porcentual;2018;3,5
Castilla y León;K. Actividades financieras y de seguros;Estructura porcentual;2017;3,3
Castilla y León;K. Actividades financieras y de seguros;Estructura porcentual;2016;3,3
Castilla y León;L. Actividades inmobiliarias;Valor;2022(A);6.346.604
Castilla y León;L. Actividades inmobiliarias;Valor;2021(P);6.106.319
Castilla y León;L. Actividades inmobiliarias;Valor;2020;5.964.900
Castilla y León;L. Actividades inmobiliarias;Valor;2019;5.973.587
Castilla y León;L. Actividades inmobiliarias;Valor;2018;5.866.830
Castilla y León;L. Actividades inmobiliarias;Valor;2017;5.744.112
Castilla y León;L. Actividades inmobiliarias;Valor;2016;5.674.036
Castilla y León;L. Actividades inmobiliarias;Tasas de variación interanuales;2022(A);3,9
Castilla y León;L. Actividades inmobiliarias;Tasas de variación interanuales;2021(P);2,4
Castilla y León;L. Actividades inmobiliarias;Tasas de variación interanuales;2020;-0,1
Castilla y León;L. Actividades inmobiliarias;Tasas de variación interanuales;2019;1,8
Castilla y León;L. Actividades inmobiliarias;Tasas de variación interanuales;2018;2,1
Castilla y León;L. Actividades inmobiliarias;Tasas de variación interanuales;2017;1,2
Castilla y León;L. Actividades inmobiliarias;Tasas de variación interanuales;2016;..
Castilla y León;L. Actividades inmobiliarias;Estructura porcentual;2022(A);9,9
Castilla y León;L. Actividades inmobiliarias;Estructura porcentual;2021(P);10,3
Castilla y León;L. Actividades inmobiliarias;Estructura porcentual;2020;10,9
Castilla y León;L. Actividades inmobiliarias;Estructura porcentual;2019;10
Castilla y León;L. Actividades inmobiliarias;Estructura porcentual;2018;10
Castilla y León;L. Actividades inmobiliarias;Estructura porcentual;2017;10,2
Castilla y León;L. Actividades inmobiliarias;Estructura porcentual;2016;10,4
Castilla y León;M_N. Actividades profesionales, científicas y técnicas, actividades administrativas y servicios auxiliares;Valor;2022(A);3.272.352
Castilla y León;M_N. Actividades profesionales, científicas y técnicas, actividades administrativas y servicios auxiliares;Valor;2021(P);3.079.627
Castilla y León;M_N. Actividades profesionales, científicas y técnicas, actividades administrativas y servicios auxiliares;Valor;2020;2.783.641
Castilla y León;M_N. Actividades profesionales, científicas y técnicas, actividades administrativas y servicios auxiliares;Valor;2019;3.104.848
Castilla y León;M_N. Actividades profesionales, científicas y técnicas, actividades administrativas y servicios auxiliares;Valor;2018;2.920.077
Castilla y León;M_N. Actividades profesionales, científicas y técnicas, actividades administrativas y servicios auxiliares;Valor;2017;2.846.622
Castilla y León;M_N. Actividades profesionales, científicas y técnicas, actividades administrativas y servicios auxiliares;Valor;2016;2.660.289
Castilla y León;M_N. Actividades profesionales, científicas y técnicas, actividades administrativas y servicios auxiliares;Tasas de variación interanuales;2022(A);6,3
Castilla y León;M_N. Actividades profesionales, científicas y técnicas, actividades administrativas y servicios auxiliares;Tasas de variación interanuales;2021(P);10,6
Castilla y León;M_N. Actividades profesionales, científicas y técnicas, actividades administrativas y servicios auxiliares;Tasas de variación interanuales;2020;-10,3
Castilla y León;M_N. Actividades profesionales, científicas y técnicas, actividades administrativas y servicios auxiliares;Tasas de variación interanuales;2019;6,3
Castilla y León;M_N. Actividades profesionales, científicas y técnicas, actividades administrativas y servicios auxiliares;Tasas de variación interanuales;2018;2,6
Castilla y León;M_N. Actividades profesionales, científicas y técnicas, actividades administrativas y servicios auxiliares;Tasas de variación interanuales;2017;7
Castilla y León;M_N. Actividades profesionales, científicas y técnicas, actividades administrativas y servicios auxiliares;Tasas de variación interanuales;2016;..
Castilla y León;M_N. Actividades profesionales, científicas y técnicas, actividades administrativas y servicios auxiliares;Estructura porcentual;2022(A);5,1
Castilla y León;M_N. Actividades profesionales, científicas y técnicas, actividades administrativas y servicios auxiliares;Estructura porcentual;2021(P);5,2
Castilla y León;M_N. Actividades profesionales, científicas y técnicas, actividades administrativas y servicios auxiliares;Estructura porcentual;2020;5,1
Castilla y León;M_N. Actividades profesionales, científicas y técnicas, actividades administrativas y servicios auxiliares;Estructura porcentual;2019;5,2
Castilla y León;M_N. Actividades profesionales, científicas y técnicas, actividades administrativas y servicios auxiliares;Estructura porcentual;2018;5
Castilla y León;M_N. Actividades profesionales, científicas y técnicas, actividades administrativas y servicios auxiliares;Estructura porcentual;2017;5,1
Castilla y León;M_N. Actividades profesionales, científicas y técnicas, actividades administrativas y servicios auxiliares;Estructura porcentual;2016;4,9
Castilla y León;O_Q. Administración pública y defensa, seguridad social obligatoria, educación, actividades sanitarias y de servicios sociales;Valor;2022(A);12.203.247
Castilla y León;O_Q. Administración pública y defensa, seguridad social obligatoria, educación, actividades sanitarias y de servicios sociales;Valor;2021(P);11.687.265
Castilla y León;O_Q. Administración pública y defensa, seguridad social obligatoria, educación, actividades sanitarias y de servicios sociales;Valor;2020;11.709.257
Castilla y León;O_Q. Administración pública y defensa, seguridad social obligatoria, educación, actividades sanitarias y de servicios sociales;Valor;2019;12.000.189
Castilla y León;O_Q. Administración pública y defensa, seguridad social obligatoria, educación, actividades sanitarias y de servicios sociales;Valor;2018;11.601.460
Castilla y León;O_Q. Administración pública y defensa, seguridad social obligatoria, educación, actividades sanitarias y de servicios sociales;Valor;2017;11.263.181
Castilla y León;O_Q. Administración pública y defensa, seguridad social obligatoria, educación, actividades sanitarias y de servicios sociales;Valor;2016;10.885.869
Castilla y León;O_Q. Administración pública y defensa, seguridad social obligatoria, educación, actividades sanitarias y de servicios sociales;Tasas de variación interanuales;2022(A);4,4
Castilla y León;O_Q. Administración pública y defensa, seguridad social obligatoria, educación, actividades sanitarias y de servicios sociales;Tasas de variación interanuales;2021(P);-0,2
Castilla y León;O_Q. Administración pública y defensa, seguridad social obligatoria, educación, actividades sanitarias y de servicios sociales;Tasas de variación interanuales;2020;-2,4
Castilla y León;O_Q. Administración pública y defensa, seguridad social obligatoria, educación, actividades sanitarias y de servicios sociales;Tasas de variación interanuales;2019;3,4
Castilla y León;O_Q. Administración pública y defensa, seguridad social obligatoria, educación, actividades sanitarias y de servicios sociales;Tasas de variación interanuales;2018;3
Castilla y León;O_Q. Administración pública y defensa, seguridad social obligatoria, educación, actividades sanitarias y de servicios sociales;Tasas de variación interanuales;2017;3,5
Castilla y León;O_Q. Administración pública y defensa, seguridad social obligatoria, educación, actividades sanitarias y de servicios sociales;Tasas de variación interanuales;2016;..
Castilla y León;O_Q. Administración pública y defensa, seguridad social obligatoria, educación, actividades sanitarias y de servicios sociales;Estructura porcentual;2022(A);19
Castilla y León;O_Q. Administración pública y defensa, seguridad social obligatoria, educación, actividades sanitarias y de servicios sociales;Estructura porcentual;2021(P);19,7
Castilla y León;O_Q. Administración pública y defensa, seguridad social obligatoria, educación, actividades sanitarias y de servicios sociales;Estructura porcentual;2020;21,4
Castilla y León;O_Q. Administración pública y defensa, seguridad social obligatoria, educación, actividades sanitarias y de servicios sociales;Estructura porcentual;2019;20,1
Castilla y León;O_Q. Administración pública y defensa, seguridad social obligatoria, educación, actividades sanitarias y de servicios sociales;Estructura porcentual;2018;19,8
Castilla y León;O_Q. Administración pública y defensa, seguridad social obligatoria, educación, actividades sanitarias y de servicios sociales;Estructura porcentual;2017;20,1
Castilla y León;O_Q. Administración pública y defensa, seguridad social obligatoria, educación, actividades sanitarias y de servicios sociales;Estructura porcentual;2016;19,9
Castilla y León;R_U. Actividades artísticas, recreativas y de entretenimiento, reparación de artículos de uso doméstico y otros servicios;Valor;2022(A);2.243.981
Castilla y León;R_U. Actividades artísticas, recreativas y de entretenimiento, reparación de artículos de uso doméstico y otros servicios;Valor;2021(P);1.957.926
Castilla y León;R_U. Actividades artísticas, recreativas y de entretenimiento, reparación de artículos de uso doméstico y otros servicios;Valor;2020;1.928.080
Castilla y León;R_U. Actividades artísticas, recreativas y de entretenimiento, reparación de artículos de uso doméstico y otros servicios;Valor;2019;2.367.505
Castilla y León;R_U. Actividades artísticas, recreativas y de entretenimiento, reparación de artículos de uso doméstico y otros servicios;Valor;2018;2.366.727
Castilla y León;R_U. Actividades artísticas, recreativas y de entretenimiento, reparación de artículos de uso doméstico y otros servicios;Valor;2017;2.276.774
Castilla y León;R_U. Actividades artísticas, recreativas y de entretenimiento, reparación de artículos de uso doméstico y otros servicios;Valor;2016;2.131.139
Castilla y León;R_U. Actividades artísticas, recreativas y de entretenimiento, reparación de artículos de uso doméstico y otros servicios;Tasas de variación interanuales;2022(A);14,6
Castilla y León;R_U. Actividades artísticas, recreativas y de entretenimiento, reparación de artículos de uso doméstico y otros servicios;Tasas de variación interanuales;2021(P);1,5
Castilla y León;R_U. Actividades artísticas, recreativas y de entretenimiento, reparación de artículos de uso doméstico y otros servicios;Tasas de variación interanuales;2020;-18,6
Castilla y León;R_U. Actividades artísticas, recreativas y de entretenimiento, reparación de artículos de uso doméstico y otros servicios;Tasas de variación interanuales;2019;0
Castilla y León;R_U. Actividades artísticas, recreativas y de entretenimiento, reparación de artículos de uso doméstico y otros servicios;Tasas de variación interanuales;2018;4
Castilla y León;R_U. Actividades artísticas, recreativas y de entretenimiento, reparación de artículos de uso doméstico y otros servicios;Tasas de variación interanuales;2017;6,8
Castilla y León;R_U. Actividades artísticas, recreativas y de entretenimiento, reparación de artículos de uso doméstico y otros servicios;Tasas de variación interanuales;2016;..
Castilla y León;R_U. Actividades artísticas, recreativas y de entretenimiento, reparación de artículos de uso doméstico y otros servicios;Estructura porcentual;2022(A);3,5
Castilla y León;R_U. Actividades artísticas, recreativas y de entretenimiento, reparación de artículos de uso doméstico y otros servicios;Estructura porcentual;2021(P);3,3
Castilla y León;R_U. Actividades artísticas, recreativas y de entretenimiento, reparación de artículos de uso doméstico y otros servicios;Estructura porcentual;2020;3,5
Castilla y León;R_U. Actividades artísticas, recreativas y de entretenimiento, reparación de artículos de uso doméstico y otros servicios;Estructura porcentual;2019;4
Castilla y León;R_U. Actividades artísticas, recreativas y de entretenimiento, reparación de artículos de uso doméstico y otros servicios;Estructura porcentual;2018;4
Castilla y León;R_U. Actividades artísticas, recreativas y de entretenimiento, reparación de artículos de uso doméstico y otros servicios;Estructura porcentual;2017;4,1
Castilla y León;R_U. Actividades artísticas, recreativas y de entretenimiento, reparación de artículos de uso doméstico y otros servicios;Estructura porcentual;2016;3,9
Castilla y León;Valor añadido bruto total;Valor;2022(A);58.466.706
Castilla y León;Valor añadido bruto total;Valor;2021(P);53.618.242
Castilla y León;Valor añadido bruto total;Valor;2020;50.037.845
Castilla y León;Valor añadido bruto total;Valor;2019;54.234.345
Castilla y León;Valor añadido bruto total;Valor;2018;52.980.493
Castilla y León;Valor añadido bruto total;Valor;2017;50.817.640
Castilla y León;Valor añadido bruto total;Valor;2016;49.695.493
Castilla y León;Valor añadido bruto total;Tasas de variación interanuales;2022(A);9
Castilla y León;Valor añadido bruto total;Tasas de variación interanuales;2021(P);7,2
Castilla y León;Valor añadido bruto total;Tasas de variación interanuales;2020;-7,7
Castilla y León;Valor añadido bruto total;Tasas de variación interanuales;2019;2,4
Castilla y León;Valor añadido bruto total;Tasas de variación interanuales;2018;4,3
Castilla y León;Valor añadido bruto total;Tasas de variación interanuales;2017;2,3
Castilla y León;Valor añadido bruto total;Tasas de variación interanuales;2016;..
Castilla y León;Valor añadido bruto total;Estructura porcentual;2022(A);91
Castilla y León;Valor añadido bruto total;Estructura porcentual;2021(P);90,5
Castilla y León;Valor añadido bruto total;Estructura porcentual;2020;91,2
Castilla y León;Valor añadido bruto total;Estructura porcentual;2019;90,7
Castilla y León;Valor añadido bruto total;Estructura porcentual;2018;90,5
Castilla y León;Valor añadido bruto total;Estructura porcentual;2017;90,7
Castilla y León;Valor añadido bruto total;Estructura porcentual;2016;90,7
Castilla y León;Impuestos netos sobre los productos;Valor;2022(A);5.759.936
Castilla y León;Impuestos netos sobre los productos;Valor;2021(P);5.645.549
Castilla y León;Impuestos netos sobre los productos;Valor;2020;4.798.720
Castilla y León;Impuestos netos sobre los productos;Valor;2019;5.564.208
Castilla y León;Impuestos netos sobre los productos;Valor;2018;5.565.378
Castilla y León;Impuestos netos sobre los productos;Valor;2017;5.241.213
Castilla y León;Impuestos netos sobre los productos;Valor;2016;5.069.071
Castilla y León;Impuestos netos sobre los productos;Tasas de variación interanuales;2022(A);2
Castilla y León;Impuestos netos sobre los productos;Tasas de variación interanuales;2021(P);17,6
Castilla y León;Impuestos netos sobre los productos;Tasas de variación interanuales;2020;-13,8
Castilla y León;Impuestos netos sobre los productos;Tasas de variación interanuales;2019;0
Castilla y León;Impuestos netos sobre los productos;Tasas de variación interanuales;2018;6,2
Castilla y León;Impuestos netos sobre los productos;Tasas de variación interanuales;2017;3,4
Castilla y León;Impuestos netos sobre los productos;Tasas de variación interanuales;2016;..
Castilla y León;Impuestos netos sobre los productos;Estructura porcentual;2022(A);9
Castilla y León;Impuestos netos sobre los productos;Estructura porcentual;2021(P);9,5
Castilla y León;Impuestos netos sobre los productos;Estructura porcentual;2020;8,8
Castilla y León;Impuestos netos sobre los productos;Estructura porcentual;2019;9,3
Castilla y León;Impuestos netos sobre los productos;Estructura porcentual;2018;9,5
Castilla y León;Impuestos netos sobre los productos;Estructura porcentual;2017;9,3
Castilla y León;Impuestos netos sobre los productos;Estructura porcentual;2016;9,3
Castilla y León;PRODUCTO INTERIOR BRUTO A PRECIOS DE MERCADO;Valor;2022(A);64.226.642
Castilla y León;PRODUCTO INTERIOR BRUTO A PRECIOS DE MERCADO;Valor;2021(P);59.263.791
Castilla y León;PRODUCTO INTERIOR BRUTO A PRECIOS DE MERCADO;Valor;2020;54.836.565
Castilla y León;PRODUCTO INTERIOR BRUTO A PRECIOS DE MERCADO;Valor;2019;59.798.553
Castilla y León;PRODUCTO INTERIOR BRUTO A PRECIOS DE MERCADO;Valor;2018;58.545.871
Castilla y León;PRODUCTO INTERIOR BRUTO A PRECIOS DE MERCADO;Valor;2017;56.058.853
Castilla y León;PRODUCTO INTERIOR BRUTO A PRECIOS DE MERCADO;Valor;2016;54.764.564
Castilla y León;PRODUCTO INTERIOR BRUTO A PRECIOS DE MERCADO;Tasas de variación interanuales;2022(A);8,4
Castilla y León;PRODUCTO INTERIOR BRUTO A PRECIOS DE MERCADO;Tasas de variación interanuales;2021(P);8,1
Castilla y León;PRODUCTO INTERIOR BRUTO A PRECIOS DE MERCADO;Tasas de variación interanuales;2020;-8,3
Castilla y León;PRODUCTO INTERIOR BRUTO A PRECIOS DE MERCADO;Tasas de variación interanuales;2019;2,1
Castilla y León;PRODUCTO INTERIOR BRUTO A PRECIOS DE MERCADO;Tasas de variación interanuales;2018;4,4
Castilla y León;PRODUCTO INTERIOR BRUTO A PRECIOS DE MERCADO;Tasas de variación interanuales;2017;2,4
Castilla y León;PRODUCTO INTERIOR BRUTO A PRECIOS DE MERCADO;Tasas de variación interanuales;2016;..
Castilla y León;PRODUCTO INTERIOR BRUTO A PRECIOS DE MERCADO;Estructura porcentual;2022(A);100
Castilla y León;PRODUCTO INTERIOR BRUTO A PRECIOS DE MERCADO;Estructura porcentual;2021(P);100
Castilla y León;PRODUCTO INTERIOR BRUTO A PRECIOS DE MERCADO;Estructura porcentual;2020;100
Castilla y León;PRODUCTO INTERIOR BRUTO A PRECIOS DE MERCADO;Estructura porcentual;2019;100
Castilla y León;PRODUCTO INTERIOR BRUTO A PRECIOS DE MERCADO;Estructura porcentual;2018;100
Castilla y León;PRODUCTO INTERIOR BRUTO A PRECIOS DE MERCADO;Estructura porcentual;2017;100
Castilla y León;PRODUCTO INTERIOR BRUTO A PRECIOS DE MERCADO;Estructura porcentual;2016;100
Castilla - La Mancha;PRODUCTO INTERIOR BRUTO A PRECIOS DE MERCADO;Valor;2022(A);46.715.873
Castilla - La Mancha;PRODUCTO INTERIOR BRUTO A PRECIOS DE MERCADO;Valor;2021(P);42.852.242
Castilla - La Mancha;PRODUCTO INTERIOR BRUTO A PRECIOS DE MERCADO;Valor;2020;39.346.603
Castilla - La Mancha;PRODUCTO INTERIOR BRUTO A PRECIOS DE MERCADO;Valor;2019;42.398.854
Castilla - La Mancha;PRODUCTO INTERIOR BRUTO A PRECIOS DE MERCADO;Valor;2018;41.480.976
Castilla - La Mancha;PRODUCTO INTERIOR BRUTO A PRECIOS DE MERCADO;Valor;2017;39.897.062
Castilla - La Mancha;PRODUCTO INTERIOR BRUTO A PRECIOS DE MERCADO;Valor;2016;38.314.671
Castilla - La Mancha;PRODUCTO INTERIOR BRUTO A PRECIOS DE MERCADO;Tasas de variación interanuales;2022(A);9
Castilla - La Mancha;PRODUCTO INTERIOR BRUTO A PRECIOS DE MERCADO;Tasas de variación interanuales;2021(P);8,9
Castilla - La Mancha;PRODUCTO INTERIOR BRUTO A PRECIOS DE MERCADO;Tasas de variación interanuales;2020;-7,2
Castilla - La Mancha;PRODUCTO INTERIOR BRUTO A PRECIOS DE MERCADO;Tasas de variación interanuales;2019;2,2
Castilla - La Mancha;PRODUCTO INTERIOR BRUTO A PRECIOS DE MERCADO;Tasas de variación interanuales;2018;4
Castilla - La Mancha;PRODUCTO INTERIOR BRUTO A PRECIOS DE MERCADO;Tasas de variación interanuales;2017;4,1
Castilla - La Mancha;PRODUCTO INTERIOR BRUTO A PRECIOS DE MERCADO;Tasas de variación interanuales;2016;..
Castilla - La Mancha;PRODUCTO INTERIOR BRUTO A PRECIOS DE MERCADO;Estructura porcentual;2022(A);100
Castilla - La Mancha;PRODUCTO INTERIOR BRUTO A PRECIOS DE MERCADO;Estructura porcentual;2021(P);100
Castilla - La Mancha;PRODUCTO INTERIOR BRUTO A PRECIOS DE MERCADO;Estructura porcentual;2020;100
Castilla - La Mancha;PRODUCTO INTERIOR BRUTO A PRECIOS DE MERCADO;Estructura porcentual;2019;100
Castilla - La Mancha;PRODUCTO INTERIOR BRUTO A PRECIOS DE MERCADO;Estructura porcentual;2018;100
Castilla - La Mancha;PRODUCTO INTERIOR BRUTO A PRECIOS DE MERCADO;Estructura porcentual;2017;100
Castilla - La Mancha;PRODUCTO INTERIOR BRUTO A PRECIOS DE MERCADO;Estructura porcentual;2016;100
Castilla - La Mancha;A. Agricultura, ganadería, silvicultura y pesca;Valor;2022(A);3.515.684
Castilla - La Mancha;A. Agricultura, ganadería, silvicultura y pesca;Valor;2021(P);3.552.870
Castilla - La Mancha;A. Agricultura, ganadería, silvicultura y pesca;Valor;2020;3.541.133
Castilla - La Mancha;A. Agricultura, ganadería, silvicultura y pesca;Valor;2019;3.242.235
Castilla - La Mancha;A. Agricultura, ganadería, silvicultura y pesca;Valor;2018;3.889.576
Castilla - La Mancha;A. Agricultura, ganadería, silvicultura y pesca;Valor;2017;3.491.812
Castilla - La Mancha;A. Agricultura, ganadería, silvicultura y pesca;Valor;2016;3.457.790
Castilla - La Mancha;A. Agricultura, ganadería, silvicultura y pesca;Tasas de variación interanuales;2022(A);-1
Castilla - La Mancha;A. Agricultura, ganadería, silvicultura y pesca;Tasas de variación interanuales;2021(P);0,3
Castilla - La Mancha;A. Agricultura, ganadería, silvicultura y pesca;Tasas de variación interanuales;2020;9,2
Castilla - La Mancha;A. Agricultura, ganadería, silvicultura y pesca;Tasas de variación interanuales;2019;-16,6
Castilla - La Mancha;A. Agricultura, ganadería, silvicultura y pesca;Tasas de variación interanuales;2018;11,4
Castilla - La Mancha;A. Agricultura, ganadería, silvicultura y pesca;Tasas de variación interanuales;2017;1
Castilla - La Mancha;A. Agricultura, ganadería, silvicultura y pesca;Tasas de variación interanuales;2016;..
Castilla - La Mancha;A. Agricultura, ganadería, silvicultura y pesca;Estructura porcentual;2022(A);7,5
Castilla - La Mancha;A. Agricultura, ganadería, silvicultura y pesca;Estructura porcentual;2021(P);8,3
Castilla - La Mancha;A. Agricultura, ganadería, silvicultura y pesca;Estructura porcentual;2020;9
Castilla - La Mancha;A. Agricultura, ganadería, silvicultura y pesca;Estructura porcentual;2019;7,6
Castilla - La Mancha;A. Agricultura, ganadería, silvicultura y pesca;Estructura porcentual;2018;9,4
Castilla - La Mancha;A. Agricultura, ganadería, silvicultura y pesca;Estructura porcentual;2017;8,8
Castilla - La Mancha;A. Agricultura, ganadería, silvicultura y pesca;Estructura porcentual;2016;9
Castilla - La Mancha;B_E. Industrias extractivas, industria manufacturera, suministro de energía eléctrica, gas, vapor y aire acondicionado, suministro de agua, actividades de saneamiento, gestión de residuos y descontaminación;Valor;2022(A);9.000.177
Castilla - La Mancha;B_E. Industrias extractivas, industria manufacturera, suministro de energía eléctrica, gas, vapor y aire acondicionado, suministro de agua, actividades de saneamiento, gestión de residuos y descontaminación;Valor;2021(P);7.700.418
Castilla - La Mancha;B_E. Industrias extractivas, industria manufacturera, suministro de energía eléctrica, gas, vapor y aire acondicionado, suministro de agua, actividades de saneamiento, gestión de residuos y descontaminación;Valor;2020;6.630.053
Castilla - La Mancha;B_E. Industrias extractivas, industria manufacturera, suministro de energía eléctrica, gas, vapor y aire acondicionado, suministro de agua, actividades de saneamiento, gestión de residuos y descontaminación;Valor;2019;7.462.666
Castilla - La Mancha;B_E. Industrias extractivas, industria manufacturera, suministro de energía eléctrica, gas, vapor y aire acondicionado, suministro de agua, actividades de saneamiento, gestión de residuos y descontaminación;Valor;2018;7.059.072
Castilla - La Mancha;B_E. Industrias extractivas, industria manufacturera, suministro de energía eléctrica, gas, vapor y aire acondicionado, suministro de agua, actividades de saneamiento, gestión de residuos y descontaminación;Valor;2017;7.003.456
Castilla - La Mancha;B_E. Industrias extractivas, industria manufacturera, suministro de energía eléctrica, gas, vapor y aire acondicionado, suministro de agua, actividades de saneamiento, gestión de residuos y descontaminación;Valor;2016;6.588.058
Castilla - La Mancha;B_E. Industrias extractivas, industria manufacturera, suministro de energía eléctrica, gas, vapor y aire acondicionado, suministro de agua, actividades de saneamiento, gestión de residuos y descontaminación;Tasas de variación interanuales;2022(A);16,9
Castilla - La Mancha;B_E. Industrias extractivas, industria manufacturera, suministro de energía eléctrica, gas, vapor y aire acondicionado, suministro de agua, actividades de saneamiento, gestión de residuos y descontaminación;Tasas de variación interanuales;2021(P);16,1
Castilla - La Mancha;B_E. Industrias extractivas, industria manufacturera, suministro de energía eléctrica, gas, vapor y aire acondicionado, suministro de agua, actividades de saneamiento, gestión de residuos y descontaminación;Tasas de variación interanuales;2020;-11,2
Castilla - La Mancha;B_E. Industrias extractivas, industria manufacturera, suministro de energía eléctrica, gas, vapor y aire acondicionado, suministro de agua, actividades de saneamiento, gestión de residuos y descontaminación;Tasas de variación interanuales;2019;5,7
Castilla - La Mancha;B_E. Industrias extractivas, industria manufacturera, suministro de energía eléctrica, gas, vapor y aire acondicionado, suministro de agua, actividades de saneamiento, gestión de residuos y descontaminación;Tasas de variación interanuales;2018;0,8
Castilla - La Mancha;B_E. Industrias extractivas, industria manufacturera, suministro de energía eléctrica, gas, vapor y aire acondicionado, suministro de agua, actividades de saneamiento, gestión de residuos y descontaminación;Tasas de variación interanuales;2017;6,3
Castilla - La Mancha;B_E. Industrias extractivas, industria manufacturera, suministro de energía eléctrica, gas, vapor y aire acondicionado, suministro de agua, actividades de saneamiento, gestión de residuos y descontaminación;Tasas de variación interanuales;2016;..
Castilla - La Mancha;B_E. Industrias extractivas, industria manufacturera, suministro de energía eléctrica, gas, vapor y aire acondicionado, suministro de agua, actividades de saneamiento, gestión de residuos y descontaminación;Estructura porcentual;2022(A);19,3
Castilla - La Mancha;B_E. Industrias extractivas, industria manufacturera, suministro de energía eléctrica, gas, vapor y aire acondicionado, suministro de agua, actividades de saneamiento, gestión de residuos y descontaminación;Estructura porcentual;2021(P);18
Castilla - La Mancha;B_E. Industrias extractivas, industria manufacturera, suministro de energía eléctrica, gas, vapor y aire acondicionado, suministro de agua, actividades de saneamiento, gestión de residuos y descontaminación;Estructura porcentual;2020;16,9
Castilla - La Mancha;B_E. Industrias extractivas, industria manufacturera, suministro de energía eléctrica, gas, vapor y aire acondicionado, suministro de agua, actividades de saneamiento, gestión de residuos y descontaminación;Estructura porcentual;2019;17,6
Castilla - La Mancha;B_E. Industrias extractivas, industria manufacturera, suministro de energía eléctrica, gas, vapor y aire acondicionado, suministro de agua, actividades de saneamiento, gestión de residuos y descontaminación;Estructura porcentual;2018;17
Castilla - La Mancha;B_E. Industrias extractivas, industria manufacturera, suministro de energía eléctrica, gas, vapor y aire acondicionado, suministro de agua, actividades de saneamiento, gestión de residuos y descontaminación;Estructura porcentual;2017;17,6
Castilla - La Mancha;B_E. Industrias extractivas, industria manufacturera, suministro de energía eléctrica, gas, vapor y aire acondicionado, suministro de agua, actividades de saneamiento, gestión de residuos y descontaminación;Estructura porcentual;2016;17,2
Castilla - La Mancha;C. - De las cuales: Industria manufacturera;Valor;2022(A);6.469.529
Castilla - La Mancha;C. - De las cuales: Industria manufacturera;Valor;2021(P);5.755.078
Castilla - La Mancha;C. - De las cuales: Industria manufacturera;Valor;2020;5.033.313
Castilla - La Mancha;C. - De las cuales: Industria manufacturera;Valor;2019;5.750.342
Castilla - La Mancha;C. - De las cuales: Industria manufacturera;Valor;2018;5.406.850
Castilla - La Mancha;C. - De las cuales: Industria manufacturera;Valor;2017;5.463.901
Castilla - La Mancha;C. - De las cuales: Industria manufacturera;Valor;2016;5.116.025
Castilla - La Mancha;C. - De las cuales: Industria manufacturera;Tasas de variación interanuales;2022(A);12,4
Castilla - La Mancha;C. - De las cuales: Industria manufacturera;Tasas de variación interanuales;2021(P);14,3
Castilla - La Mancha;C. - De las cuales: Industria manufacturera;Tasas de variación interanuales;2020;-12,5
Castilla - La Mancha;C. - De las cuales: Industria manufacturera;Tasas de variación interanuales;2019;6,4
Castilla - La Mancha;C. - De las cuales: Industria manufacturera;Tasas de variación interanuales;2018;-1
Castilla - La Mancha;C. - De las cuales: Industria manufacturera;Tasas de variación interanuales;2017;6,8
Castilla - La Mancha;C. - De las cuales: Industria manufacturera;Tasas de variación interanuales;2016;..
Castilla - La Mancha;C. - De las cuales: Industria manufacturera;Estructura porcentual;2022(A);13,8
Castilla - La Mancha;C. - De las cuales: Industria manufacturera;Estructura porcentual;2021(P);13,4
Castilla - La Mancha;C. - De las cuales: Industria manufacturera;Estructura porcentual;2020;12,8
Castilla - La Mancha;C. - De las cuales: Industria manufacturera;Estructura porcentual;2019;13,6
Castilla - La Mancha;C. - De las cuales: Industria manufacturera;Estructura porcentual;2018;13
Castilla - La Mancha;C. - De las cuales: Industria manufacturera;Estructura porcentual;2017;13,7
Castilla - La Mancha;C. - De las cuales: Industria manufacturera;Estructura porcentual;2016;13,4
Castilla - La Mancha;F. Construcción;Valor;2022(A);2.696.841
Castilla - La Mancha;F. Construcción;Valor;2021(P);2.554.643
Castilla - La Mancha;F. Construcción;Valor;2020;2.384.846
Castilla - La Mancha;F. Construcción;Valor;2019;2.723.850
Castilla - La Mancha;F. Construcción;Valor;2018;2.491.596
Castilla - La Mancha;F. Construcción;Valor;2017;2.377.596
Castilla - La Mancha;F. Construcción;Valor;2016;2.340.676
Castilla - La Mancha;F. Construcción;Tasas de variación interanuales;2022(A);5,6
Castilla - La Mancha;F. Construcción;Tasas de variación interanuales;2021(P);7,1
Castilla - La Mancha;F. Construcción;Tasas de variación interanuales;2020;-12,4
Castilla - La Mancha;F. Construcción;Tasas de variación interanuales;2019;9,3
Castilla - La Mancha;F. Construcción;Tasas de variación interanuales;2018;4,8
Castilla - La Mancha;F. Construcción;Tasas de variación interanuales;2017;1,6
Castilla - La Mancha;F. Construcción;Tasas de variación interanuales;2016;..
Castilla - La Mancha;F. Construcción;Estructura porcentual;2022(A);5,8
Castilla - La Mancha;F. Construcción;Estructura porcentual;2021(P);6
Castilla - La Mancha;F. Construcción;Estructura porcentual;2020;6,1
Castilla - La Mancha;F. Construcción;Estructura porcentual;2019;6,4
Castilla - La Mancha;F. Construcción;Estructura porcentual;2018;6
Castilla - La Mancha;F. Construcción;Estructura porcentual;2017;6
Castilla - La Mancha;F. Construcción;Estructura porcentual;2016;6,1
Castilla - La Mancha;G_I. Comercio al por mayor y al por menor, reparación de vehículos de motor y motocicletas, transporte y almacenamiento, hostelería;Valor;2022(A);8.469.812
Castilla - La Mancha;G_I. Comercio al por mayor y al por menor, reparación de vehículos de motor y motocicletas, transporte y almacenamiento, hostelería;Valor;2021(P);7.206.317
Castilla - La Mancha;G_I. Comercio al por mayor y al por menor, reparación de vehículos de motor y motocicletas, transporte y almacenamiento, hostelería;Valor;2020;6.182.367
Castilla - La Mancha;G_I. Comercio al por mayor y al por menor, reparación de vehículos de motor y motocicletas, transporte y almacenamiento, hostelería;Valor;2019;7.522.351
Castilla - La Mancha;G_I. Comercio al por mayor y al por menor, reparación de vehículos de motor y motocicletas, transporte y almacenamiento, hostelería;Valor;2018;7.215.493
Castilla - La Mancha;G_I. Comercio al por mayor y al por menor, reparación de vehículos de motor y motocicletas, transporte y almacenamiento, hostelería;Valor;2017;6.985.484
Castilla - La Mancha;G_I. Comercio al por mayor y al por menor, reparación de vehículos de motor y motocicletas, transporte y almacenamiento, hostelería;Valor;2016;6.657.683
Castilla - La Mancha;G_I. Comercio al por mayor y al por menor, reparación de vehículos de motor y motocicletas, transporte y almacenamiento, hostelería;Tasas de variación interanuales;2022(A);17,5
Castilla - La Mancha;G_I. Comercio al por mayor y al por menor, reparación de vehículos de motor y motocicletas, transporte y almacenamiento, hostelería;Tasas de variación interanuales;2021(P);16,6
Castilla - La Mancha;G_I. Comercio al por mayor y al por menor, reparación de vehículos de motor y motocicletas, transporte y almacenamiento, hostelería;Tasas de variación interanuales;2020;-17,8
Castilla - La Mancha;G_I. Comercio al por mayor y al por menor, reparación de vehículos de motor y motocicletas, transporte y almacenamiento, hostelería;Tasas de variación interanuales;2019;4,3
Castilla - La Mancha;G_I. Comercio al por mayor y al por menor, reparación de vehículos de motor y motocicletas, transporte y almacenamiento, hostelería;Tasas de variación interanuales;2018;3,3
Castilla - La Mancha;G_I. Comercio al por mayor y al por menor, reparación de vehículos de motor y motocicletas, transporte y almacenamiento, hostelería;Tasas de variación interanuales;2017;4,9
Castilla - La Mancha;G_I. Comercio al por mayor y al por menor, reparación de vehículos de motor y motocicletas, transporte y almacenamiento, hostelería;Tasas de variación interanuales;2016;..
Castilla - La Mancha;G_I. Comercio al por mayor y al por menor, reparación de vehículos de motor y motocicletas, transporte y almacenamiento, hostelería;Estructura porcentual;2022(A);18,1
Castilla - La Mancha;G_I. Comercio al por mayor y al por menor, reparación de vehículos de motor y motocicletas, transporte y almacenamiento, hostelería;Estructura porcentual;2021(P);16,8
Castilla - La Mancha;G_I. Comercio al por mayor y al por menor, reparación de vehículos de motor y motocicletas, transporte y almacenamiento, hostelería;Estructura porcentual;2020;15,7
Castilla - La Mancha;G_I. Comercio al por mayor y al por menor, reparación de vehículos de motor y motocicletas, transporte y almacenamiento, hostelería;Estructura porcentual;2019;17,7
Castilla - La Mancha;G_I. Comercio al por mayor y al por menor, reparación de vehículos de motor y motocicletas, transporte y almacenamiento, hostelería;Estructura porcentual;2018;17,4
Castilla - La Mancha;G_I. Comercio al por mayor y al por menor, reparación de vehículos de motor y motocicletas, transporte y almacenamiento, hostelería;Estructura porcentual;2017;17,5
Castilla - La Mancha;G_I. Comercio al por mayor y al por menor, reparación de vehículos de motor y motocicletas, transporte y almacenamiento, hostelería;Estructura porcentual;2016;17,4
Castilla - La Mancha;J. Información y comunicaciones;Valor;2022(A);575.160
Castilla - La Mancha;J. Información y comunicaciones;Valor;2021(P);546.151
Castilla - La Mancha;J. Información y comunicaciones;Valor;2020;513.417
Castilla - La Mancha;J. Información y comunicaciones;Valor;2019;530.780
Castilla - La Mancha;J. Información y comunicaciones;Valor;2018;507.601
Castilla - La Mancha;J. Información y comunicaciones;Valor;2017;534.059
Castilla - La Mancha;J. Información y comunicaciones;Valor;2016;525.044
Castilla - La Mancha;J. Información y comunicaciones;Tasas de variación interanuales;2022(A);5,3
Castilla - La Mancha;J. Información y comunicaciones;Tasas de variación interanuales;2021(P);6,4
Castilla - La Mancha;J. Información y comunicaciones;Tasas de variación interanuales;2020;-3,3
Castilla - La Mancha;J. Información y comunicaciones;Tasas de variación interanuales;2019;4,6
Castilla - La Mancha;J. Información y comunicaciones;Tasas de variación interanuales;2018;-5
Castilla - La Mancha;J. Información y comunicaciones;Tasas de variación interanuales;2017;1,7
Castilla - La Mancha;J. Información y comunicaciones;Tasas de variación interanuales;2016;..
Castilla - La Mancha;J. Información y comunicaciones;Estructura porcentual;2022(A);1,2
Castilla - La Mancha;J. Información y comunicaciones;Estructura porcentual;2021(P);1,3
Castilla - La Mancha;J. Información y comunicaciones;Estructura porcentual;2020;1,3
Castilla - La Mancha;J. Información y comunicaciones;Estructura porcentual;2019;1,3
Castilla - La Mancha;J. Información y comunicaciones;Estructura porcentual;2018;1,2
Castilla - La Mancha;J. Información y comunicaciones;Estructura porcentual;2017;1,3
Castilla - La Mancha;J. Información y comunicaciones;Estructura porcentual;2016;1,4
Castilla - La Mancha;K. Actividades financieras y de seguros;Valor;2022(A);1.571.344
Castilla - La Mancha;K. Actividades financieras y de seguros;Valor;2021(P);1.380.018
Castilla - La Mancha;K. Actividades financieras y de seguros;Valor;2020;1.360.834
Castilla - La Mancha;K. Actividades financieras y de seguros;Valor;2019;1.302.105
Castilla - La Mancha;K. Actividades financieras y de seguros;Valor;2018;1.322.349
Castilla - La Mancha;K. Actividades financieras y de seguros;Valor;2017;1.198.179
Castilla - La Mancha;K. Actividades financieras y de seguros;Valor;2016;1.148.075
Castilla - La Mancha;K. Actividades financieras y de seguros;Tasas de variación interanuales;2022(A);13,9
Castilla - La Mancha;K. Actividades financieras y de seguros;Tasas de variación interanuales;2021(P);1,4
Castilla - La Mancha;K. Actividades financieras y de seguros;Tasas de variación interanuales;2020;4,5
Castilla - La Mancha;K. Actividades financieras y de seguros;Tasas de variación interanuales;2019;-1,5
Castilla - La Mancha;K. Actividades financieras y de seguros;Tasas de variación interanuales;2018;10,4
Castilla - La Mancha;K. Actividades financieras y de seguros;Tasas de variación interanuales;2017;4,4
Castilla - La Mancha;K. Actividades financieras y de seguros;Tasas de variación interanuales;2016;..
Castilla - La Mancha;K. Actividades financieras y de seguros;Estructura porcentual;2022(A);3,4
Castilla - La Mancha;K. Actividades financieras y de seguros;Estructura porcentual;2021(P);3,2
Castilla - La Mancha;K. Actividades financieras y de seguros;Estructura porcentual;2020;3,5
Castilla - La Mancha;K. Actividades financieras y de seguros;Estructura porcentual;2019;3,1
Castilla - La Mancha;K. Actividades financieras y de seguros;Estructura porcentual;2018;3,2
Castilla - La Mancha;K. Actividades financieras y de seguros;Estructura porcentual;2017;3
Castilla - La Mancha;K. Actividades financieras y de seguros;Estructura porcentual;2016;3
Castilla - La Mancha;L. Actividades inmobiliarias;Valor;2022(A);4.401.340
Castilla - La Mancha;L. Actividades inmobiliarias;Valor;2021(P);4.207.168
Castilla - La Mancha;L. Actividades inmobiliarias;Valor;2020;4.097.844
Castilla - La Mancha;L. Actividades inmobiliarias;Valor;2019;4.080.420
Castilla - La Mancha;L. Actividades inmobiliarias;Valor;2018;3.982.953
Castilla - La Mancha;L. Actividades inmobiliarias;Valor;2017;3.869.200
Castilla - La Mancha;L. Actividades inmobiliarias;Valor;2016;3.839.050
Castilla - La Mancha;L. Actividades inmobiliarias;Tasas de variación interanuales;2022(A);4,6
Castilla - La Mancha;L. Actividades inmobiliarias;Tasas de variación interanuales;2021(P);2,7
Castilla - La Mancha;L. Actividades inmobiliarias;Tasas de variación interanuales;2020;0,4
Castilla - La Mancha;L. Actividades inmobiliarias;Tasas de variación interanuales;2019;2,4
Castilla - La Mancha;L. Actividades inmobiliarias;Tasas de variación interanuales;2018;2,9
Castilla - La Mancha;L. Actividades inmobiliarias;Tasas de variación interanuales;2017;0,8
Castilla - La Mancha;L. Actividades inmobiliarias;Tasas de variación interanuales;2016;..
Castilla - La Mancha;L. Actividades inmobiliarias;Estructura porcentual;2022(A);9,4
Castilla - La Mancha;L. Actividades inmobiliarias;Estructura porcentual;2021(P);9,8
Castilla - La Mancha;L. Actividades inmobiliarias;Estructura porcentual;2020;10,4
Castilla - La Mancha;L. Actividades inmobiliarias;Estructura porcentual;2019;9,6
Castilla - La Mancha;L. Actividades inmobiliarias;Estructura porcentual;2018;9,6
Castilla - La Mancha;L. Actividades inmobiliarias;Estructura porcentual;2017;9,7
Castilla - La Mancha;L. Actividades inmobiliarias;Estructura porcentual;2016;10
Castilla - La Mancha;M_N. Actividades profesionales, científicas y técnicas, actividades administrativas y servicios auxiliares;Valor;2022(A);1.804.897
Castilla - La Mancha;M_N. Actividades profesionales, científicas y técnicas, actividades administrativas y servicios auxiliares;Valor;2021(P);1.705.813
Castilla - La Mancha;M_N. Actividades profesionales, científicas y técnicas, actividades administrativas y servicios auxiliares;Valor;2020;1.543.379
Castilla - La Mancha;M_N. Actividades profesionales, científicas y técnicas, actividades administrativas y servicios auxiliares;Valor;2019;1.671.440
Castilla - La Mancha;M_N. Actividades profesionales, científicas y técnicas, actividades administrativas y servicios auxiliares;Valor;2018;1.534.132
Castilla - La Mancha;M_N. Actividades profesionales, científicas y técnicas, actividades administrativas y servicios auxiliares;Valor;2017;1.425.715
Castilla - La Mancha;M_N. Actividades profesionales, científicas y técnicas, actividades administrativas y servicios auxiliares;Valor;2016;1.350.855
Castilla - La Mancha;M_N. Actividades profesionales, científicas y técnicas, actividades administrativas y servicios auxiliares;Tasas de variación interanuales;2022(A);5,8
Castilla - La Mancha;M_N. Actividades profesionales, científicas y técnicas, actividades administrativas y servicios auxiliares;Tasas de variación interanuales;2021(P);10,5
Castilla - La Mancha;M_N. Actividades profesionales, científicas y técnicas, actividades administrativas y servicios auxiliares;Tasas de variación interanuales;2020;-7,7
Castilla - La Mancha;M_N. Actividades profesionales, científicas y técnicas, actividades administrativas y servicios auxiliares;Tasas de variación interanuales;2019;9
Castilla - La Mancha;M_N. Actividades profesionales, científicas y técnicas, actividades administrativas y servicios auxiliares;Tasas de variación interanuales;2018;7,6
Castilla - La Mancha;M_N. Actividades profesionales, científicas y técnicas, actividades administrativas y servicios auxiliares;Tasas de variación interanuales;2017;5,5
Castilla - La Mancha;M_N. Actividades profesionales, científicas y técnicas, actividades administrativas y servicios auxiliares;Tasas de variación interanuales;2016;..
Castilla - La Mancha;M_N. Actividades profesionales, científicas y técnicas, actividades administrativas y servicios auxiliares;Estructura porcentual;2022(A);3,9
Castilla - La Mancha;M_N. Actividades profesionales, científicas y técnicas, actividades administrativas y servicios auxiliares;Estructura porcentual;2021(P);4
Castilla - La Mancha;M_N. Actividades profesionales, científicas y técnicas, actividades administrativas y servicios auxiliares;Estructura porcentual;2020;3,9
Castilla - La Mancha;M_N. Actividades profesionales, científicas y técnicas, actividades administrativas y servicios auxiliares;Estructura porcentual;2019;3,9
Castilla - La Mancha;M_N. Actividades profesionales, científicas y técnicas, actividades administrativas y servicios auxiliares;Estructura porcentual;2018;3,7
Castilla - La Mancha;M_N. Actividades profesionales, científicas y técnicas, actividades administrativas y servicios auxiliares;Estructura porcentual;2017;3,6
Castilla - La Mancha;M_N. Actividades profesionales, científicas y técnicas, actividades administrativas y servicios auxiliares;Estructura porcentual;2016;3,5
Castilla - La Mancha;O_Q. Administración pública y defensa, seguridad social obligatoria, educación, actividades sanitarias y de servicios sociales;Valor;2022(A);8.820.890
Castilla - La Mancha;O_Q. Administración pública y defensa, seguridad social obligatoria, educación, actividades sanitarias y de servicios sociales;Valor;2021(P);8.467.113
Castilla - La Mancha;O_Q. Administración pública y defensa, seguridad social obligatoria, educación, actividades sanitarias y de servicios sociales;Valor;2020;8.210.307
Castilla - La Mancha;O_Q. Administración pública y defensa, seguridad social obligatoria, educación, actividades sanitarias y de servicios sociales;Valor;2019;8.135.098
Castilla - La Mancha;O_Q. Administración pública y defensa, seguridad social obligatoria, educación, actividades sanitarias y de servicios sociales;Valor;2018;7.827.116
Castilla - La Mancha;O_Q. Administración pública y defensa, seguridad social obligatoria, educación, actividades sanitarias y de servicios sociales;Valor;2017;7.577.564
Castilla - La Mancha;O_Q. Administración pública y defensa, seguridad social obligatoria, educación, actividades sanitarias y de servicios sociales;Valor;2016;7.292.598
Castilla - La Mancha;O_Q. Administración pública y defensa, seguridad social obligatoria, educación, actividades sanitarias y de servicios sociales;Tasas de variación interanuales;2022(A);4,2
Castilla - La Mancha;O_Q. Administración pública y defensa, seguridad social obligatoria, educación, actividades sanitarias y de servicios sociales;Tasas de variación interanuales;2021(P);3,1
Castilla - La Mancha;O_Q. Administración pública y defensa, seguridad social obligatoria, educación, actividades sanitarias y de servicios sociales;Tasas de variación interanuales;2020;0,9
Castilla - La Mancha;O_Q. Administración pública y defensa, seguridad social obligatoria, educación, actividades sanitarias y de servicios sociales;Tasas de variación interanuales;2019;3,9
Castilla - La Mancha;O_Q. Administración pública y defensa, seguridad social obligatoria, educación, actividades sanitarias y de servicios sociales;Tasas de variación interanuales;2018;3,3
Castilla - La Mancha;O_Q. Administración pública y defensa, seguridad social obligatoria, educación, actividades sanitarias y de servicios sociales;Tasas de variación interanuales;2017;3,9
Castilla - La Mancha;O_Q. Administración pública y defensa, seguridad social obligatoria, educación, actividades sanitarias y de servicios sociales;Tasas de variación interanuales;2016;..
Castilla - La Mancha;O_Q. Administración pública y defensa, seguridad social obligatoria, educación, actividades sanitarias y de servicios sociales;Estructura porcentual;2022(A);18,9
Castilla - La Mancha;O_Q. Administración pública y defensa, seguridad social obligatoria, educación, actividades sanitarias y de servicios sociales;Estructura porcentual;2021(P);19,8
Castilla - La Mancha;O_Q. Administración pública y defensa, seguridad social obligatoria, educación, actividades sanitarias y de servicios sociales;Estructura porcentual;2020;20,9
Castilla - La Mancha;O_Q. Administración pública y defensa, seguridad social obligatoria, educación, actividades sanitarias y de servicios sociales;Estructura porcentual;2019;19,2
Castilla - La Mancha;O_Q. Administración pública y defensa, seguridad social obligatoria, educación, actividades sanitarias y de servicios sociales;Estructura porcentual;2018;18,9
Castilla - La Mancha;O_Q. Administración pública y defensa, seguridad social obligatoria, educación, actividades sanitarias y de servicios sociales;Estructura porcentual;2017;19
Castilla - La Mancha;O_Q. Administración pública y defensa, seguridad social obligatoria, educación, actividades sanitarias y de servicios sociales;Estructura porcentual;2016;19
Castilla - La Mancha;R_U. Actividades artísticas, recreativas y de entretenimiento, reparación de artículos de uso doméstico y otros servicios;Valor;2022(A);1.670.182
Castilla - La Mancha;R_U. Actividades artísticas, recreativas y de entretenimiento, reparación de artículos de uso doméstico y otros servicios;Valor;2021(P);1.449.568
Castilla - La Mancha;R_U. Actividades artísticas, recreativas y de entretenimiento, reparación de artículos de uso doméstico y otros servicios;Valor;2020;1.439.222
Castilla - La Mancha;R_U. Actividades artísticas, recreativas y de entretenimiento, reparación de artículos de uso doméstico y otros servicios;Valor;2019;1.782.729
Castilla - La Mancha;R_U. Actividades artísticas, recreativas y de entretenimiento, reparación de artículos de uso doméstico y otros servicios;Valor;2018;1.707.901
Castilla - La Mancha;R_U. Actividades artísticas, recreativas y de entretenimiento, reparación de artículos de uso doméstico y otros servicios;Valor;2017;1.703.828
Castilla - La Mancha;R_U. Actividades artísticas, recreativas y de entretenimiento, reparación de artículos de uso doméstico y otros servicios;Valor;2016;1.568.392
Castilla - La Mancha;R_U. Actividades artísticas, recreativas y de entretenimiento, reparación de artículos de uso doméstico y otros servicios;Tasas de variación interanuales;2022(A);15,2
Castilla - La Mancha;R_U. Actividades artísticas, recreativas y de entretenimiento, reparación de artículos de uso doméstico y otros servicios;Tasas de variación interanuales;2021(P);0,7
Castilla - La Mancha;R_U. Actividades artísticas, recreativas y de entretenimiento, reparación de artículos de uso doméstico y otros servicios;Tasas de variación interanuales;2020;-19,3
Castilla - La Mancha;R_U. Actividades artísticas, recreativas y de entretenimiento, reparación de artículos de uso doméstico y otros servicios;Tasas de variación interanuales;2019;4,4
Castilla - La Mancha;R_U. Actividades artísticas, recreativas y de entretenimiento, reparación de artículos de uso doméstico y otros servicios;Tasas de variación interanuales;2018;0,2
Castilla - La Mancha;R_U. Actividades artísticas, recreativas y de entretenimiento, reparación de artículos de uso doméstico y otros servicios;Tasas de variación interanuales;2017;8,6
Castilla - La Mancha;R_U. Actividades artísticas, recreativas y de entretenimiento, reparación de artículos de uso doméstico y otros servicios;Tasas de variación interanuales;2016;..
Castilla - La Mancha;R_U. Actividades artísticas, recreativas y de entretenimiento, reparación de artículos de uso doméstico y otros servicios;Estructura porcentual;2022(A);3,6
Castilla - La Mancha;R_U. Actividades artísticas, recreativas y de entretenimiento, reparación de artículos de uso doméstico y otros servicios;Estructura porcentual;2021(P);3,4
Castilla - La Mancha;R_U. Actividades artísticas, recreativas y de entretenimiento, reparación de artículos de uso doméstico y otros servicios;Estructura porcentual;2020;3,7
Castilla - La Mancha;R_U. Actividades artísticas, recreativas y de entretenimiento, reparación de artículos de uso doméstico y otros servicios;Estructura porcentual;2019;4,2
Castilla - La Mancha;R_U. Actividades artísticas, recreativas y de entretenimiento, reparación de artículos de uso doméstico y otros servicios;Estructura porcentual;2018;4,1
Castilla - La Mancha;R_U. Actividades artísticas, recreativas y de entretenimiento, reparación de artículos de uso doméstico y otros servicios;Estructura porcentual;2017;4,3
Castilla - La Mancha;R_U. Actividades artísticas, recreativas y de entretenimiento, reparación de artículos de uso doméstico y otros servicios;Estructura porcentual;2016;4,1
Castilla - La Mancha;Valor añadido bruto total;Valor;2022(A);42.526.327
Castilla - La Mancha;Valor añadido bruto total;Valor;2021(P);38.770.079
Castilla - La Mancha;Valor añadido bruto total;Valor;2020;35.903.402
Castilla - La Mancha;Valor añadido bruto total;Valor;2019;38.453.674
Castilla - La Mancha;Valor añadido bruto total;Valor;2018;37.537.789
Castilla - La Mancha;Valor añadido bruto total;Valor;2017;36.166.893
Castilla - La Mancha;Valor añadido bruto total;Valor;2016;34.768.221
Castilla - La Mancha;Valor añadido bruto total;Tasas de variación interanuales;2022(A);9,7
Castilla - La Mancha;Valor añadido bruto total;Tasas de variación interanuales;2021(P);8
Castilla - La Mancha;Valor añadido bruto total;Tasas de variación interanuales;2020;-6,6
Castilla - La Mancha;Valor añadido bruto total;Tasas de variación interanuales;2019;2,4
Castilla - La Mancha;Valor añadido bruto total;Tasas de variación interanuales;2018;3,8
Castilla - La Mancha;Valor añadido bruto total;Tasas de variación interanuales;2017;4
Castilla - La Mancha;Valor añadido bruto total;Tasas de variación interanuales;2016;..
Castilla - La Mancha;Valor añadido bruto total;Estructura porcentual;2022(A);91
Castilla - La Mancha;Valor añadido bruto total;Estructura porcentual;2021(P);90,5
Castilla - La Mancha;Valor añadido bruto total;Estructura porcentual;2020;91,2
Castilla - La Mancha;Valor añadido bruto total;Estructura porcentual;2019;90,7
Castilla - La Mancha;Valor añadido bruto total;Estructura porcentual;2018;90,5
Castilla - La Mancha;Valor añadido bruto total;Estructura porcentual;2017;90,7
Castilla - La Mancha;Valor añadido bruto total;Estructura porcentual;2016;90,7
Castilla - La Mancha;Impuestos netos sobre los productos;Valor;2022(A);4.189.546
Castilla - La Mancha;Impuestos netos sobre los productos;Valor;2021(P);4.082.163
Castilla - La Mancha;Impuestos netos sobre los productos;Valor;2020;3.443.201
Castilla - La Mancha;Impuestos netos sobre los productos;Valor;2019;3.945.180
Castilla - La Mancha;Impuestos netos sobre los productos;Valor;2018;3.943.187
Castilla - La Mancha;Impuestos netos sobre los productos;Valor;2017;3.730.169
Castilla - La Mancha;Impuestos netos sobre los productos;Valor;2016;3.546.450
Castilla - La Mancha;Impuestos netos sobre los productos;Tasas de variación interanuales;2022(A);2,6
Castilla - La Mancha;Impuestos netos sobre los productos;Tasas de variación interanuales;2021(P);18,6
Castilla - La Mancha;Impuestos netos sobre los productos;Tasas de variación interanuales;2020;-12,7
Castilla - La Mancha;Impuestos netos sobre los productos;Tasas de variación interanuales;2019;0,1
Castilla - La Mancha;Impuestos netos sobre los productos;Tasas de variación interanuales;2018;5,7
Castilla - La Mancha;Impuestos netos sobre los productos;Tasas de variación interanuales;2017;5,2
Castilla - La Mancha;Impuestos netos sobre los productos;Tasas de variación interanuales;2016;..
Castilla - La Mancha;Impuestos netos sobre los productos;Estructura porcentual;2022(A);9
Castilla - La Mancha;Impuestos netos sobre los productos;Estructura porcentual;2021(P);9,5
Castilla - La Mancha;Impuestos netos sobre los productos;Estructura porcentual;2020;8,8
Castilla - La Mancha;Impuestos netos sobre los productos;Estructura porcentual;2019;9,3
Castilla - La Mancha;Impuestos netos sobre los productos;Estructura porcentual;2018;9,5
Castilla - La Mancha;Impuestos netos sobre los productos;Estructura porcentual;2017;9,3
Castilla - La Mancha;Impuestos netos sobre los productos;Estructura porcentual;2016;9,3
Castilla - La Mancha;PRODUCTO INTERIOR BRUTO A PRECIOS DE MERCADO;Valor;2022(A);46.715.873
Castilla - La Mancha;PRODUCTO INTERIOR BRUTO A PRECIOS DE MERCADO;Valor;2021(P);42.852.242
Castilla - La Mancha;PRODUCTO INTERIOR BRUTO A PRECIOS DE MERCADO;Valor;2020;39.346.603
Castilla - La Mancha;PRODUCTO INTERIOR BRUTO A PRECIOS DE MERCADO;Valor;2019;42.398.854
Castilla - La Mancha;PRODUCTO INTERIOR BRUTO A PRECIOS DE MERCADO;Valor;2018;41.480.976
Castilla - La Mancha;PRODUCTO INTERIOR BRUTO A PRECIOS DE MERCADO;Valor;2017;39.897.062
Castilla - La Mancha;PRODUCTO INTERIOR BRUTO A PRECIOS DE MERCADO;Valor;2016;38.314.671
Castilla - La Mancha;PRODUCTO INTERIOR BRUTO A PRECIOS DE MERCADO;Tasas de variación interanuales;2022(A);9
Castilla - La Mancha;PRODUCTO INTERIOR BRUTO A PRECIOS DE MERCADO;Tasas de variación interanuales;2021(P);8,9
Castilla - La Mancha;PRODUCTO INTERIOR BRUTO A PRECIOS DE MERCADO;Tasas de variación interanuales;2020;-7,2
Castilla - La Mancha;PRODUCTO INTERIOR BRUTO A PRECIOS DE MERCADO;Tasas de variación interanuales;2019;2,2
Castilla - La Mancha;PRODUCTO INTERIOR BRUTO A PRECIOS DE MERCADO;Tasas de variación interanuales;2018;4
Castilla - La Mancha;PRODUCTO INTERIOR BRUTO A PRECIOS DE MERCADO;Tasas de variación interanuales;2017;4,1
Castilla - La Mancha;PRODUCTO INTERIOR BRUTO A PRECIOS DE MERCADO;Tasas de variación interanuales;2016;..
Castilla - La Mancha;PRODUCTO INTERIOR BRUTO A PRECIOS DE MERCADO;Estructura porcentual;2022(A);100
Castilla - La Mancha;PRODUCTO INTERIOR BRUTO A PRECIOS DE MERCADO;Estructura porcentual;2021(P);100
Castilla - La Mancha;PRODUCTO INTERIOR BRUTO A PRECIOS DE MERCADO;Estructura porcentual;2020;100
Castilla - La Mancha;PRODUCTO INTERIOR BRUTO A PRECIOS DE MERCADO;Estructura porcentual;2019;100
Castilla - La Mancha;PRODUCTO INTERIOR BRUTO A PRECIOS DE MERCADO;Estructura porcentual;2018;100
Castilla - La Mancha;PRODUCTO INTERIOR BRUTO A PRECIOS DE MERCADO;Estructura porcentual;2017;100
Castilla - La Mancha;PRODUCTO INTERIOR BRUTO A PRECIOS DE MERCADO;Estructura porcentual;2016;100
Cataluña;PRODUCTO INTERIOR BRUTO A PRECIOS DE MERCADO;Valor;2022(A);255.153.805
Cataluña;PRODUCTO INTERIOR BRUTO A PRECIOS DE MERCADO;Valor;2021(P);232.057.336
Cataluña;PRODUCTO INTERIOR BRUTO A PRECIOS DE MERCADO;Valor;2020;212.611.443
Cataluña;PRODUCTO INTERIOR BRUTO A PRECIOS DE MERCADO;Valor;2019;238.308.749
Cataluña;PRODUCTO INTERIOR BRUTO A PRECIOS DE MERCADO;Valor;2018;229.083.098
Cataluña;PRODUCTO INTERIOR BRUTO A PRECIOS DE MERCADO;Valor;2017;221.482.095
Cataluña;PRODUCTO INTERIOR BRUTO A PRECIOS DE MERCADO;Valor;2016;212.655.821
Cataluña;PRODUCTO INTERIOR BRUTO A PRECIOS DE MERCADO;Tasas de variación interanuales;2022(A);10
Cataluña;PRODUCTO INTERIOR BRUTO A PRECIOS DE MERCADO;Tasas de variación interanuales;2021(P);9,1
Cataluña;PRODUCTO INTERIOR BRUTO A PRECIOS DE MERCADO;Tasas de variación interanuales;2020;-10,8
Cataluña;PRODUCTO INTERIOR BRUTO A PRECIOS DE MERCADO;Tasas de variación interanuales;2019;4
Cataluña;PRODUCTO INTERIOR BRUTO A PRECIOS DE MERCADO;Tasas de variación interanuales;2018;3,4
Cataluña;PRODUCTO INTERIOR BRUTO A PRECIOS DE MERCADO;Tasas de variación interanuales;2017;4,2
Cataluña;PRODUCTO INTERIOR BRUTO A PRECIOS DE MERCADO;Tasas de variación interanuales;2016;..
Cataluña;PRODUCTO INTERIOR BRUTO A PRECIOS DE MERCADO;Estructura porcentual;2022(A);100
Cataluña;PRODUCTO INTERIOR BRUTO A PRECIOS DE MERCADO;Estructura porcentual;2021(P);100
Cataluña;PRODUCTO INTERIOR BRUTO A PRECIOS DE MERCADO;Estructura porcentual;2020;100
Cataluña;PRODUCTO INTERIOR BRUTO A PRECIOS DE MERCADO;Estructura porcentual;2019;100
Cataluña;PRODUCTO INTERIOR BRUTO A PRECIOS DE MERCADO;Estructura porcentual;2018;100
Cataluña;PRODUCTO INTERIOR BRUTO A PRECIOS DE MERCADO;Estructura porcentual;2017;100
Cataluña;PRODUCTO INTERIOR BRUTO A PRECIOS DE MERCADO;Estructura porcentual;2016;100
Cataluña;A. Agricultura, ganadería, silvicultura y pesca;Valor;2022(A);2.090.484
Cataluña;A. Agricultura, ganadería, silvicultura y pesca;Valor;2021(P);2.266.659
Cataluña;A. Agricultura, ganadería, silvicultura y pesca;Valor;2020;2.464.353
Cataluña;A. Agricultura, ganadería, silvicultura y pesca;Valor;2019;2.438.008
Cataluña;A. Agricultura, ganadería, silvicultura y pesca;Valor;2018;2.299.251
Cataluña;A. Agricultura, ganadería, silvicultura y pesca;Valor;2017;2.362.848
Cataluña;A. Agricultura, ganadería, silvicultura y pesca;Valor;2016;2.195.795
Cataluña;A. Agricultura, ganadería, silvicultura y pesca;Tasas de variación interanuales;2022(A);-7,8
Cataluña;A. Agricultura, ganadería, silvicultura y pesca;Tasas de variación interanuales;2021(P);-8
Cataluña;A. Agricultura, ganadería, silvicultura y pesca;Tasas de variación interanuales;2020;1,1
Cataluña;A. Agricultura, ganadería, silvicultura y pesca;Tasas de variación interanuales;2019;6
Cataluña;A. Agricultura, ganadería, silvicultura y pesca;Tasas de variación interanuales;2018;-2,7
Cataluña;A. Agricultura, ganadería, silvicultura y pesca;Tasas de variación interanuales;2017;7,6
Cataluña;A. Agricultura, ganadería, silvicultura y pesca;Tasas de variación interanuales;2016;..
Cataluña;A. Agricultura, ganadería, silvicultura y pesca;Estructura porcentual;2022(A);0,8
Cataluña;A. Agricultura, ganadería, silvicultura y pesca;Estructura porcentual;2021(P);1
Cataluña;A. Agricultura, ganadería, silvicultura y pesca;Estructura porcentual;2020;1,2
Cataluña;A. Agricultura, ganadería, silvicultura y pesca;Estructura porcentual;2019;1
Cataluña;A. Agricultura, ganadería, silvicultura y pesca;Estructura porcentual;2018;1
Cataluña;A. Agricultura, ganadería, silvicultura y pesca;Estructura porcentual;2017;1,1
Cataluña;A. Agricultura, ganadería, silvicultura y pesca;Estructura porcentual;2016;1
Cataluña;B_E. Industrias extractivas, industria manufacturera, suministro de energía eléctrica, gas, vapor y aire acondicionado, suministro de agua, actividades de saneamiento, gestión de residuos y descontaminación;Valor;2022(A);47.761.840
Cataluña;B_E. Industrias extractivas, industria manufacturera, suministro de energía eléctrica, gas, vapor y aire acondicionado, suministro de agua, actividades de saneamiento, gestión de residuos y descontaminación;Valor;2021(P);42.503.936
Cataluña;B_E. Industrias extractivas, industria manufacturera, suministro de energía eléctrica, gas, vapor y aire acondicionado, suministro de agua, actividades de saneamiento, gestión de residuos y descontaminación;Valor;2020;37.359.687
Cataluña;B_E. Industrias extractivas, industria manufacturera, suministro de energía eléctrica, gas, vapor y aire acondicionado, suministro de agua, actividades de saneamiento, gestión de residuos y descontaminación;Valor;2019;40.566.233
Cataluña;B_E. Industrias extractivas, industria manufacturera, suministro de energía eléctrica, gas, vapor y aire acondicionado, suministro de agua, actividades de saneamiento, gestión de residuos y descontaminación;Valor;2018;40.003.730
Cataluña;B_E. Industrias extractivas, industria manufacturera, suministro de energía eléctrica, gas, vapor y aire acondicionado, suministro de agua, actividades de saneamiento, gestión de residuos y descontaminación;Valor;2017;39.321.477
Cataluña;B_E. Industrias extractivas, industria manufacturera, suministro de energía eléctrica, gas, vapor y aire acondicionado, suministro de agua, actividades de saneamiento, gestión de residuos y descontaminación;Valor;2016;38.378.440
Cataluña;B_E. Industrias extractivas, industria manufacturera, suministro de energía eléctrica, gas, vapor y aire acondicionado, suministro de agua, actividades de saneamiento, gestión de residuos y descontaminación;Tasas de variación interanuales;2022(A);12,4
Cataluña;B_E. Industrias extractivas, industria manufacturera, suministro de energía eléctrica, gas, vapor y aire acondicionado, suministro de agua, actividades de saneamiento, gestión de residuos y descontaminación;Tasas de variación interanuales;2021(P);13,8
Cataluña;B_E. Industrias extractivas, industria manufacturera, suministro de energía eléctrica, gas, vapor y aire acondicionado, suministro de agua, actividades de saneamiento, gestión de residuos y descontaminación;Tasas de variación interanuales;2020;-7,9
Cataluña;B_E. Industrias extractivas, industria manufacturera, suministro de energía eléctrica, gas, vapor y aire acondicionado, suministro de agua, actividades de saneamiento, gestión de residuos y descontaminación;Tasas de variación interanuales;2019;1,4
Cataluña;B_E. Industrias extractivas, industria manufacturera, suministro de energía eléctrica, gas, vapor y aire acondicionado, suministro de agua, actividades de saneamiento, gestión de residuos y descontaminación;Tasas de variación interanuales;2018;1,7
Cataluña;B_E. Industrias extractivas, industria manufacturera, suministro de energía eléctrica, gas, vapor y aire acondicionado, suministro de agua, actividades de saneamiento, gestión de residuos y descontaminación;Tasas de variación interanuales;2017;2,5
Cataluña;B_E. Industrias extractivas, industria manufacturera, suministro de energía eléctrica, gas, vapor y aire acondicionado, suministro de agua, actividades de saneamiento, gestión de residuos y descontaminación;Tasas de variación interanuales;2016;..
Cataluña;B_E. Industrias extractivas, industria manufacturera, suministro de energía eléctrica, gas, vapor y aire acondicionado, suministro de agua, actividades de saneamiento, gestión de residuos y descontaminación;Estructura porcentual;2022(A);18,7
Cataluña;B_E. Industrias extractivas, industria manufacturera, suministro de energía eléctrica, gas, vapor y aire acondicionado, suministro de agua, actividades de saneamiento, gestión de residuos y descontaminación;Estructura porcentual;2021(P);18,3
Cataluña;B_E. Industrias extractivas, industria manufacturera, suministro de energía eléctrica, gas, vapor y aire acondicionado, suministro de agua, actividades de saneamiento, gestión de residuos y descontaminación;Estructura porcentual;2020;17,6
Cataluña;B_E. Industrias extractivas, industria manufacturera, suministro de energía eléctrica, gas, vapor y aire acondicionado, suministro de agua, actividades de saneamiento, gestión de residuos y descontaminación;Estructura porcentual;2019;17
Cataluña;B_E. Industrias extractivas, industria manufacturera, suministro de energía eléctrica, gas, vapor y aire acondicionado, suministro de agua, actividades de saneamiento, gestión de residuos y descontaminación;Estructura porcentual;2018;17,5
Cataluña;B_E. Industrias extractivas, industria manufacturera, suministro de energía eléctrica, gas, vapor y aire acondicionado, suministro de agua, actividades de saneamiento, gestión de residuos y descontaminación;Estructura porcentual;2017;17,8
Cataluña;B_E. Industrias extractivas, industria manufacturera, suministro de energía eléctrica, gas, vapor y aire acondicionado, suministro de agua, actividades de saneamiento, gestión de residuos y descontaminación;Estructura porcentual;2016;18
Cataluña;C. - De las cuales: Industria manufacturera;Valor;2022(A);39.032.709
Cataluña;C. - De las cuales: Industria manufacturera;Valor;2021(P);35.651.442
Cataluña;C. - De las cuales: Industria manufacturera;Valor;2020;31.336.954
Cataluña;C. - De las cuales: Industria manufacturera;Valor;2019;34.331.052
Cataluña;C. - De las cuales: Industria manufacturera;Valor;2018;33.899.780
Cataluña;C. - De las cuales: Industria manufacturera;Valor;2017;33.567.252
Cataluña;C. - De las cuales: Industria manufacturera;Valor;2016;32.657.966
Cataluña;C. - De las cuales: Industria manufacturera;Tasas de variación interanuales;2022(A);9,5
Cataluña;C. - De las cuales: Industria manufacturera;Tasas de variación interanuales;2021(P);13,8
Cataluña;C. - De las cuales: Industria manufacturera;Tasas de variación interanuales;2020;-8,7
Cataluña;C. - De las cuales: Industria manufacturera;Tasas de variación interanuales;2019;1,3
Cataluña;C. - De las cuales: Industria manufacturera;Tasas de variación interanuales;2018;1
Cataluña;C. - De las cuales: Industria manufacturera;Tasas de variación interanuales;2017;2,8
Cataluña;C. - De las cuales: Industria manufacturera;Tasas de variación interanuales;2016;..
Cataluña;C. - De las cuales: Industria manufacturera;Estructura porcentual;2022(A);15,3
Cataluña;C. - De las cuales: Industria manufacturera;Estructura porcentual;2021(P);15,4
Cataluña;C. - De las cuales: Industria manufacturera;Estructura porcentual;2020;14,7
Cataluña;C. - De las cuales: Industria manufacturera;Estructura porcentual;2019;14,4
Cataluña;C. - De las cuales: Industria manufacturera;Estructura porcentual;2018;14,8
Cataluña;C. - De las cuales: Industria manufacturera;Estructura porcentual;2017;15,2
Cataluña;C. - De las cuales: Industria manufacturera;Estructura porcentual;2016;15,4
Cataluña;F. Construcción;Valor;2022(A);11.189.898
Cataluña;F. Construcción;Valor;2021(P);10.555.450
Cataluña;F. Construcción;Valor;2020;10.179.177
Cataluña;F. Construcción;Valor;2019;11.775.616
Cataluña;F. Construcción;Valor;2018;10.723.447
Cataluña;F. Construcción;Valor;2017;10.510.298
Cataluña;F. Construcción;Valor;2016;10.015.925
Cataluña;F. Construcción;Tasas de variación interanuales;2022(A);6
Cataluña;F. Construcción;Tasas de variación interanuales;2021(P);3,7
Cataluña;F. Construcción;Tasas de variación interanuales;2020;-13,6
Cataluña;F. Construcción;Tasas de variación interanuales;2019;9,8
Cataluña;F. Construcción;Tasas de variación interanuales;2018;2
Cataluña;F. Construcción;Tasas de variación interanuales;2017;4,9
Cataluña;F. Construcción;Tasas de variación interanuales;2016;..
Cataluña;F. Construcción;Estructura porcentual;2022(A);4,4
Cataluña;F. Construcción;Estructura porcentual;2021(P);4,5
Cataluña;F. Construcción;Estructura porcentual;2020;4,8
Cataluña;F. Construcción;Estructura porcentual;2019;4,9
Cataluña;F. Construcción;Estructura porcentual;2018;4,7
Cataluña;F. Construcción;Estructura porcentual;2017;4,7
Cataluña;F. Construcción;Estructura porcentual;2016;4,7
Cataluña;G_I. Comercio al por mayor y al por menor, reparación de vehículos de motor y motocicletas, transporte y almacenamiento, hostelería;Valor;2022(A);57.547.882
Cataluña;G_I. Comercio al por mayor y al por menor, reparación de vehículos de motor y motocicletas, transporte y almacenamiento, hostelería;Valor;2021(P);48.029.382
Cataluña;G_I. Comercio al por mayor y al por menor, reparación de vehículos de motor y motocicletas, transporte y almacenamiento, hostelería;Valor;2020;40.816.413
Cataluña;G_I. Comercio al por mayor y al por menor, reparación de vehículos de motor y motocicletas, transporte y almacenamiento, hostelería;Valor;2019;53.759.484
Cataluña;G_I. Comercio al por mayor y al por menor, reparación de vehículos de motor y motocicletas, transporte y almacenamiento, hostelería;Valor;2018;51.681.944
Cataluña;G_I. Comercio al por mayor y al por menor, reparación de vehículos de motor y motocicletas, transporte y almacenamiento, hostelería;Valor;2017;50.222.024
Cataluña;G_I. Comercio al por mayor y al por menor, reparación de vehículos de motor y motocicletas, transporte y almacenamiento, hostelería;Valor;2016;48.098.585
Cataluña;G_I. Comercio al por mayor y al por menor, reparación de vehículos de motor y motocicletas, transporte y almacenamiento, hostelería;Tasas de variación interanuales;2022(A);19,8
Cataluña;G_I. Comercio al por mayor y al por menor, reparación de vehículos de motor y motocicletas, transporte y almacenamiento, hostelería;Tasas de variación interanuales;2021(P);17,7
Cataluña;G_I. Comercio al por mayor y al por menor, reparación de vehículos de motor y motocicletas, transporte y almacenamiento, hostelería;Tasas de variación interanuales;2020;-24,1
Cataluña;G_I. Comercio al por mayor y al por menor, reparación de vehículos de motor y motocicletas, transporte y almacenamiento, hostelería;Tasas de variación interanuales;2019;4
Cataluña;G_I. Comercio al por mayor y al por menor, reparación de vehículos de motor y motocicletas, transporte y almacenamiento, hostelería;Tasas de variación interanuales;2018;2,9
Cataluña;G_I. Comercio al por mayor y al por menor, reparación de vehículos de motor y motocicletas, transporte y almacenamiento, hostelería;Tasas de variación interanuales;2017;4,4
Cataluña;G_I. Comercio al por mayor y al por menor, reparación de vehículos de motor y motocicletas, transporte y almacenamiento, hostelería;Tasas de variación interanuales;2016;..
Cataluña;G_I. Comercio al por mayor y al por menor, reparación de vehículos de motor y motocicletas, transporte y almacenamiento, hostelería;Estructura porcentual;2022(A);22,6
Cataluña;G_I. Comercio al por mayor y al por menor, reparación de vehículos de motor y motocicletas, transporte y almacenamiento, hostelería;Estructura porcentual;2021(P);20,7
Cataluña;G_I. Comercio al por mayor y al por menor, reparación de vehículos de motor y motocicletas, transporte y almacenamiento, hostelería;Estructura porcentual;2020;19,2
Cataluña;G_I. Comercio al por mayor y al por menor, reparación de vehículos de motor y motocicletas, transporte y almacenamiento, hostelería;Estructura porcentual;2019;22,6
Cataluña;G_I. Comercio al por mayor y al por menor, reparación de vehículos de motor y motocicletas, transporte y almacenamiento, hostelería;Estructura porcentual;2018;22,6
Cataluña;G_I. Comercio al por mayor y al por menor, reparación de vehículos de motor y motocicletas, transporte y almacenamiento, hostelería;Estructura porcentual;2017;22,7
Cataluña;G_I. Comercio al por mayor y al por menor, reparación de vehículos de motor y motocicletas, transporte y almacenamiento, hostelería;Estructura porcentual;2016;22,6
Cataluña;J. Información y comunicaciones;Valor;2022(A);8.953.753
Cataluña;J. Información y comunicaciones;Valor;2021(P);8.190.407
Cataluña;J. Información y comunicaciones;Valor;2020;7.591.584
Cataluña;J. Información y comunicaciones;Valor;2019;7.671.596
Cataluña;J. Información y comunicaciones;Valor;2018;7.174.001
Cataluña;J. Información y comunicaciones;Valor;2017;6.755.161
Cataluña;J. Información y comunicaciones;Valor;2016;6.537.640
Cataluña;J. Información y comunicaciones;Tasas de variación interanuales;2022(A);9,3
Cataluña;J. Información y comunicaciones;Tasas de variación interanuales;2021(P);7,9
Cataluña;J. Información y comunicaciones;Tasas de variación interanuales;2020;-1
Cataluña;J. Información y comunicaciones;Tasas de variación interanuales;2019;6,9
Cataluña;J. Información y comunicaciones;Tasas de variación interanuales;2018;6,2
Cataluña;J. Información y comunicaciones;Tasas de variación interanuales;2017;3,3
Cataluña;J. Información y comunicaciones;Tasas de variación interanuales;2016;..
Cataluña;J. Información y comunicaciones;Estructura porcentual;2022(A);3,5
Cataluña;J. Información y comunicaciones;Estructura porcentual;2021(P);3,5
Cataluña;J. Información y comunicaciones;Estructura porcentual;2020;3,6
Cataluña;J. Información y comunicaciones;Estructura porcentual;2019;3,2
Cataluña;J. Información y comunicaciones;Estructura porcentual;2018;3,1
Cataluña;J. Información y comunicaciones;Estructura porcentual;2017;3
Cataluña;J. Información y comunicaciones;Estructura porcentual;2016;3,1
Cataluña;K. Actividades financieras y de seguros;Valor;2022(A);9.279.599
Cataluña;K. Actividades financieras y de seguros;Valor;2021(P);8.173.993
Cataluña;K. Actividades financieras y de seguros;Valor;2020;7.983.669
Cataluña;K. Actividades financieras y de seguros;Valor;2019;7.568.664
Cataluña;K. Actividades financieras y de seguros;Valor;2018;7.729.410
Cataluña;K. Actividades financieras y de seguros;Valor;2017;7.060.167
Cataluña;K. Actividades financieras y de seguros;Valor;2016;6.827.944
Cataluña;K. Actividades financieras y de seguros;Tasas de variación interanuales;2022(A);13,5
Cataluña;K. Actividades financieras y de seguros;Tasas de variación interanuales;2021(P);2,4
Cataluña;K. Actividades financieras y de seguros;Tasas de variación interanuales;2020;5,5
Cataluña;K. Actividades financieras y de seguros;Tasas de variación interanuales;2019;-2,1
Cataluña;K. Actividades financieras y de seguros;Tasas de variación interanuales;2018;9,5
Cataluña;K. Actividades financieras y de seguros;Tasas de variación interanuales;2017;3,4
Cataluña;K. Actividades financieras y de seguros;Tasas de variación interanuales;2016;..
Cataluña;K. Actividades financieras y de seguros;Estructura porcentual;2022(A);3,6
Cataluña;K. Actividades financieras y de seguros;Estructura porcentual;2021(P);3,5
Cataluña;K. Actividades financieras y de seguros;Estructura porcentual;2020;3,8
Cataluña;K. Actividades financieras y de seguros;Estructura porcentual;2019;3,2
Cataluña;K. Actividades financieras y de seguros;Estructura porcentual;2018;3,4
Cataluña;K. Actividades financieras y de seguros;Estructura porcentual;2017;3,2
Cataluña;K. Actividades financieras y de seguros;Estructura porcentual;2016;3,2
Cataluña;L. Actividades inmobiliarias;Valor;2022(A);28.360.244
Cataluña;L. Actividades inmobiliarias;Valor;2021(P);27.122.597
Cataluña;L. Actividades inmobiliarias;Valor;2020;26.469.700
Cataluña;L. Actividades inmobiliarias;Valor;2019;26.430.888
Cataluña;L. Actividades inmobiliarias;Valor;2018;25.562.983
Cataluña;L. Actividades inmobiliarias;Valor;2017;24.556.061
Cataluña;L. Actividades inmobiliarias;Valor;2016;23.841.644
Cataluña;L. Actividades inmobiliarias;Tasas de variación interanuales;2022(A);4,6
Cataluña;L. Actividades inmobiliarias;Tasas de variación interanuales;2021(P);2,5
Cataluña;L. Actividades inmobiliarias;Tasas de variación interanuales;2020;0,1
Cataluña;L. Actividades inmobiliarias;Tasas de variación interanuales;2019;3,4
Cataluña;L. Actividades inmobiliarias;Tasas de variación interanuales;2018;4,1
Cataluña;L. Actividades inmobiliarias;Tasas de variación interanuales;2017;3
Cataluña;L. Actividades inmobiliarias;Tasas de variación interanuales;2016;..
Cataluña;L. Actividades inmobiliarias;Estructura porcentual;2022(A);11,1
Cataluña;L. Actividades inmobiliarias;Estructura porcentual;2021(P);11,7
Cataluña;L. Actividades inmobiliarias;Estructura porcentual;2020;12,4
Cataluña;L. Actividades inmobiliarias;Estructura porcentual;2019;11,1
Cataluña;L. Actividades inmobiliarias;Estructura porcentual;2018;11,2
Cataluña;L. Actividades inmobiliarias;Estructura porcentual;2017;11,1
Cataluña;L. Actividades inmobiliarias;Estructura porcentual;2016;11,2
Cataluña;M_N. Actividades profesionales, científicas y técnicas, actividades administrativas y servicios auxiliares;Valor;2022(A);23.076.497
Cataluña;M_N. Actividades profesionales, científicas y técnicas, actividades administrativas y servicios auxiliares;Valor;2021(P);20.879.338
Cataluña;M_N. Actividades profesionales, científicas y técnicas, actividades administrativas y servicios auxiliares;Valor;2020;19.312.614
Cataluña;M_N. Actividades profesionales, científicas y técnicas, actividades administrativas y servicios auxiliares;Valor;2019;22.251.300
Cataluña;M_N. Actividades profesionales, científicas y técnicas, actividades administrativas y servicios auxiliares;Valor;2018;20.251.724
Cataluña;M_N. Actividades profesionales, científicas y técnicas, actividades administrativas y servicios auxiliares;Valor;2017;19.400.235
Cataluña;M_N. Actividades profesionales, científicas y técnicas, actividades administrativas y servicios auxiliares;Valor;2016;18.235.133
Cataluña;M_N. Actividades profesionales, científicas y técnicas, actividades administrativas y servicios auxiliares;Tasas de variación interanuales;2022(A);10,5
Cataluña;M_N. Actividades profesionales, científicas y técnicas, actividades administrativas y servicios auxiliares;Tasas de variación interanuales;2021(P);8,1
Cataluña;M_N. Actividades profesionales, científicas y técnicas, actividades administrativas y servicios auxiliares;Tasas de variación interanuales;2020;-13,2
Cataluña;M_N. Actividades profesionales, científicas y técnicas, actividades administrativas y servicios auxiliares;Tasas de variación interanuales;2019;9,9
Cataluña;M_N. Actividades profesionales, científicas y técnicas, actividades administrativas y servicios auxiliares;Tasas de variación interanuales;2018;4,4
Cataluña;M_N. Actividades profesionales, científicas y técnicas, actividades administrativas y servicios auxiliares;Tasas de variación interanuales;2017;6,4
Cataluña;M_N. Actividades profesionales, científicas y técnicas, actividades administrativas y servicios auxiliares;Tasas de variación interanuales;2016;..
Cataluña;M_N. Actividades profesionales, científicas y técnicas, actividades administrativas y servicios auxiliares;Estructura porcentual;2022(A);9
Cataluña;M_N. Actividades profesionales, científicas y técnicas, actividades administrativas y servicios auxiliares;Estructura porcentual;2021(P);9
Cataluña;M_N. Actividades profesionales, científicas y técnicas, actividades administrativas y servicios auxiliares;Estructura porcentual;2020;9,1
Cataluña;M_N. Actividades profesionales, científicas y técnicas, actividades administrativas y servicios auxiliares;Estructura porcentual;2019;9,3
Cataluña;M_N. Actividades profesionales, científicas y técnicas, actividades administrativas y servicios auxiliares;Estructura porcentual;2018;8,8
Cataluña;M_N. Actividades profesionales, científicas y técnicas, actividades administrativas y servicios auxiliares;Estructura porcentual;2017;8,8
Cataluña;M_N. Actividades profesionales, científicas y técnicas, actividades administrativas y servicios auxiliares;Estructura porcentual;2016;8,6
Cataluña;O_Q. Administración pública y defensa, seguridad social obligatoria, educación, actividades sanitarias y de servicios sociales;Valor;2022(A);34.772.569
Cataluña;O_Q. Administración pública y defensa, seguridad social obligatoria, educación, actividades sanitarias y de servicios sociales;Valor;2021(P);34.311.058
Cataluña;O_Q. Administración pública y defensa, seguridad social obligatoria, educación, actividades sanitarias y de servicios sociales;Valor;2020;34.160.846
Cataluña;O_Q. Administración pública y defensa, seguridad social obligatoria, educación, actividades sanitarias y de servicios sociales;Valor;2019;33.751.516
Cataluña;O_Q. Administración pública y defensa, seguridad social obligatoria, educación, actividades sanitarias y de servicios sociales;Valor;2018;32.068.998
Cataluña;O_Q. Administración pública y defensa, seguridad social obligatoria, educación, actividades sanitarias y de servicios sociales;Valor;2017;30.865.666
Cataluña;O_Q. Administración pública y defensa, seguridad social obligatoria, educación, actividades sanitarias y de servicios sociales;Valor;2016;29.561.355
Cataluña;O_Q. Administración pública y defensa, seguridad social obligatoria, educación, actividades sanitarias y de servicios sociales;Tasas de variación interanuales;2022(A);1,3
Cataluña;O_Q. Administración pública y defensa, seguridad social obligatoria, educación, actividades sanitarias y de servicios sociales;Tasas de variación interanuales;2021(P);0,4
Cataluña;O_Q. Administración pública y defensa, seguridad social obligatoria, educación, actividades sanitarias y de servicios sociales;Tasas de variación interanuales;2020;1,2
Cataluña;O_Q. Administración pública y defensa, seguridad social obligatoria, educación, actividades sanitarias y de servicios sociales;Tasas de variación interanuales;2019;5,2
Cataluña;O_Q. Administración pública y defensa, seguridad social obligatoria, educación, actividades sanitarias y de servicios sociales;Tasas de variación interanuales;2018;3,9
Cataluña;O_Q. Administración pública y defensa, seguridad social obligatoria, educación, actividades sanitarias y de servicios sociales;Tasas de variación interanuales;2017;4,4
Cataluña;O_Q. Administración pública y defensa, seguridad social obligatoria, educación, actividades sanitarias y de servicios sociales;Tasas de variación interanuales;2016;..
Cataluña;O_Q. Administración pública y defensa, seguridad social obligatoria, educación, actividades sanitarias y de servicios sociales;Estructura porcentual;2022(A);13,6
Cataluña;O_Q. Administración pública y defensa, seguridad social obligatoria, educación, actividades sanitarias y de servicios sociales;Estructura porcentual;2021(P);14,8
Cataluña;O_Q. Administración pública y defensa, seguridad social obligatoria, educación, actividades sanitarias y de servicios sociales;Estructura porcentual;2020;16,1
Cataluña;O_Q. Administración pública y defensa, seguridad social obligatoria, educación, actividades sanitarias y de servicios sociales;Estructura porcentual;2019;14,2
Cataluña;O_Q. Administración pública y defensa, seguridad social obligatoria, educación, actividades sanitarias y de servicios sociales;Estructura porcentual;2018;14
Cataluña;O_Q. Administración pública y defensa, seguridad social obligatoria, educación, actividades sanitarias y de servicios sociales;Estructura porcentual;2017;13,9
Cataluña;O_Q. Administración pública y defensa, seguridad social obligatoria, educación, actividades sanitarias y de servicios sociales;Estructura porcentual;2016;13,9
Cataluña;R_U. Actividades artísticas, recreativas y de entretenimiento, reparación de artículos de uso doméstico y otros servicios;Valor;2022(A);9.238.484
Cataluña;R_U. Actividades artísticas, recreativas y de entretenimiento, reparación de artículos de uso doméstico y otros servicios;Valor;2021(P);7.918.420
Cataluña;R_U. Actividades artísticas, recreativas y de entretenimiento, reparación de artículos de uso doméstico y otros servicios;Valor;2020;7.667.880
Cataluña;R_U. Actividades artísticas, recreativas y de entretenimiento, reparación de artículos de uso doméstico y otros servicios;Valor;2019;9.921.003
Cataluña;R_U. Actividades artísticas, recreativas y de entretenimiento, reparación de artículos de uso doméstico y otros servicios;Valor;2018;9.810.940
Cataluña;R_U. Actividades artísticas, recreativas y de entretenimiento, reparación de artículos de uso doméstico y otros servicios;Valor;2017;9.720.726
Cataluña;R_U. Actividades artísticas, recreativas y de entretenimiento, reparación de artículos de uso doméstico y otros servicios;Valor;2016;9.279.692
Cataluña;R_U. Actividades artísticas, recreativas y de entretenimiento, reparación de artículos de uso doméstico y otros servicios;Tasas de variación interanuales;2022(A);16,7
Cataluña;R_U. Actividades artísticas, recreativas y de entretenimiento, reparación de artículos de uso doméstico y otros servicios;Tasas de variación interanuales;2021(P);3,3
Cataluña;R_U. Actividades artísticas, recreativas y de entretenimiento, reparación de artículos de uso doméstico y otros servicios;Tasas de variación interanuales;2020;-22,7
Cataluña;R_U. Actividades artísticas, recreativas y de entretenimiento, reparación de artículos de uso doméstico y otros servicios;Tasas de variación interanuales;2019;1,1
Cataluña;R_U. Actividades artísticas, recreativas y de entretenimiento, reparación de artículos de uso doméstico y otros servicios;Tasas de variación interanuales;2018;0,9
Cataluña;R_U. Actividades artísticas, recreativas y de entretenimiento, reparación de artículos de uso doméstico y otros servicios;Tasas de variación interanuales;2017;4,8
Cataluña;R_U. Actividades artísticas, recreativas y de entretenimiento, reparación de artículos de uso doméstico y otros servicios;Tasas de variación interanuales;2016;..
Cataluña;R_U. Actividades artísticas, recreativas y de entretenimiento, reparación de artículos de uso doméstico y otros servicios;Estructura porcentual;2022(A);3,6
Cataluña;R_U. Actividades artísticas, recreativas y de entretenimiento, reparación de artículos de uso doméstico y otros servicios;Estructura porcentual;2021(P);3,4
Cataluña;R_U. Actividades artísticas, recreativas y de entretenimiento, reparación de artículos de uso doméstico y otros servicios;Estructura porcentual;2020;3,6
Cataluña;R_U. Actividades artísticas, recreativas y de entretenimiento, reparación de artículos de uso doméstico y otros servicios;Estructura porcentual;2019;4,2
Cataluña;R_U. Actividades artísticas, recreativas y de entretenimiento, reparación de artículos de uso doméstico y otros servicios;Estructura porcentual;2018;4,3
Cataluña;R_U. Actividades artísticas, recreativas y de entretenimiento, reparación de artículos de uso doméstico y otros servicios;Estructura porcentual;2017;4,4
Cataluña;R_U. Actividades artísticas, recreativas y de entretenimiento, reparación de artículos de uso doméstico y otros servicios;Estructura porcentual;2016;4,4
Cataluña;Valor añadido bruto total;Valor;2022(A);232.271.250
Cataluña;Valor añadido bruto total;Valor;2021(P);209.951.240
Cataluña;Valor añadido bruto total;Valor;2020;194.005.923
Cataluña;Valor añadido bruto total;Valor;2019;216.134.308
Cataluña;Valor añadido bruto total;Valor;2018;207.306.428
Cataluña;Valor añadido bruto total;Valor;2017;200.774.663
Cataluña;Valor añadido bruto total;Valor;2016;192.972.153
Cataluña;Valor añadido bruto total;Tasas de variación interanuales;2022(A);10,6
Cataluña;Valor añadido bruto total;Tasas de variación interanuales;2021(P);8,2
Cataluña;Valor añadido bruto total;Tasas de variación interanuales;2020;-10,2
Cataluña;Valor añadido bruto total;Tasas de variación interanuales;2019;4,3
Cataluña;Valor añadido bruto total;Tasas de variación interanuales;2018;3,3
Cataluña;Valor añadido bruto total;Tasas de variación interanuales;2017;4
Cataluña;Valor añadido bruto total;Tasas de variación interanuales;2016;..
Cataluña;Valor añadido bruto total;Estructura porcentual;2022(A);91
Cataluña;Valor añadido bruto total;Estructura porcentual;2021(P);90,5
Cataluña;Valor añadido bruto total;Estructura porcentual;2020;91,2
Cataluña;Valor añadido bruto total;Estructura porcentual;2019;90,7
Cataluña;Valor añadido bruto total;Estructura porcentual;2018;90,5
Cataluña;Valor añadido bruto total;Estructura porcentual;2017;90,7
Cataluña;Valor añadido bruto total;Estructura porcentual;2016;90,7
Cataluña;Impuestos netos sobre los productos;Valor;2022(A);22.882.555
Cataluña;Impuestos netos sobre los productos;Valor;2021(P);22.106.096
Cataluña;Impuestos netos sobre los productos;Valor;2020;18.605.520
Cataluña;Impuestos netos sobre los productos;Valor;2019;22.174.441
Cataluña;Impuestos netos sobre los productos;Valor;2018;21.776.670
Cataluña;Impuestos netos sobre los productos;Valor;2017;20.707.432
Cataluña;Impuestos netos sobre los productos;Valor;2016;19.683.668
Cataluña;Impuestos netos sobre los productos;Tasas de variación interanuales;2022(A);3,5
Cataluña;Impuestos netos sobre los productos;Tasas de variación interanuales;2021(P);18,8
Cataluña;Impuestos netos sobre los productos;Tasas de variación interanuales;2020;-16,1
Cataluña;Impuestos netos sobre los productos;Tasas de variación interanuales;2019;1,8
Cataluña;Impuestos netos sobre los productos;Tasas de variación interanuales;2018;5,2
Cataluña;Impuestos netos sobre los productos;Tasas de variación interanuales;2017;5,2
Cataluña;Impuestos netos sobre los productos;Tasas de variación interanuales;2016;..
Cataluña;Impuestos netos sobre los productos;Estructura porcentual;2022(A);9
Cataluña;Impuestos netos sobre los productos;Estructura porcentual;2021(P);9,5
Cataluña;Impuestos netos sobre los productos;Estructura porcentual;2020;8,8
Cataluña;Impuestos netos sobre los productos;Estructura porcentual;2019;9,3
Cataluña;Impuestos netos sobre los productos;Estructura porcentual;2018;9,5
Cataluña;Impuestos netos sobre los productos;Estructura porcentual;2017;9,3
Cataluña;Impuestos netos sobre los productos;Estructura porcentual;2016;9,3
Cataluña;PRODUCTO INTERIOR BRUTO A PRECIOS DE MERCADO;Valor;2022(A);255.153.805
Cataluña;PRODUCTO INTERIOR BRUTO A PRECIOS DE MERCADO;Valor;2021(P);232.057.336
Cataluña;PRODUCTO INTERIOR BRUTO A PRECIOS DE MERCADO;Valor;2020;212.611.443
Cataluña;PRODUCTO INTERIOR BRUTO A PRECIOS DE MERCADO;Valor;2019;238.308.749
Cataluña;PRODUCTO INTERIOR BRUTO A PRECIOS DE MERCADO;Valor;2018;229.083.098
Cataluña;PRODUCTO INTERIOR BRUTO A PRECIOS DE MERCADO;Valor;2017;221.482.095
Cataluña;PRODUCTO INTERIOR BRUTO A PRECIOS DE MERCADO;Valor;2016;212.655.821
Cataluña;PRODUCTO INTERIOR BRUTO A PRECIOS DE MERCADO;Tasas de variación interanuales;2022(A);10
Cataluña;PRODUCTO INTERIOR BRUTO A PRECIOS DE MERCADO;Tasas de variación interanuales;2021(P);9,1
Cataluña;PRODUCTO INTERIOR BRUTO A PRECIOS DE MERCADO;Tasas de variación interanuales;2020;-10,8
Cataluña;PRODUCTO INTERIOR BRUTO A PRECIOS DE MERCADO;Tasas de variación interanuales;2019;4
Cataluña;PRODUCTO INTERIOR BRUTO A PRECIOS DE MERCADO;Tasas de variación interanuales;2018;3,4
Cataluña;PRODUCTO INTERIOR BRUTO A PRECIOS DE MERCADO;Tasas de variación interanuales;2017;4,2
Cataluña;PRODUCTO INTERIOR BRUTO A PRECIOS DE MERCADO;Tasas de variación interanuales;2016;..
Cataluña;PRODUCTO INTERIOR BRUTO A PRECIOS DE MERCADO;Estructura porcentual;2022(A);100
Cataluña;PRODUCTO INTERIOR BRUTO A PRECIOS DE MERCADO;Estructura porcentual;2021(P);100
Cataluña;PRODUCTO INTERIOR BRUTO A PRECIOS DE MERCADO;Estructura porcentual;2020;100
Cataluña;PRODUCTO INTERIOR BRUTO A PRECIOS DE MERCADO;Estructura porcentual;2019;100
Cataluña;PRODUCTO INTERIOR BRUTO A PRECIOS DE MERCADO;Estructura porcentual;2018;100
Cataluña;PRODUCTO INTERIOR BRUTO A PRECIOS DE MERCADO;Estructura porcentual;2017;100
Cataluña;PRODUCTO INTERIOR BRUTO A PRECIOS DE MERCADO;Estructura porcentual;2016;100
Comunitat Valenciana;PRODUCTO INTERIOR BRUTO A PRECIOS DE MERCADO;Valor;2022(A);126.416.306
Comunitat Valenciana;PRODUCTO INTERIOR BRUTO A PRECIOS DE MERCADO;Valor;2021(P);114.837.367
Comunitat Valenciana;PRODUCTO INTERIOR BRUTO A PRECIOS DE MERCADO;Valor;2020;104.753.698
Comunitat Valenciana;PRODUCTO INTERIOR BRUTO A PRECIOS DE MERCADO;Valor;2019;115.606.552
Comunitat Valenciana;PRODUCTO INTERIOR BRUTO A PRECIOS DE MERCADO;Valor;2018;111.743.287
Comunitat Valenciana;PRODUCTO INTERIOR BRUTO A PRECIOS DE MERCADO;Valor;2017;107.799.459
Comunitat Valenciana;PRODUCTO INTERIOR BRUTO A PRECIOS DE MERCADO;Valor;2016;103.220.394
Comunitat Valenciana;PRODUCTO INTERIOR BRUTO A PRECIOS DE MERCADO;Tasas de variación interanuales;2022(A);10,1
Comunitat Valenciana;PRODUCTO INTERIOR BRUTO A PRECIOS DE MERCADO;Tasas de variación interanuales;2021(P);9,6
Comunitat Valenciana;PRODUCTO INTERIOR BRUTO A PRECIOS DE MERCADO;Tasas de variación interanuales;2020;-9,4
Comunitat Valenciana;PRODUCTO INTERIOR BRUTO A PRECIOS DE MERCADO;Tasas de variación interanuales;2019;3,5
Comunitat Valenciana;PRODUCTO INTERIOR BRUTO A PRECIOS DE MERCADO;Tasas de variación interanuales;2018;3,7
Comunitat Valenciana;PRODUCTO INTERIOR BRUTO A PRECIOS DE MERCADO;Tasas de variación interanuales;2017;4,4
Comunitat Valenciana;PRODUCTO INTERIOR BRUTO A PRECIOS DE MERCADO;Tasas de variación interanuales;2016;..
Comunitat Valenciana;PRODUCTO INTERIOR BRUTO A PRECIOS DE MERCADO;Estructura porcentual;2022(A);100
Comunitat Valenciana;PRODUCTO INTERIOR BRUTO A PRECIOS DE MERCADO;Estructura porcentual;2021(P);100
Comunitat Valenciana;PRODUCTO INTERIOR BRUTO A PRECIOS DE MERCADO;Estructura porcentual;2020;100
Comunitat Valenciana;PRODUCTO INTERIOR BRUTO A PRECIOS DE MERCADO;Estructura porcentual;2019;100
Comunitat Valenciana;PRODUCTO INTERIOR BRUTO A PRECIOS DE MERCADO;Estructura porcentual;2018;100
Comunitat Valenciana;PRODUCTO INTERIOR BRUTO A PRECIOS DE MERCADO;Estructura porcentual;2017;100
Comunitat Valenciana;PRODUCTO INTERIOR BRUTO A PRECIOS DE MERCADO;Estructura porcentual;2016;100
Comunitat Valenciana;A. Agricultura, ganadería, silvicultura y pesca;Valor;2022(A);1.980.793
Comunitat Valenciana;A. Agricultura, ganadería, silvicultura y pesca;Valor;2021(P);2.193.292
Comunitat Valenciana;A. Agricultura, ganadería, silvicultura y pesca;Valor;2020;2.325.003
Comunitat Valenciana;A. Agricultura, ganadería, silvicultura y pesca;Valor;2019;2.106.975
Comunitat Valenciana;A. Agricultura, ganadería, silvicultura y pesca;Valor;2018;2.236.061
Comunitat Valenciana;A. Agricultura, ganadería, silvicultura y pesca;Valor;2017;2.283.464
Comunitat Valenciana;A. Agricultura, ganadería, silvicultura y pesca;Valor;2016;2.280.089
Comunitat Valenciana;A. Agricultura, ganadería, silvicultura y pesca;Tasas de variación interanuales;2022(A);-9,7
Comunitat Valenciana;A. Agricultura, ganadería, silvicultura y pesca;Tasas de variación interanuales;2021(P);-5,7
Comunitat Valenciana;A. Agricultura, ganadería, silvicultura y pesca;Tasas de variación interanuales;2020;10,3
Comunitat Valenciana;A. Agricultura, ganadería, silvicultura y pesca;Tasas de variación interanuales;2019;-5,8
Comunitat Valenciana;A. Agricultura, ganadería, silvicultura y pesca;Tasas de variación interanuales;2018;-2,1
Comunitat Valenciana;A. Agricultura, ganadería, silvicultura y pesca;Tasas de variación interanuales;2017;0,1
Comunitat Valenciana;A. Agricultura, ganadería, silvicultura y pesca;Tasas de variación interanuales;2016;..
Comunitat Valenciana;A. Agricultura, ganadería, silvicultura y pesca;Estructura porcentual;2022(A);1,6
Comunitat Valenciana;A. Agricultura, ganadería, silvicultura y pesca;Estructura porcentual;2021(P);1,9
Comunitat Valenciana;A. Agricultura, ganadería, silvicultura y pesca;Estructura porcentual;2020;2,2
Comunitat Valenciana;A. Agricultura, ganadería, silvicultura y pesca;Estructura porcentual;2019;1,8
Comunitat Valenciana;A. Agricultura, ganadería, silvicultura y pesca;Estructura porcentual;2018;2
Comunitat Valenciana;A. Agricultura, ganadería, silvicultura y pesca;Estructura porcentual;2017;2,1
Comunitat Valenciana;A. Agricultura, ganadería, silvicultura y pesca;Estructura porcentual;2016;2,2
Comunitat Valenciana;B_E. Industrias extractivas, industria manufacturera, suministro de energía eléctrica, gas, vapor y aire acondicionado, suministro de agua, actividades de saneamiento, gestión de residuos y descontaminación;Valor;2022(A);23.476.685
Comunitat Valenciana;B_E. Industrias extractivas, industria manufacturera, suministro de energía eléctrica, gas, vapor y aire acondicionado, suministro de agua, actividades de saneamiento, gestión de residuos y descontaminación;Valor;2021(P);20.486.204
Comunitat Valenciana;B_E. Industrias extractivas, industria manufacturera, suministro de energía eléctrica, gas, vapor y aire acondicionado, suministro de agua, actividades de saneamiento, gestión de residuos y descontaminación;Valor;2020;18.084.980
Comunitat Valenciana;B_E. Industrias extractivas, industria manufacturera, suministro de energía eléctrica, gas, vapor y aire acondicionado, suministro de agua, actividades de saneamiento, gestión de residuos y descontaminación;Valor;2019;19.524.072
Comunitat Valenciana;B_E. Industrias extractivas, industria manufacturera, suministro de energía eléctrica, gas, vapor y aire acondicionado, suministro de agua, actividades de saneamiento, gestión de residuos y descontaminación;Valor;2018;18.986.461
Comunitat Valenciana;B_E. Industrias extractivas, industria manufacturera, suministro de energía eléctrica, gas, vapor y aire acondicionado, suministro de agua, actividades de saneamiento, gestión de residuos y descontaminación;Valor;2017;18.606.413
Comunitat Valenciana;B_E. Industrias extractivas, industria manufacturera, suministro de energía eléctrica, gas, vapor y aire acondicionado, suministro de agua, actividades de saneamiento, gestión de residuos y descontaminación;Valor;2016;17.565.761
Comunitat Valenciana;B_E. Industrias extractivas, industria manufacturera, suministro de energía eléctrica, gas, vapor y aire acondicionado, suministro de agua, actividades de saneamiento, gestión de residuos y descontaminación;Tasas de variación interanuales;2022(A);14,6
Comunitat Valenciana;B_E. Industrias extractivas, industria manufacturera, suministro de energía eléctrica, gas, vapor y aire acondicionado, suministro de agua, actividades de saneamiento, gestión de residuos y descontaminación;Tasas de variación interanuales;2021(P);13,3
Comunitat Valenciana;B_E. Industrias extractivas, industria manufacturera, suministro de energía eléctrica, gas, vapor y aire acondicionado, suministro de agua, actividades de saneamiento, gestión de residuos y descontaminación;Tasas de variación interanuales;2020;-7,4
Comunitat Valenciana;B_E. Industrias extractivas, industria manufacturera, suministro de energía eléctrica, gas, vapor y aire acondicionado, suministro de agua, actividades de saneamiento, gestión de residuos y descontaminación;Tasas de variación interanuales;2019;2,8
Comunitat Valenciana;B_E. Industrias extractivas, industria manufacturera, suministro de energía eléctrica, gas, vapor y aire acondicionado, suministro de agua, actividades de saneamiento, gestión de residuos y descontaminación;Tasas de variación interanuales;2018;2
Comunitat Valenciana;B_E. Industrias extractivas, industria manufacturera, suministro de energía eléctrica, gas, vapor y aire acondicionado, suministro de agua, actividades de saneamiento, gestión de residuos y descontaminación;Tasas de variación interanuales;2017;5,9
Comunitat Valenciana;B_E. Industrias extractivas, industria manufacturera, suministro de energía eléctrica, gas, vapor y aire acondicionado, suministro de agua, actividades de saneamiento, gestión de residuos y descontaminación;Tasas de variación interanuales;2016;..
Comunitat Valenciana;B_E. Industrias extractivas, industria manufacturera, suministro de energía eléctrica, gas, vapor y aire acondicionado, suministro de agua, actividades de saneamiento, gestión de residuos y descontaminación;Estructura porcentual;2022(A);18,6
Comunitat Valenciana;B_E. Industrias extractivas, industria manufacturera, suministro de energía eléctrica, gas, vapor y aire acondicionado, suministro de agua, actividades de saneamiento, gestión de residuos y descontaminación;Estructura porcentual;2021(P);17,8
Comunitat Valenciana;B_E. Industrias extractivas, industria manufacturera, suministro de energía eléctrica, gas, vapor y aire acondicionado, suministro de agua, actividades de saneamiento, gestión de residuos y descontaminación;Estructura porcentual;2020;17,3
Comunitat Valenciana;B_E. Industrias extractivas, industria manufacturera, suministro de energía eléctrica, gas, vapor y aire acondicionado, suministro de agua, actividades de saneamiento, gestión de residuos y descontaminación;Estructura porcentual;2019;16,9
Comunitat Valenciana;B_E. Industrias extractivas, industria manufacturera, suministro de energía eléctrica, gas, vapor y aire acondicionado, suministro de agua, actividades de saneamiento, gestión de residuos y descontaminación;Estructura porcentual;2018;17
Comunitat Valenciana;B_E. Industrias extractivas, industria manufacturera, suministro de energía eléctrica, gas, vapor y aire acondicionado, suministro de agua, actividades de saneamiento, gestión de residuos y descontaminación;Estructura porcentual;2017;17,3
Comunitat Valenciana;B_E. Industrias extractivas, industria manufacturera, suministro de energía eléctrica, gas, vapor y aire acondicionado, suministro de agua, actividades de saneamiento, gestión de residuos y descontaminación;Estructura porcentual;2016;17
Comunitat Valenciana;C. - De las cuales: Industria manufacturera;Valor;2022(A);18.139.078
Comunitat Valenciana;C. - De las cuales: Industria manufacturera;Valor;2021(P);16.216.645
Comunitat Valenciana;C. - De las cuales: Industria manufacturera;Valor;2020;14.372.976
Comunitat Valenciana;C. - De las cuales: Industria manufacturera;Valor;2019;15.657.206
Comunitat Valenciana;C. - De las cuales: Industria manufacturera;Valor;2018;15.169.516
Comunitat Valenciana;C. - De las cuales: Industria manufacturera;Valor;2017;15.010.777
Comunitat Valenciana;C. - De las cuales: Industria manufacturera;Valor;2016;14.006.425
Comunitat Valenciana;C. - De las cuales: Industria manufacturera;Tasas de variación interanuales;2022(A);11,9
Comunitat Valenciana;C. - De las cuales: Industria manufacturera;Tasas de variación interanuales;2021(P);12,8
Comunitat Valenciana;C. - De las cuales: Industria manufacturera;Tasas de variación interanuales;2020;-8,2
Comunitat Valenciana;C. - De las cuales: Industria manufacturera;Tasas de variación interanuales;2019;3,2
Comunitat Valenciana;C. - De las cuales: Industria manufacturera;Tasas de variación interanuales;2018;1,1
Comunitat Valenciana;C. - De las cuales: Industria manufacturera;Tasas de variación interanuales;2017;7,2
Comunitat Valenciana;C. - De las cuales: Industria manufacturera;Tasas de variación interanuales;2016;..
Comunitat Valenciana;C. - De las cuales: Industria manufacturera;Estructura porcentual;2022(A);14,3
Comunitat Valenciana;C. - De las cuales: Industria manufacturera;Estructura porcentual;2021(P);14,1
Comunitat Valenciana;C. - De las cuales: Industria manufacturera;Estructura porcentual;2020;13,7
Comunitat Valenciana;C. - De las cuales: Industria manufacturera;Estructura porcentual;2019;13,5
Comunitat Valenciana;C. - De las cuales: Industria manufacturera;Estructura porcentual;2018;13,6
Comunitat Valenciana;C. - De las cuales: Industria manufacturera;Estructura porcentual;2017;13,9
Comunitat Valenciana;C. - De las cuales: Industria manufacturera;Estructura porcentual;2016;13,6
Comunitat Valenciana;F. Construcción;Valor;2022(A);6.816.829
Comunitat Valenciana;F. Construcción;Valor;2021(P);6.494.332
Comunitat Valenciana;F. Construcción;Valor;2020;6.316.273
Comunitat Valenciana;F. Construcción;Valor;2019;7.318.817
Comunitat Valenciana;F. Construcción;Valor;2018;6.688.701
Comunitat Valenciana;F. Construcción;Valor;2017;6.459.435
Comunitat Valenciana;F. Construcción;Valor;2016;6.080.894
Comunitat Valenciana;F. Construcción;Tasas de variación interanuales;2022(A);5
Comunitat Valenciana;F. Construcción;Tasas de variación interanuales;2021(P);2,8
Comunitat Valenciana;F. Construcción;Tasas de variación interanuales;2020;-13,7
Comunitat Valenciana;F. Construcción;Tasas de variación interanuales;2019;9,4
Comunitat Valenciana;F. Construcción;Tasas de variación interanuales;2018;3,5
Comunitat Valenciana;F. Construcción;Tasas de variación interanuales;2017;6,2
Comunitat Valenciana;F. Construcción;Tasas de variación interanuales;2016;..
Comunitat Valenciana;F. Construcción;Estructura porcentual;2022(A);5,4
Comunitat Valenciana;F. Construcción;Estructura porcentual;2021(P);5,7
Comunitat Valenciana;F. Construcción;Estructura porcentual;2020;6
Comunitat Valenciana;F. Construcción;Estructura porcentual;2019;6,3
Comunitat Valenciana;F. Construcción;Estructura porcentual;2018;6
Comunitat Valenciana;F. Construcción;Estructura porcentual;2017;6
Comunitat Valenciana;F. Construcción;Estructura porcentual;2016;5,9
Comunitat Valenciana;G_I. Comercio al por mayor y al por menor, reparación de vehículos de motor y motocicletas, transporte y almacenamiento, hostelería;Valor;2022(A);28.803.045
Comunitat Valenciana;G_I. Comercio al por mayor y al por menor, reparación de vehículos de motor y motocicletas, transporte y almacenamiento, hostelería;Valor;2021(P);24.158.435
Comunitat Valenciana;G_I. Comercio al por mayor y al por menor, reparación de vehículos de motor y motocicletas, transporte y almacenamiento, hostelería;Valor;2020;20.489.888
Comunitat Valenciana;G_I. Comercio al por mayor y al por menor, reparación de vehículos de motor y motocicletas, transporte y almacenamiento, hostelería;Valor;2019;25.986.458
Comunitat Valenciana;G_I. Comercio al por mayor y al por menor, reparación de vehículos de motor y motocicletas, transporte y almacenamiento, hostelería;Valor;2018;25.031.417
Comunitat Valenciana;G_I. Comercio al por mayor y al por menor, reparación de vehículos de motor y motocicletas, transporte y almacenamiento, hostelería;Valor;2017;24.281.012
Comunitat Valenciana;G_I. Comercio al por mayor y al por menor, reparación de vehículos de motor y motocicletas, transporte y almacenamiento, hostelería;Valor;2016;23.134.055
Comunitat Valenciana;G_I. Comercio al por mayor y al por menor, reparación de vehículos de motor y motocicletas, transporte y almacenamiento, hostelería;Tasas de variación interanuales;2022(A);19,2
Comunitat Valenciana;G_I. Comercio al por mayor y al por menor, reparación de vehículos de motor y motocicletas, transporte y almacenamiento, hostelería;Tasas de variación interanuales;2021(P);17,9
Comunitat Valenciana;G_I. Comercio al por mayor y al por menor, reparación de vehículos de motor y motocicletas, transporte y almacenamiento, hostelería;Tasas de variación interanuales;2020;-21,2
Comunitat Valenciana;G_I. Comercio al por mayor y al por menor, reparación de vehículos de motor y motocicletas, transporte y almacenamiento, hostelería;Tasas de variación interanuales;2019;3,8
Comunitat Valenciana;G_I. Comercio al por mayor y al por menor, reparación de vehículos de motor y motocicletas, transporte y almacenamiento, hostelería;Tasas de variación interanuales;2018;3,1
Comunitat Valenciana;G_I. Comercio al por mayor y al por menor, reparación de vehículos de motor y motocicletas, transporte y almacenamiento, hostelería;Tasas de variación interanuales;2017;5
Comunitat Valenciana;G_I. Comercio al por mayor y al por menor, reparación de vehículos de motor y motocicletas, transporte y almacenamiento, hostelería;Tasas de variación interanuales;2016;..
Comunitat Valenciana;G_I. Comercio al por mayor y al por menor, reparación de vehículos de motor y motocicletas, transporte y almacenamiento, hostelería;Estructura porcentual;2022(A);22,8
Comunitat Valenciana;G_I. Comercio al por mayor y al por menor, reparación de vehículos de motor y motocicletas, transporte y almacenamiento, hostelería;Estructura porcentual;2021(P);21
Comunitat Valenciana;G_I. Comercio al por mayor y al por menor, reparación de vehículos de motor y motocicletas, transporte y almacenamiento, hostelería;Estructura porcentual;2020;19,6
Comunitat Valenciana;G_I. Comercio al por mayor y al por menor, reparación de vehículos de motor y motocicletas, transporte y almacenamiento, hostelería;Estructura porcentual;2019;22,5
Comunitat Valenciana;G_I. Comercio al por mayor y al por menor, reparación de vehículos de motor y motocicletas, transporte y almacenamiento, hostelería;Estructura porcentual;2018;22,4
Comunitat Valenciana;G_I. Comercio al por mayor y al por menor, reparación de vehículos de motor y motocicletas, transporte y almacenamiento, hostelería;Estructura porcentual;2017;22,5
Comunitat Valenciana;G_I. Comercio al por mayor y al por menor, reparación de vehículos de motor y motocicletas, transporte y almacenamiento, hostelería;Estructura porcentual;2016;22,4
Comunitat Valenciana;J. Información y comunicaciones;Valor;2022(A);2.453.980
Comunitat Valenciana;J. Información y comunicaciones;Valor;2021(P);2.235.010
Comunitat Valenciana;J. Información y comunicaciones;Valor;2020;2.077.801
Comunitat Valenciana;J. Información y comunicaciones;Valor;2019;2.087.387
Comunitat Valenciana;J. Información y comunicaciones;Valor;2018;2.021.559
Comunitat Valenciana;J. Información y comunicaciones;Valor;2017;1.973.364
Comunitat Valenciana;J. Información y comunicaciones;Valor;2016;1.848.730
Comunitat Valenciana;J. Información y comunicaciones;Tasas de variación interanuales;2022(A);9,8
Comunitat Valenciana;J. Información y comunicaciones;Tasas de variación interanuales;2021(P);7,6
Comunitat Valenciana;J. Información y comunicaciones;Tasas de variación interanuales;2020;-0,5
Comunitat Valenciana;J. Información y comunicaciones;Tasas de variación interanuales;2019;3,3
Comunitat Valenciana;J. Información y comunicaciones;Tasas de variación interanuales;2018;2,4
Comunitat Valenciana;J. Información y comunicaciones;Tasas de variación interanuales;2017;6,7
Comunitat Valenciana;J. Información y comunicaciones;Tasas de variación interanuales;2016;..
Comunitat Valenciana;J. Información y comunicaciones;Estructura porcentual;2022(A);1,9
Comunitat Valenciana;J. Información y comunicaciones;Estructura porcentual;2021(P);1,9
Comunitat Valenciana;J. Información y comunicaciones;Estructura porcentual;2020;2
Comunitat Valenciana;J. Información y comunicaciones;Estructura porcentual;2019;1,8
Comunitat Valenciana;J. Información y comunicaciones;Estructura porcentual;2018;1,8
Comunitat Valenciana;J. Información y comunicaciones;Estructura porcentual;2017;1,8
Comunitat Valenciana;J. Información y comunicaciones;Estructura porcentual;2016;1,8
Comunitat Valenciana;K. Actividades financieras y de seguros;Valor;2022(A);4.381.825
Comunitat Valenciana;K. Actividades financieras y de seguros;Valor;2021(P);3.875.681
Comunitat Valenciana;K. Actividades financieras y de seguros;Valor;2020;3.818.193
Comunitat Valenciana;K. Actividades financieras y de seguros;Valor;2019;3.642.182
Comunitat Valenciana;K. Actividades financieras y de seguros;Valor;2018;3.676.136
Comunitat Valenciana;K. Actividades financieras y de seguros;Valor;2017;3.341.863
Comunitat Valenciana;K. Actividades financieras y de seguros;Valor;2016;3.174.544
Comunitat Valenciana;K. Actividades financieras y de seguros;Tasas de variación interanuales;2022(A);13,1
Comunitat Valenciana;K. Actividades financieras y de seguros;Tasas de variación interanuales;2021(P);1,5
Comunitat Valenciana;K. Actividades financieras y de seguros;Tasas de variación interanuales;2020;4,8
Comunitat Valenciana;K. Actividades financieras y de seguros;Tasas de variación interanuales;2019;-0,9
Comunitat Valenciana;K. Actividades financieras y de seguros;Tasas de variación interanuales;2018;10
Comunitat Valenciana;K. Actividades financieras y de seguros;Tasas de variación interanuales;2017;5,3
Comunitat Valenciana;K. Actividades financieras y de seguros;Tasas de variación interanuales;2016;..
Comunitat Valenciana;K. Actividades financieras y de seguros;Estructura porcentual;2022(A);3,5
Comunitat Valenciana;K. Actividades financieras y de seguros;Estructura porcentual;2021(P);3,4
Comunitat Valenciana;K. Actividades financieras y de seguros;Estructura porcentual;2020;3,6
Comunitat Valenciana;K. Actividades financieras y de seguros;Estructura porcentual;2019;3,2
Comunitat Valenciana;K. Actividades financieras y de seguros;Estructura porcentual;2018;3,3
Comunitat Valenciana;K. Actividades financieras y de seguros;Estructura porcentual;2017;3,1
Comunitat Valenciana;K. Actividades financieras y de seguros;Estructura porcentual;2016;3,1
Comunitat Valenciana;L. Actividades inmobiliarias;Valor;2022(A);14.412.600
Comunitat Valenciana;L. Actividades inmobiliarias;Valor;2021(P);13.728.805
Comunitat Valenciana;L. Actividades inmobiliarias;Valor;2020;13.386.136
Comunitat Valenciana;L. Actividades inmobiliarias;Valor;2019;13.296.080
Comunitat Valenciana;L. Actividades inmobiliarias;Valor;2018;12.818.102
Comunitat Valenciana;L. Actividades inmobiliarias;Valor;2017;12.351.631
Comunitat Valenciana;L. Actividades inmobiliarias;Valor;2016;12.103.635
Comunitat Valenciana;L. Actividades inmobiliarias;Tasas de variación interanuales;2022(A);5
Comunitat Valenciana;L. Actividades inmobiliarias;Tasas de variación interanuales;2021(P);2,6
Comunitat Valenciana;L. Actividades inmobiliarias;Tasas de variación interanuales;2020;0,7
Comunitat Valenciana;L. Actividades inmobiliarias;Tasas de variación interanuales;2019;3,7
Comunitat Valenciana;L. Actividades inmobiliarias;Tasas de variación interanuales;2018;3,8
Comunitat Valenciana;L. Actividades inmobiliarias;Tasas de variación interanuales;2017;2
Comunitat Valenciana;L. Actividades inmobiliarias;Tasas de variación interanuales;2016;..
Comunitat Valenciana;L. Actividades inmobiliarias;Estructura porcentual;2022(A);11,4
Comunitat Valenciana;L. Actividades inmobiliarias;Estructura porcentual;2021(P);12
Comunitat Valenciana;L. Actividades inmobiliarias;Estructura porcentual;2020;12,8
Comunitat Valenciana;L. Actividades inmobiliarias;Estructura porcentual;2019;11,5
Comunitat Valenciana;L. Actividades inmobiliarias;Estructura porcentual;2018;11,5
Comunitat Valenciana;L. Actividades inmobiliarias;Estructura porcentual;2017;11,5
Comunitat Valenciana;L. Actividades inmobiliarias;Estructura porcentual;2016;11,7
Comunitat Valenciana;M_N. Actividades profesionales, científicas y técnicas, actividades administrativas y servicios auxiliares;Valor;2022(A);8.446.023
Comunitat Valenciana;M_N. Actividades profesionales, científicas y técnicas, actividades administrativas y servicios auxiliares;Valor;2021(P);7.843.451
Comunitat Valenciana;M_N. Actividades profesionales, científicas y técnicas, actividades administrativas y servicios auxiliares;Valor;2020;6.919.551
Comunitat Valenciana;M_N. Actividades profesionales, científicas y técnicas, actividades administrativas y servicios auxiliares;Valor;2019;7.554.317
Comunitat Valenciana;M_N. Actividades profesionales, científicas y técnicas, actividades administrativas y servicios auxiliares;Valor;2018;6.946.900
Comunitat Valenciana;M_N. Actividades profesionales, científicas y técnicas, actividades administrativas y servicios auxiliares;Valor;2017;6.582.296
Comunitat Valenciana;M_N. Actividades profesionales, científicas y técnicas, actividades administrativas y servicios auxiliares;Valor;2016;6.256.090
Comunitat Valenciana;M_N. Actividades profesionales, científicas y técnicas, actividades administrativas y servicios auxiliares;Tasas de variación interanuales;2022(A);7,7
Comunitat Valenciana;M_N. Actividades profesionales, científicas y técnicas, actividades administrativas y servicios auxiliares;Tasas de variación interanuales;2021(P);13,4
Comunitat Valenciana;M_N. Actividades profesionales, científicas y técnicas, actividades administrativas y servicios auxiliares;Tasas de variación interanuales;2020;-8,4
Comunitat Valenciana;M_N. Actividades profesionales, científicas y técnicas, actividades administrativas y servicios auxiliares;Tasas de variación interanuales;2019;8,7
Comunitat Valenciana;M_N. Actividades profesionales, científicas y técnicas, actividades administrativas y servicios auxiliares;Tasas de variación interanuales;2018;5,5
Comunitat Valenciana;M_N. Actividades profesionales, científicas y técnicas, actividades administrativas y servicios auxiliares;Tasas de variación interanuales;2017;5,2
Comunitat Valenciana;M_N. Actividades profesionales, científicas y técnicas, actividades administrativas y servicios auxiliares;Tasas de variación interanuales;2016;..
Comunitat Valenciana;M_N. Actividades profesionales, científicas y técnicas, actividades administrativas y servicios auxiliares;Estructura porcentual;2022(A);6,7
Comunitat Valenciana;M_N. Actividades profesionales, científicas y técnicas, actividades administrativas y servicios auxiliares;Estructura porcentual;2021(P);6,8
Comunitat Valenciana;M_N. Actividades profesionales, científicas y técnicas, actividades administrativas y servicios auxiliares;Estructura porcentual;2020;6,6
Comunitat Valenciana;M_N. Actividades profesionales, científicas y técnicas, actividades administrativas y servicios auxiliares;Estructura porcentual;2019;6,5
Comunitat Valenciana;M_N. Actividades profesionales, científicas y técnicas, actividades administrativas y servicios auxiliares;Estructura porcentual;2018;6,2
Comunitat Valenciana;M_N. Actividades profesionales, científicas y técnicas, actividades administrativas y servicios auxiliares;Estructura porcentual;2017;6,1
Comunitat Valenciana;M_N. Actividades profesionales, científicas y técnicas, actividades administrativas y servicios auxiliares;Estructura porcentual;2016;6,1
Comunitat Valenciana;O_Q. Administración pública y defensa, seguridad social obligatoria, educación, actividades sanitarias y de servicios sociales;Valor;2022(A);19.313.460
Comunitat Valenciana;O_Q. Administración pública y defensa, seguridad social obligatoria, educación, actividades sanitarias y de servicios sociales;Valor;2021(P);18.551.199
Comunitat Valenciana;O_Q. Administración pública y defensa, seguridad social obligatoria, educación, actividades sanitarias y de servicios sociales;Valor;2020;18.028.435
Comunitat Valenciana;O_Q. Administración pública y defensa, seguridad social obligatoria, educación, actividades sanitarias y de servicios sociales;Valor;2019;18.112.197
Comunitat Valenciana;O_Q. Administración pública y defensa, seguridad social obligatoria, educación, actividades sanitarias y de servicios sociales;Valor;2018;17.625.850
Comunitat Valenciana;O_Q. Administración pública y defensa, seguridad social obligatoria, educación, actividades sanitarias y de servicios sociales;Valor;2017;16.857.983
Comunitat Valenciana;O_Q. Administración pública y defensa, seguridad social obligatoria, educación, actividades sanitarias y de servicios sociales;Valor;2016;16.589.684
Comunitat Valenciana;O_Q. Administración pública y defensa, seguridad social obligatoria, educación, actividades sanitarias y de servicios sociales;Tasas de variación interanuales;2022(A);4,1
Comunitat Valenciana;O_Q. Administración pública y defensa, seguridad social obligatoria, educación, actividades sanitarias y de servicios sociales;Tasas de variación interanuales;2021(P);2,9
Comunitat Valenciana;O_Q. Administración pública y defensa, seguridad social obligatoria, educación, actividades sanitarias y de servicios sociales;Tasas de variación interanuales;2020;-0,5
Comunitat Valenciana;O_Q. Administración pública y defensa, seguridad social obligatoria, educación, actividades sanitarias y de servicios sociales;Tasas de variación interanuales;2019;2,8
Comunitat Valenciana;O_Q. Administración pública y defensa, seguridad social obligatoria, educación, actividades sanitarias y de servicios sociales;Tasas de variación interanuales;2018;4,6
Comunitat Valenciana;O_Q. Administración pública y defensa, seguridad social obligatoria, educación, actividades sanitarias y de servicios sociales;Tasas de variación interanuales;2017;1,6
Comunitat Valenciana;O_Q. Administración pública y defensa, seguridad social obligatoria, educación, actividades sanitarias y de servicios sociales;Tasas de variación interanuales;2016;..
Comunitat Valenciana;O_Q. Administración pública y defensa, seguridad social obligatoria, educación, actividades sanitarias y de servicios sociales;Estructura porcentual;2022(A);15,3
Comunitat Valenciana;O_Q. Administración pública y defensa, seguridad social obligatoria, educación, actividades sanitarias y de servicios sociales;Estructura porcentual;2021(P);16,2
Comunitat Valenciana;O_Q. Administración pública y defensa, seguridad social obligatoria, educación, actividades sanitarias y de servicios sociales;Estructura porcentual;2020;17,2
Comunitat Valenciana;O_Q. Administración pública y defensa, seguridad social obligatoria, educación, actividades sanitarias y de servicios sociales;Estructura porcentual;2019;15,7
Comunitat Valenciana;O_Q. Administración pública y defensa, seguridad social obligatoria, educación, actividades sanitarias y de servicios sociales;Estructura porcentual;2018;15,8
Comunitat Valenciana;O_Q. Administración pública y defensa, seguridad social obligatoria, educación, actividades sanitarias y de servicios sociales;Estructura porcentual;2017;15,6
Comunitat Valenciana;O_Q. Administración pública y defensa, seguridad social obligatoria, educación, actividades sanitarias y de servicios sociales;Estructura porcentual;2016;16,1
Comunitat Valenciana;R_U. Actividades artísticas, recreativas y de entretenimiento, reparación de artículos de uso doméstico y otros servicios;Valor;2022(A);4.993.872
Comunitat Valenciana;R_U. Actividades artísticas, recreativas y de entretenimiento, reparación de artículos de uso doméstico y otros servicios;Valor;2021(P);4.331.395
Comunitat Valenciana;R_U. Actividades artísticas, recreativas y de entretenimiento, reparación de artículos de uso doméstico y otros servicios;Valor;2020;4.140.495
Comunitat Valenciana;R_U. Actividades artísticas, recreativas y de entretenimiento, reparación de artículos de uso doméstico y otros servicios;Valor;2019;5.220.969
Comunitat Valenciana;R_U. Actividades artísticas, recreativas y de entretenimiento, reparación de artículos de uso doméstico y otros servicios;Valor;2018;5.089.768
Comunitat Valenciana;R_U. Actividades artísticas, recreativas y de entretenimiento, reparación de artículos de uso doméstico y otros servicios;Valor;2017;4.983.305
Comunitat Valenciana;R_U. Actividades artísticas, recreativas y de entretenimiento, reparación de artículos de uso doméstico y otros servicios;Valor;2016;4.632.713
Comunitat Valenciana;R_U. Actividades artísticas, recreativas y de entretenimiento, reparación de artículos de uso doméstico y otros servicios;Tasas de variación interanuales;2022(A);15,3
Comunitat Valenciana;R_U. Actividades artísticas, recreativas y de entretenimiento, reparación de artículos de uso doméstico y otros servicios;Tasas de variación interanuales;2021(P);4,6
Comunitat Valenciana;R_U. Actividades artísticas, recreativas y de entretenimiento, reparación de artículos de uso doméstico y otros servicios;Tasas de variación interanuales;2020;-20,7
Comunitat Valenciana;R_U. Actividades artísticas, recreativas y de entretenimiento, reparación de artículos de uso doméstico y otros servicios;Tasas de variación interanuales;2019;2,6
Comunitat Valenciana;R_U. Actividades artísticas, recreativas y de entretenimiento, reparación de artículos de uso doméstico y otros servicios;Tasas de variación interanuales;2018;2,1
Comunitat Valenciana;R_U. Actividades artísticas, recreativas y de entretenimiento, reparación de artículos de uso doméstico y otros servicios;Tasas de variación interanuales;2017;7,6
Comunitat Valenciana;R_U. Actividades artísticas, recreativas y de entretenimiento, reparación de artículos de uso doméstico y otros servicios;Tasas de variación interanuales;2016;..
Comunitat Valenciana;R_U. Actividades artísticas, recreativas y de entretenimiento, reparación de artículos de uso doméstico y otros servicios;Estructura porcentual;2022(A);4
Comunitat Valenciana;R_U. Actividades artísticas, recreativas y de entretenimiento, reparación de artículos de uso doméstico y otros servicios;Estructura porcentual;2021(P);3,8
Comunitat Valenciana;R_U. Actividades artísticas, recreativas y de entretenimiento, reparación de artículos de uso doméstico y otros servicios;Estructura porcentual;2020;4
Comunitat Valenciana;R_U. Actividades artísticas, recreativas y de entretenimiento, reparación de artículos de uso doméstico y otros servicios;Estructura porcentual;2019;4,5
Comunitat Valenciana;R_U. Actividades artísticas, recreativas y de entretenimiento, reparación de artículos de uso doméstico y otros servicios;Estructura porcentual;2018;4,6
Comunitat Valenciana;R_U. Actividades artísticas, recreativas y de entretenimiento, reparación de artículos de uso doméstico y otros servicios;Estructura porcentual;2017;4,6
Comunitat Valenciana;R_U. Actividades artísticas, recreativas y de entretenimiento, reparación de artículos de uso doméstico y otros servicios;Estructura porcentual;2016;4,5
Comunitat Valenciana;Valor añadido bruto total;Valor;2022(A);115.079.112
Comunitat Valenciana;Valor añadido bruto total;Valor;2021(P);103.897.804
Comunitat Valenciana;Valor añadido bruto total;Valor;2020;95.586.755
Comunitat Valenciana;Valor añadido bruto total;Valor;2019;104.849.454
Comunitat Valenciana;Valor añadido bruto total;Valor;2018;101.120.955
Comunitat Valenciana;Valor añadido bruto total;Valor;2017;97.720.766
Comunitat Valenciana;Valor añadido bruto total;Valor;2016;93.666.195
Comunitat Valenciana;Valor añadido bruto total;Tasas de variación interanuales;2022(A);10,8
Comunitat Valenciana;Valor añadido bruto total;Tasas de variación interanuales;2021(P);8,7
Comunitat Valenciana;Valor añadido bruto total;Tasas de variación interanuales;2020;-8,8
Comunitat Valenciana;Valor añadido bruto total;Tasas de variación interanuales;2019;3,7
Comunitat Valenciana;Valor añadido bruto total;Tasas de variación interanuales;2018;3,5
Comunitat Valenciana;Valor añadido bruto total;Tasas de variación interanuales;2017;4,3
Comunitat Valenciana;Valor añadido bruto total;Tasas de variación interanuales;2016;..
Comunitat Valenciana;Valor añadido bruto total;Estructura porcentual;2022(A);91
Comunitat Valenciana;Valor añadido bruto total;Estructura porcentual;2021(P);90,5
Comunitat Valenciana;Valor añadido bruto total;Estructura porcentual;2020;91,2
Comunitat Valenciana;Valor añadido bruto total;Estructura porcentual;2019;90,7
Comunitat Valenciana;Valor añadido bruto total;Estructura porcentual;2018;90,5
Comunitat Valenciana;Valor añadido bruto total;Estructura porcentual;2017;90,7
Comunitat Valenciana;Valor añadido bruto total;Estructura porcentual;2016;90,7
Comunitat Valenciana;Impuestos netos sobre los productos;Valor;2022(A);11.337.194
Comunitat Valenciana;Impuestos netos sobre los productos;Valor;2021(P);10.939.563
Comunitat Valenciana;Impuestos netos sobre los productos;Valor;2020;9.166.943
Comunitat Valenciana;Impuestos netos sobre los productos;Valor;2019;10.757.098
Comunitat Valenciana;Impuestos netos sobre los productos;Valor;2018;10.622.332
Comunitat Valenciana;Impuestos netos sobre los productos;Valor;2017;10.078.693
Comunitat Valenciana;Impuestos netos sobre los productos;Valor;2016;9.554.199
Comunitat Valenciana;Impuestos netos sobre los productos;Tasas de variación interanuales;2022(A);3,6
Comunitat Valenciana;Impuestos netos sobre los productos;Tasas de variación interanuales;2021(P);19,3
Comunitat Valenciana;Impuestos netos sobre los productos;Tasas de variación interanuales;2020;-14,8
Comunitat Valenciana;Impuestos netos sobre los productos;Tasas de variación interanuales;2019;1,3
Comunitat Valenciana;Impuestos netos sobre los productos;Tasas de variación interanuales;2018;5,4
Comunitat Valenciana;Impuestos netos sobre los productos;Tasas de variación interanuales;2017;5,5
Comunitat Valenciana;Impuestos netos sobre los productos;Tasas de variación interanuales;2016;..
Comunitat Valenciana;Impuestos netos sobre los productos;Estructura porcentual;2022(A);9
Comunitat Valenciana;Impuestos netos sobre los productos;Estructura porcentual;2021(P);9,5
Comunitat Valenciana;Impuestos netos sobre los productos;Estructura porcentual;2020;8,8
Comunitat Valenciana;Impuestos netos sobre los productos;Estructura porcentual;2019;9,3
Comunitat Valenciana;Impuestos netos sobre los productos;Estructura porcentual;2018;9,5
Comunitat Valenciana;Impuestos netos sobre los productos;Estructura porcentual;2017;9,3
Comunitat Valenciana;Impuestos netos sobre los productos;Estructura porcentual;2016;9,3
Comunitat Valenciana;PRODUCTO INTERIOR BRUTO A PRECIOS DE MERCADO;Valor;2022(A);126.416.306
Comunitat Valenciana;PRODUCTO INTERIOR BRUTO A PRECIOS DE MERCADO;Valor;2021(P);114.837.367
Comunitat Valenciana;PRODUCTO INTERIOR BRUTO A PRECIOS DE MERCADO;Valor;2020;104.753.698
Comunitat Valenciana;PRODUCTO INTERIOR BRUTO A PRECIOS DE MERCADO;Valor;2019;115.606.552
Comunitat Valenciana;PRODUCTO INTERIOR BRUTO A PRECIOS DE MERCADO;Valor;2018;111.743.287
Comunitat Valenciana;PRODUCTO INTERIOR BRUTO A PRECIOS DE MERCADO;Valor;2017;107.799.459
Comunitat Valenciana;PRODUCTO INTERIOR BRUTO A PRECIOS DE MERCADO;Valor;2016;103.220.394
Comunitat Valenciana;PRODUCTO INTERIOR BRUTO A PRECIOS DE MERCADO;Tasas de variación interanuales;2022(A);10,1
Comunitat Valenciana;PRODUCTO INTERIOR BRUTO A PRECIOS DE MERCADO;Tasas de variación interanuales;2021(P);9,6
Comunitat Valenciana;PRODUCTO INTERIOR BRUTO A PRECIOS DE MERCADO;Tasas de variación interanuales;2020;-9,4
Comunitat Valenciana;PRODUCTO INTERIOR BRUTO A PRECIOS DE MERCADO;Tasas de variación interanuales;2019;3,5
Comunitat Valenciana;PRODUCTO INTERIOR BRUTO A PRECIOS DE MERCADO;Tasas de variación interanuales;2018;3,7
Comunitat Valenciana;PRODUCTO INTERIOR BRUTO A PRECIOS DE MERCADO;Tasas de variación interanuales;2017;4,4
Comunitat Valenciana;PRODUCTO INTERIOR BRUTO A PRECIOS DE MERCADO;Tasas de variación interanuales;2016;..
Comunitat Valenciana;PRODUCTO INTERIOR BRUTO A PRECIOS DE MERCADO;Estructura porcentual;2022(A);100
Comunitat Valenciana;PRODUCTO INTERIOR BRUTO A PRECIOS DE MERCADO;Estructura porcentual;2021(P);100
Comunitat Valenciana;PRODUCTO INTERIOR BRUTO A PRECIOS DE MERCADO;Estructura porcentual;2020;100
Comunitat Valenciana;PRODUCTO INTERIOR BRUTO A PRECIOS DE MERCADO;Estructura porcentual;2019;100
Comunitat Valenciana;PRODUCTO INTERIOR BRUTO A PRECIOS DE MERCADO;Estructura porcentual;2018;100
Comunitat Valenciana;PRODUCTO INTERIOR BRUTO A PRECIOS DE MERCADO;Estructura porcentual;2017;100
Comunitat Valenciana;PRODUCTO INTERIOR BRUTO A PRECIOS DE MERCADO;Estructura porcentual;2016;100
Extremadura;PRODUCTO INTERIOR BRUTO A PRECIOS DE MERCADO;Valor;2022(A);22.530.837
Extremadura;PRODUCTO INTERIOR BRUTO A PRECIOS DE MERCADO;Valor;2021(P);20.649.737
Extremadura;PRODUCTO INTERIOR BRUTO A PRECIOS DE MERCADO;Valor;2020;18.840.240
Extremadura;PRODUCTO INTERIOR BRUTO A PRECIOS DE MERCADO;Valor;2019;20.478.928
Extremadura;PRODUCTO INTERIOR BRUTO A PRECIOS DE MERCADO;Valor;2018;20.091.410
Extremadura;PRODUCTO INTERIOR BRUTO A PRECIOS DE MERCADO;Valor;2017;19.538.313
Extremadura;PRODUCTO INTERIOR BRUTO A PRECIOS DE MERCADO;Valor;2016;18.504.867
Extremadura;PRODUCTO INTERIOR BRUTO A PRECIOS DE MERCADO;Tasas de variación interanuales;2022(A);9,1
Extremadura;PRODUCTO INTERIOR BRUTO A PRECIOS DE MERCADO;Tasas de variación interanuales;2021(P);9,6
Extremadura;PRODUCTO INTERIOR BRUTO A PRECIOS DE MERCADO;Tasas de variación interanuales;2020;-8
Extremadura;PRODUCTO INTERIOR BRUTO A PRECIOS DE MERCADO;Tasas de variación interanuales;2019;1,9
Extremadura;PRODUCTO INTERIOR BRUTO A PRECIOS DE MERCADO;Tasas de variación interanuales;2018;2,8
Extremadura;PRODUCTO INTERIOR BRUTO A PRECIOS DE MERCADO;Tasas de variación interanuales;2017;5,6
Extremadura;PRODUCTO INTERIOR BRUTO A PRECIOS DE MERCADO;Tasas de variación interanuales;2016;..
Extremadura;PRODUCTO INTERIOR BRUTO A PRECIOS DE MERCADO;Estructura porcentual;2022(A);100
Extremadura;PRODUCTO INTERIOR BRUTO A PRECIOS DE MERCADO;Estructura porcentual;2021(P);100
Extremadura;PRODUCTO INTERIOR BRUTO A PRECIOS DE MERCADO;Estructura porcentual;2020;100
Extremadura;PRODUCTO INTERIOR BRUTO A PRECIOS DE MERCADO;Estructura porcentual;2019;100
Extremadura;PRODUCTO INTERIOR BRUTO A PRECIOS DE MERCADO;Estructura porcentual;2018;100
Extremadura;PRODUCTO INTERIOR BRUTO A PRECIOS DE MERCADO;Estructura porcentual;2017;100
Extremadura;PRODUCTO INTERIOR BRUTO A PRECIOS DE MERCADO;Estructura porcentual;2016;100
Extremadura;A. Agricultura, ganadería, silvicultura y pesca;Valor;2022(A);1.582.318
Extremadura;A. Agricultura, ganadería, silvicultura y pesca;Valor;2021(P);1.654.092
Extremadura;A. Agricultura, ganadería, silvicultura y pesca;Valor;2020;1.213.134
Extremadura;A. Agricultura, ganadería, silvicultura y pesca;Valor;2019;1.507.553
Extremadura;A. Agricultura, ganadería, silvicultura y pesca;Valor;2018;1.759.912
Extremadura;A. Agricultura, ganadería, silvicultura y pesca;Valor;2017;1.750.257
Extremadura;A. Agricultura, ganadería, silvicultura y pesca;Valor;2016;1.525.460
Extremadura;A. Agricultura, ganadería, silvicultura y pesca;Tasas de variación interanuales;2022(A);-4,3
Extremadura;A. Agricultura, ganadería, silvicultura y pesca;Tasas de variación interanuales;2021(P);36,3
Extremadura;A. Agricultura, ganadería, silvicultura y pesca;Tasas de variación interanuales;2020;-19,5
Extremadura;A. Agricultura, ganadería, silvicultura y pesca;Tasas de variación interanuales;2019;-14,3
Extremadura;A. Agricultura, ganadería, silvicultura y pesca;Tasas de variación interanuales;2018;0,6
Extremadura;A. Agricultura, ganadería, silvicultura y pesca;Tasas de variación interanuales;2017;14,7
Extremadura;A. Agricultura, ganadería, silvicultura y pesca;Tasas de variación interanuales;2016;..
Extremadura;A. Agricultura, ganadería, silvicultura y pesca;Estructura porcentual;2022(A);7
Extremadura;A. Agricultura, ganadería, silvicultura y pesca;Estructura porcentual;2021(P);8
Extremadura;A. Agricultura, ganadería, silvicultura y pesca;Estructura porcentual;2020;6,4
Extremadura;A. Agricultura, ganadería, silvicultura y pesca;Estructura porcentual;2019;7,4
Extremadura;A. Agricultura, ganadería, silvicultura y pesca;Estructura porcentual;2018;8,8
Extremadura;A. Agricultura, ganadería, silvicultura y pesca;Estructura porcentual;2017;9
Extremadura;A. Agricultura, ganadería, silvicultura y pesca;Estructura porcentual;2016;8,2
Extremadura;B_E. Industrias extractivas, industria manufacturera, suministro de energía eléctrica, gas, vapor y aire acondicionado, suministro de agua, actividades de saneamiento, gestión de residuos y descontaminación;Valor;2022(A);3.238.050
Extremadura;B_E. Industrias extractivas, industria manufacturera, suministro de energía eléctrica, gas, vapor y aire acondicionado, suministro de agua, actividades de saneamiento, gestión de residuos y descontaminación;Valor;2021(P);2.739.479
Extremadura;B_E. Industrias extractivas, industria manufacturera, suministro de energía eléctrica, gas, vapor y aire acondicionado, suministro de agua, actividades de saneamiento, gestión de residuos y descontaminación;Valor;2020;2.329.442
Extremadura;B_E. Industrias extractivas, industria manufacturera, suministro de energía eléctrica, gas, vapor y aire acondicionado, suministro de agua, actividades de saneamiento, gestión de residuos y descontaminación;Valor;2019;2.462.525
Extremadura;B_E. Industrias extractivas, industria manufacturera, suministro de energía eléctrica, gas, vapor y aire acondicionado, suministro de agua, actividades de saneamiento, gestión de residuos y descontaminación;Valor;2018;2.448.707
Extremadura;B_E. Industrias extractivas, industria manufacturera, suministro de energía eléctrica, gas, vapor y aire acondicionado, suministro de agua, actividades de saneamiento, gestión de residuos y descontaminación;Valor;2017;2.369.899
Extremadura;B_E. Industrias extractivas, industria manufacturera, suministro de energía eléctrica, gas, vapor y aire acondicionado, suministro de agua, actividades de saneamiento, gestión de residuos y descontaminación;Valor;2016;2.170.504
Extremadura;B_E. Industrias extractivas, industria manufacturera, suministro de energía eléctrica, gas, vapor y aire acondicionado, suministro de agua, actividades de saneamiento, gestión de residuos y descontaminación;Tasas de variación interanuales;2022(A);18,2
Extremadura;B_E. Industrias extractivas, industria manufacturera, suministro de energía eléctrica, gas, vapor y aire acondicionado, suministro de agua, actividades de saneamiento, gestión de residuos y descontaminación;Tasas de variación interanuales;2021(P);17,6
Extremadura;B_E. Industrias extractivas, industria manufacturera, suministro de energía eléctrica, gas, vapor y aire acondicionado, suministro de agua, actividades de saneamiento, gestión de residuos y descontaminación;Tasas de variación interanuales;2020;-5,4
Extremadura;B_E. Industrias extractivas, industria manufacturera, suministro de energía eléctrica, gas, vapor y aire acondicionado, suministro de agua, actividades de saneamiento, gestión de residuos y descontaminación;Tasas de variación interanuales;2019;0,6
Extremadura;B_E. Industrias extractivas, industria manufacturera, suministro de energía eléctrica, gas, vapor y aire acondicionado, suministro de agua, actividades de saneamiento, gestión de residuos y descontaminación;Tasas de variación interanuales;2018;3,3
Extremadura;B_E. Industrias extractivas, industria manufacturera, suministro de energía eléctrica, gas, vapor y aire acondicionado, suministro de agua, actividades de saneamiento, gestión de residuos y descontaminación;Tasas de variación interanuales;2017;9,2
Extremadura;B_E. Industrias extractivas, industria manufacturera, suministro de energía eléctrica, gas, vapor y aire acondicionado, suministro de agua, actividades de saneamiento, gestión de residuos y descontaminación;Tasas de variación interanuales;2016;..
Extremadura;B_E. Industrias extractivas, industria manufacturera, suministro de energía eléctrica, gas, vapor y aire acondicionado, suministro de agua, actividades de saneamiento, gestión de residuos y descontaminación;Estructura porcentual;2022(A);14,4
Extremadura;B_E. Industrias extractivas, industria manufacturera, suministro de energía eléctrica, gas, vapor y aire acondicionado, suministro de agua, actividades de saneamiento, gestión de residuos y descontaminación;Estructura porcentual;2021(P);13,3
Extremadura;B_E. Industrias extractivas, industria manufacturera, suministro de energía eléctrica, gas, vapor y aire acondicionado, suministro de agua, actividades de saneamiento, gestión de residuos y descontaminación;Estructura porcentual;2020;12,4
Extremadura;B_E. Industrias extractivas, industria manufacturera, suministro de energía eléctrica, gas, vapor y aire acondicionado, suministro de agua, actividades de saneamiento, gestión de residuos y descontaminación;Estructura porcentual;2019;12
Extremadura;B_E. Industrias extractivas, industria manufacturera, suministro de energía eléctrica, gas, vapor y aire acondicionado, suministro de agua, actividades de saneamiento, gestión de residuos y descontaminación;Estructura porcentual;2018;12,2
Extremadura;B_E. Industrias extractivas, industria manufacturera, suministro de energía eléctrica, gas, vapor y aire acondicionado, suministro de agua, actividades de saneamiento, gestión de residuos y descontaminación;Estructura porcentual;2017;12,1
Extremadura;B_E. Industrias extractivas, industria manufacturera, suministro de energía eléctrica, gas, vapor y aire acondicionado, suministro de agua, actividades de saneamiento, gestión de residuos y descontaminación;Estructura porcentual;2016;11,7
Extremadura;C. - De las cuales: Industria manufacturera;Valor;2022(A);1.476.658
Extremadura;C. - De las cuales: Industria manufacturera;Valor;2021(P);1.294.365
Extremadura;C. - De las cuales: Industria manufacturera;Valor;2020;1.171.568
Extremadura;C. - De las cuales: Industria manufacturera;Valor;2019;1.213.925
Extremadura;C. - De las cuales: Industria manufacturera;Valor;2018;1.158.765
Extremadura;C. - De las cuales: Industria manufacturera;Valor;2017;1.186.946
Extremadura;C. - De las cuales: Industria manufacturera;Valor;2016;1.095.667
Extremadura;C. - De las cuales: Industria manufacturera;Tasas de variación interanuales;2022(A);14,1
Extremadura;C. - De las cuales: Industria manufacturera;Tasas de variación interanuales;2021(P);10,5
Extremadura;C. - De las cuales: Industria manufacturera;Tasas de variación interanuales;2020;-3,5
Extremadura;C. - De las cuales: Industria manufacturera;Tasas de variación interanuales;2019;4,8
Extremadura;C. - De las cuales: Industria manufacturera;Tasas de variación interanuales;2018;-2,4
Extremadura;C. - De las cuales: Industria manufacturera;Tasas de variación interanuales;2017;8,3
Extremadura;C. - De las cuales: Industria manufacturera;Tasas de variación interanuales;2016;..
Extremadura;C. - De las cuales: Industria manufacturera;Estructura porcentual;2022(A);6,6
Extremadura;C. - De las cuales: Industria manufacturera;Estructura porcentual;2021(P);6,3
Extremadura;C. - De las cuales: Industria manufacturera;Estructura porcentual;2020;6,2
Extremadura;C. - De las cuales: Industria manufacturera;Estructura porcentual;2019;5,9
Extremadura;C. - De las cuales: Industria manufacturera;Estructura porcentual;2018;5,8
Extremadura;C. - De las cuales: Industria manufacturera;Estructura porcentual;2017;6,1
Extremadura;C. - De las cuales: Industria manufacturera;Estructura porcentual;2016;5,9
Extremadura;F. Construcción;Valor;2022(A);1.348.734
Extremadura;F. Construcción;Valor;2021(P);1.308.260
Extremadura;F. Construcción;Valor;2020;1.236.412
Extremadura;F. Construcción;Valor;2019;1.443.230
Extremadura;F. Construcción;Valor;2018;1.270.965
Extremadura;F. Construcción;Valor;2017;1.226.146
Extremadura;F. Construcción;Valor;2016;1.213.040
Extremadura;F. Construcción;Tasas de variación interanuales;2022(A);3,1
Extremadura;F. Construcción;Tasas de variación interanuales;2021(P);5,8
Extremadura;F. Construcción;Tasas de variación interanuales;2020;-14,3
Extremadura;F. Construcción;Tasas de variación interanuales;2019;13,6
Extremadura;F. Construcción;Tasas de variación interanuales;2018;3,7
Extremadura;F. Construcción;Tasas de variación interanuales;2017;1,1
Extremadura;F. Construcción;Tasas de variación interanuales;2016;..
Extremadura;F. Construcción;Estructura porcentual;2022(A);6
Extremadura;F. Construcción;Estructura porcentual;2021(P);6,3
Extremadura;F. Construcción;Estructura porcentual;2020;6,6
Extremadura;F. Construcción;Estructura porcentual;2019;7
Extremadura;F. Construcción;Estructura porcentual;2018;6,3
Extremadura;F. Construcción;Estructura porcentual;2017;6,3
Extremadura;F. Construcción;Estructura porcentual;2016;6,6
Extremadura;G_I. Comercio al por mayor y al por menor, reparación de vehículos de motor y motocicletas, transporte y almacenamiento, hostelería;Valor;2022(A);3.903.998
Extremadura;G_I. Comercio al por mayor y al por menor, reparación de vehículos de motor y motocicletas, transporte y almacenamiento, hostelería;Valor;2021(P);3.218.350
Extremadura;G_I. Comercio al por mayor y al por menor, reparación de vehículos de motor y motocicletas, transporte y almacenamiento, hostelería;Valor;2020;2.758.998
Extremadura;G_I. Comercio al por mayor y al por menor, reparación de vehículos de motor y motocicletas, transporte y almacenamiento, hostelería;Valor;2019;3.353.508
Extremadura;G_I. Comercio al por mayor y al por menor, reparación de vehículos de motor y motocicletas, transporte y almacenamiento, hostelería;Valor;2018;3.264.838
Extremadura;G_I. Comercio al por mayor y al por menor, reparación de vehículos de motor y motocicletas, transporte y almacenamiento, hostelería;Valor;2017;3.304.742
Extremadura;G_I. Comercio al por mayor y al por menor, reparación de vehículos de motor y motocicletas, transporte y almacenamiento, hostelería;Valor;2016;2.999.048
Extremadura;G_I. Comercio al por mayor y al por menor, reparación de vehículos de motor y motocicletas, transporte y almacenamiento, hostelería;Tasas de variación interanuales;2022(A);21,3
Extremadura;G_I. Comercio al por mayor y al por menor, reparación de vehículos de motor y motocicletas, transporte y almacenamiento, hostelería;Tasas de variación interanuales;2021(P);16,6
Extremadura;G_I. Comercio al por mayor y al por menor, reparación de vehículos de motor y motocicletas, transporte y almacenamiento, hostelería;Tasas de variación interanuales;2020;-17,7
Extremadura;G_I. Comercio al por mayor y al por menor, reparación de vehículos de motor y motocicletas, transporte y almacenamiento, hostelería;Tasas de variación interanuales;2019;2,7
Extremadura;G_I. Comercio al por mayor y al por menor, reparación de vehículos de motor y motocicletas, transporte y almacenamiento, hostelería;Tasas de variación interanuales;2018;-1,2
Extremadura;G_I. Comercio al por mayor y al por menor, reparación de vehículos de motor y motocicletas, transporte y almacenamiento, hostelería;Tasas de variación interanuales;2017;10,2
Extremadura;G_I. Comercio al por mayor y al por menor, reparación de vehículos de motor y motocicletas, transporte y almacenamiento, hostelería;Tasas de variación interanuales;2016;..
Extremadura;G_I. Comercio al por mayor y al por menor, reparación de vehículos de motor y motocicletas, transporte y almacenamiento, hostelería;Estructura porcentual;2022(A);17,3
Extremadura;G_I. Comercio al por mayor y al por menor, reparación de vehículos de motor y motocicletas, transporte y almacenamiento, hostelería;Estructura porcentual;2021(P);15,6
Extremadura;G_I. Comercio al por mayor y al por menor, reparación de vehículos de motor y motocicletas, transporte y almacenamiento, hostelería;Estructura porcentual;2020;14,6
Extremadura;G_I. Comercio al por mayor y al por menor, reparación de vehículos de motor y motocicletas, transporte y almacenamiento, hostelería;Estructura porcentual;2019;16,4
Extremadura;G_I. Comercio al por mayor y al por menor, reparación de vehículos de motor y motocicletas, transporte y almacenamiento, hostelería;Estructura porcentual;2018;16,2
Extremadura;G_I. Comercio al por mayor y al por menor, reparación de vehículos de motor y motocicletas, transporte y almacenamiento, hostelería;Estructura porcentual;2017;16,9
Extremadura;G_I. Comercio al por mayor y al por menor, reparación de vehículos de motor y motocicletas, transporte y almacenamiento, hostelería;Estructura porcentual;2016;16,2
Extremadura;J. Información y comunicaciones;Valor;2022(A);265.278
Extremadura;J. Información y comunicaciones;Valor;2021(P);250.849
Extremadura;J. Información y comunicaciones;Valor;2020;247.653
Extremadura;J. Información y comunicaciones;Valor;2019;262.892
Extremadura;J. Información y comunicaciones;Valor;2018;249.145
Extremadura;J. Información y comunicaciones;Valor;2017;261.465
Extremadura;J. Información y comunicaciones;Valor;2016;263.726
Extremadura;J. Información y comunicaciones;Tasas de variación interanuales;2022(A);5,8
Extremadura;J. Información y comunicaciones;Tasas de variación interanuales;2021(P);1,3
Extremadura;J. Información y comunicaciones;Tasas de variación interanuales;2020;-5,8
Extremadura;J. Información y comunicaciones;Tasas de variación interanuales;2019;5,5
Extremadura;J. Información y comunicaciones;Tasas de variación interanuales;2018;-4,7
Extremadura;J. Información y comunicaciones;Tasas de variación interanuales;2017;-0,9
Extremadura;J. Información y comunicaciones;Tasas de variación interanuales;2016;..
Extremadura;J. Información y comunicaciones;Estructura porcentual;2022(A);1,2
Extremadura;J. Información y comunicaciones;Estructura porcentual;2021(P);1,2
Extremadura;J. Información y comunicaciones;Estructura porcentual;2020;1,3
Extremadura;J. Información y comunicaciones;Estructura porcentual;2019;1,3
Extremadura;J. Información y comunicaciones;Estructura porcentual;2018;1,2
Extremadura;J. Información y comunicaciones;Estructura porcentual;2017;1,3
Extremadura;J. Información y comunicaciones;Estructura porcentual;2016;1,4
Extremadura;K. Actividades financieras y de seguros;Valor;2022(A);814.580
Extremadura;K. Actividades financieras y de seguros;Valor;2021(P);718.188
Extremadura;K. Actividades financieras y de seguros;Valor;2020;710.442
Extremadura;K. Actividades financieras y de seguros;Valor;2019;677.974
Extremadura;K. Actividades financieras y de seguros;Valor;2018;691.740
Extremadura;K. Actividades financieras y de seguros;Valor;2017;633.997
Extremadura;K. Actividades financieras y de seguros;Valor;2016;612.901
Extremadura;K. Actividades financieras y de seguros;Tasas de variación interanuales;2022(A);13,4
Extremadura;K. Actividades financieras y de seguros;Tasas de variación interanuales;2021(P);1,1
Extremadura;K. Actividades financieras y de seguros;Tasas de variación interanuales;2020;4,8
Extremadura;K. Actividades financieras y de seguros;Tasas de variación interanuales;2019;-2
Extremadura;K. Actividades financieras y de seguros;Tasas de variación interanuales;2018;9,1
Extremadura;K. Actividades financieras y de seguros;Tasas de variación interanuales;2017;3,4
Extremadura;K. Actividades financieras y de seguros;Tasas de variación interanuales;2016;..
Extremadura;K. Actividades financieras y de seguros;Estructura porcentual;2022(A);3,6
Extremadura;K. Actividades financieras y de seguros;Estructura porcentual;2021(P);3,5
Extremadura;K. Actividades financieras y de seguros;Estructura porcentual;2020;3,8
Extremadura;K. Actividades financieras y de seguros;Estructura porcentual;2019;3,3
Extremadura;K. Actividades financieras y de seguros;Estructura porcentual;2018;3,4
Extremadura;K. Actividades financieras y de seguros;Estructura porcentual;2017;3,2
Extremadura;K. Actividades financieras y de seguros;Estructura porcentual;2016;3,3
Extremadura;L. Actividades inmobiliarias;Valor;2022(A);2.172.470
Extremadura;L. Actividades inmobiliarias;Valor;2021(P);2.100.576
Extremadura;L. Actividades inmobiliarias;Valor;2020;2.044.923
Extremadura;L. Actividades inmobiliarias;Valor;2019;2.056.951
Extremadura;L. Actividades inmobiliarias;Valor;2018;2.030.784
Extremadura;L. Actividades inmobiliarias;Valor;2017;1.990.930
Extremadura;L. Actividades inmobiliarias;Valor;2016;1.970.869
Extremadura;L. Actividades inmobiliarias;Tasas de variación interanuales;2022(A);3,4
Extremadura;L. Actividades inmobiliarias;Tasas de variación interanuales;2021(P);2,7
Extremadura;L. Actividades inmobiliarias;Tasas de variación interanuales;2020;-0,6
Extremadura;L. Actividades inmobiliarias;Tasas de variación interanuales;2019;1,3
Extremadura;L. Actividades inmobiliarias;Tasas de variación interanuales;2018;2
Extremadura;L. Actividades inmobiliarias;Tasas de variación interanuales;2017;1
Extremadura;L. Actividades inmobiliarias;Tasas de variación interanuales;2016;..
Extremadura;L. Actividades inmobiliarias;Estructura porcentual;2022(A);9,6
Extremadura;L. Actividades inmobiliarias;Estructura porcentual;2021(P);10,2
Extremadura;L. Actividades inmobiliarias;Estructura porcentual;2020;10,9
Extremadura;L. Actividades inmobiliarias;Estructura porcentual;2019;10
Extremadura;L. Actividades inmobiliarias;Estructura porcentual;2018;10,1
Extremadura;L. Actividades inmobiliarias;Estructura porcentual;2017;10,2
Extremadura;L. Actividades inmobiliarias;Estructura porcentual;2016;10,7
Extremadura;M_N. Actividades profesionales, científicas y técnicas, actividades administrativas y servicios auxiliares;Valor;2022(A);1.026.831
Extremadura;M_N. Actividades profesionales, científicas y técnicas, actividades administrativas y servicios auxiliares;Valor;2021(P);964.725
Extremadura;M_N. Actividades profesionales, científicas y técnicas, actividades administrativas y servicios auxiliares;Valor;2020;891.219
Extremadura;M_N. Actividades profesionales, científicas y técnicas, actividades administrativas y servicios auxiliares;Valor;2019;917.695
Extremadura;M_N. Actividades profesionales, científicas y técnicas, actividades administrativas y servicios auxiliares;Valor;2018;825.013
Extremadura;M_N. Actividades profesionales, científicas y técnicas, actividades administrativas y servicios auxiliares;Valor;2017;749.457
Extremadura;M_N. Actividades profesionales, científicas y técnicas, actividades administrativas y servicios auxiliares;Valor;2016;706.491
Extremadura;M_N. Actividades profesionales, científicas y técnicas, actividades administrativas y servicios auxiliares;Tasas de variación interanuales;2022(A);6,4
Extremadura;M_N. Actividades profesionales, científicas y técnicas, actividades administrativas y servicios auxiliares;Tasas de variación interanuales;2021(P);8,2
Extremadura;M_N. Actividades profesionales, científicas y técnicas, actividades administrativas y servicios auxiliares;Tasas de variación interanuales;2020;-2,9
Extremadura;M_N. Actividades profesionales, científicas y técnicas, actividades administrativas y servicios auxiliares;Tasas de variación interanuales;2019;11,2
Extremadura;M_N. Actividades profesionales, científicas y técnicas, actividades administrativas y servicios auxiliares;Tasas de variación interanuales;2018;10,1
Extremadura;M_N. Actividades profesionales, científicas y técnicas, actividades administrativas y servicios auxiliares;Tasas de variación interanuales;2017;6,1
Extremadura;M_N. Actividades profesionales, científicas y técnicas, actividades administrativas y servicios auxiliares;Tasas de variación interanuales;2016;..
Extremadura;M_N. Actividades profesionales, científicas y técnicas, actividades administrativas y servicios auxiliares;Estructura porcentual;2022(A);4,6
Extremadura;M_N. Actividades profesionales, científicas y técnicas, actividades administrativas y servicios auxiliares;Estructura porcentual;2021(P);4,7
Extremadura;M_N. Actividades profesionales, científicas y técnicas, actividades administrativas y servicios auxiliares;Estructura porcentual;2020;4,7
Extremadura;M_N. Actividades profesionales, científicas y técnicas, actividades administrativas y servicios auxiliares;Estructura porcentual;2019;4,5
Extremadura;M_N. Actividades profesionales, científicas y técnicas, actividades administrativas y servicios auxiliares;Estructura porcentual;2018;4,1
Extremadura;M_N. Actividades profesionales, científicas y técnicas, actividades administrativas y servicios auxiliares;Estructura porcentual;2017;3,8
Extremadura;M_N. Actividades profesionales, científicas y técnicas, actividades administrativas y servicios auxiliares;Estructura porcentual;2016;3,8
Extremadura;O_Q. Administración pública y defensa, seguridad social obligatoria, educación, actividades sanitarias y de servicios sociales;Valor;2022(A);5.344.493
Extremadura;O_Q. Administración pública y defensa, seguridad social obligatoria, educación, actividades sanitarias y de servicios sociales;Valor;2021(P);5.017.070
Extremadura;O_Q. Administración pública y defensa, seguridad social obligatoria, educación, actividades sanitarias y de servicios sociales;Valor;2020;5.061.495
Extremadura;O_Q. Administración pública y defensa, seguridad social obligatoria, educación, actividades sanitarias y de servicios sociales;Valor;2019;5.022.958
Extremadura;O_Q. Administración pública y defensa, seguridad social obligatoria, educación, actividades sanitarias y de servicios sociales;Valor;2018;4.809.472
Extremadura;O_Q. Administración pública y defensa, seguridad social obligatoria, educación, actividades sanitarias y de servicios sociales;Valor;2017;4.618.510
Extremadura;O_Q. Administración pública y defensa, seguridad social obligatoria, educación, actividades sanitarias y de servicios sociales;Valor;2016;4.583.399
Extremadura;O_Q. Administración pública y defensa, seguridad social obligatoria, educación, actividades sanitarias y de servicios sociales;Tasas de variación interanuales;2022(A);6,5
Extremadura;O_Q. Administración pública y defensa, seguridad social obligatoria, educación, actividades sanitarias y de servicios sociales;Tasas de variación interanuales;2021(P);-0,9
Extremadura;O_Q. Administración pública y defensa, seguridad social obligatoria, educación, actividades sanitarias y de servicios sociales;Tasas de variación interanuales;2020;0,8
Extremadura;O_Q. Administración pública y defensa, seguridad social obligatoria, educación, actividades sanitarias y de servicios sociales;Tasas de variación interanuales;2019;4,4
Extremadura;O_Q. Administración pública y defensa, seguridad social obligatoria, educación, actividades sanitarias y de servicios sociales;Tasas de variación interanuales;2018;4,1
Extremadura;O_Q. Administración pública y defensa, seguridad social obligatoria, educación, actividades sanitarias y de servicios sociales;Tasas de variación interanuales;2017;0,8
Extremadura;O_Q. Administración pública y defensa, seguridad social obligatoria, educación, actividades sanitarias y de servicios sociales;Tasas de variación interanuales;2016;..
Extremadura;O_Q. Administración pública y defensa, seguridad social obligatoria, educación, actividades sanitarias y de servicios sociales;Estructura porcentual;2022(A);23,7
Extremadura;O_Q. Administración pública y defensa, seguridad social obligatoria, educación, actividades sanitarias y de servicios sociales;Estructura porcentual;2021(P);24,3
Extremadura;O_Q. Administración pública y defensa, seguridad social obligatoria, educación, actividades sanitarias y de servicios sociales;Estructura porcentual;2020;26,9
Extremadura;O_Q. Administración pública y defensa, seguridad social obligatoria, educación, actividades sanitarias y de servicios sociales;Estructura porcentual;2019;24,5
Extremadura;O_Q. Administración pública y defensa, seguridad social obligatoria, educación, actividades sanitarias y de servicios sociales;Estructura porcentual;2018;23,9
Extremadura;O_Q. Administración pública y defensa, seguridad social obligatoria, educación, actividades sanitarias y de servicios sociales;Estructura porcentual;2017;23,6
Extremadura;O_Q. Administración pública y defensa, seguridad social obligatoria, educación, actividades sanitarias y de servicios sociales;Estructura porcentual;2016;24,8
Extremadura;R_U. Actividades artísticas, recreativas y de entretenimiento, reparación de artículos de uso doméstico y otros servicios;Valor;2022(A);813.488
Extremadura;R_U. Actividades artísticas, recreativas y de entretenimiento, reparación de artículos de uso doméstico y otros servicios;Valor;2021(P);711.026
Extremadura;R_U. Actividades artísticas, recreativas y de entretenimiento, reparación de artículos de uso doméstico y otros servicios;Valor;2020;697.822
Extremadura;R_U. Actividades artísticas, recreativas y de entretenimiento, reparación de artículos de uso doméstico y otros servicios;Valor;2019;868.094
Extremadura;R_U. Actividades artísticas, recreativas y de entretenimiento, reparación de artículos de uso doméstico y otros servicios;Valor;2018;830.942
Extremadura;R_U. Actividades artísticas, recreativas y de entretenimiento, reparación de artículos de uso doméstico y otros servicios;Valor;2017;806.179
Extremadura;R_U. Actividades artísticas, recreativas y de entretenimiento, reparación de artículos de uso doméstico y otros servicios;Valor;2016;746.597
Extremadura;R_U. Actividades artísticas, recreativas y de entretenimiento, reparación de artículos de uso doméstico y otros servicios;Tasas de variación interanuales;2022(A);14,4
Extremadura;R_U. Actividades artísticas, recreativas y de entretenimiento, reparación de artículos de uso doméstico y otros servicios;Tasas de variación interanuales;2021(P);1,9
Extremadura;R_U. Actividades artísticas, recreativas y de entretenimiento, reparación de artículos de uso doméstico y otros servicios;Tasas de variación interanuales;2020;-19,6
Extremadura;R_U. Actividades artísticas, recreativas y de entretenimiento, reparación de artículos de uso doméstico y otros servicios;Tasas de variación interanuales;2019;4,5
Extremadura;R_U. Actividades artísticas, recreativas y de entretenimiento, reparación de artículos de uso doméstico y otros servicios;Tasas de variación interanuales;2018;3,1
Extremadura;R_U. Actividades artísticas, recreativas y de entretenimiento, reparación de artículos de uso doméstico y otros servicios;Tasas de variación interanuales;2017;8
Extremadura;R_U. Actividades artísticas, recreativas y de entretenimiento, reparación de artículos de uso doméstico y otros servicios;Tasas de variación interanuales;2016;..
Extremadura;R_U. Actividades artísticas, recreativas y de entretenimiento, reparación de artículos de uso doméstico y otros servicios;Estructura porcentual;2022(A);3,6
Extremadura;R_U. Actividades artísticas, recreativas y de entretenimiento, reparación de artículos de uso doméstico y otros servicios;Estructura porcentual;2021(P);3,4
Extremadura;R_U. Actividades artísticas, recreativas y de entretenimiento, reparación de artículos de uso doméstico y otros servicios;Estructura porcentual;2020;3,7
Extremadura;R_U. Actividades artísticas, recreativas y de entretenimiento, reparación de artículos de uso doméstico y otros servicios;Estructura porcentual;2019;4,2
Extremadura;R_U. Actividades artísticas, recreativas y de entretenimiento, reparación de artículos de uso doméstico y otros servicios;Estructura porcentual;2018;4,1
Extremadura;R_U. Actividades artísticas, recreativas y de entretenimiento, reparación de artículos de uso doméstico y otros servicios;Estructura porcentual;2017;4,1
Extremadura;R_U. Actividades artísticas, recreativas y de entretenimiento, reparación de artículos de uso doméstico y otros servicios;Estructura porcentual;2016;4
Extremadura;Valor añadido bruto total;Valor;2022(A);20.510.240
Extremadura;Valor añadido bruto total;Valor;2021(P);18.682.615
Extremadura;Valor añadido bruto total;Valor;2020;17.191.540
Extremadura;Valor añadido bruto total;Valor;2019;18.573.380
Extremadura;Valor añadido bruto total;Valor;2018;18.181.518
Extremadura;Valor añadido bruto total;Valor;2017;17.711.582
Extremadura;Valor añadido bruto total;Valor;2016;16.792.035
Extremadura;Valor añadido bruto total;Tasas de variación interanuales;2022(A);9,8
Extremadura;Valor añadido bruto total;Tasas de variación interanuales;2021(P);8,7
Extremadura;Valor añadido bruto total;Tasas de variación interanuales;2020;-7,4
Extremadura;Valor añadido bruto total;Tasas de variación interanuales;2019;2,2
Extremadura;Valor añadido bruto total;Tasas de variación interanuales;2018;2,7
Extremadura;Valor añadido bruto total;Tasas de variación interanuales;2017;5,5
Extremadura;Valor añadido bruto total;Tasas de variación interanuales;2016;..
Extremadura;Valor añadido bruto total;Estructura porcentual;2022(A);91
Extremadura;Valor añadido bruto total;Estructura porcentual;2021(P);90,5
Extremadura;Valor añadido bruto total;Estructura porcentual;2020;91,2
Extremadura;Valor añadido bruto total;Estructura porcentual;2019;90,7
Extremadura;Valor añadido bruto total;Estructura porcentual;2018;90,5
Extremadura;Valor añadido bruto total;Estructura porcentual;2017;90,7
Extremadura;Valor añadido bruto total;Estructura porcentual;2016;90,7
Extremadura;Impuestos netos sobre los productos;Valor;2022(A);2.020.597
Extremadura;Impuestos netos sobre los productos;Valor;2021(P);1.967.122
Extremadura;Impuestos netos sobre los productos;Valor;2020;1.648.700
Extremadura;Impuestos netos sobre los productos;Valor;2019;1.905.548
Extremadura;Impuestos netos sobre los productos;Valor;2018;1.909.892
Extremadura;Impuestos netos sobre los productos;Valor;2017;1.826.731
Extremadura;Impuestos netos sobre los productos;Valor;2016;1.712.832
Extremadura;Impuestos netos sobre los productos;Tasas de variación interanuales;2022(A);2,7
Extremadura;Impuestos netos sobre los productos;Tasas de variación interanuales;2021(P);19,3
Extremadura;Impuestos netos sobre los productos;Tasas de variación interanuales;2020;-13,5
Extremadura;Impuestos netos sobre los productos;Tasas de variación interanuales;2019;-0,2
Extremadura;Impuestos netos sobre los productos;Tasas de variación interanuales;2018;4,6
Extremadura;Impuestos netos sobre los productos;Tasas de variación interanuales;2017;6,6
Extremadura;Impuestos netos sobre los productos;Tasas de variación interanuales;2016;..
Extremadura;Impuestos netos sobre los productos;Estructura porcentual;2022(A);9
Extremadura;Impuestos netos sobre los productos;Estructura porcentual;2021(P);9,5
Extremadura;Impuestos netos sobre los productos;Estructura porcentual;2020;8,8
Extremadura;Impuestos netos sobre los productos;Estructura porcentual;2019;9,3
Extremadura;Impuestos netos sobre los productos;Estructura porcentual;2018;9,5
Extremadura;Impuestos netos sobre los productos;Estructura porcentual;2017;9,3
Extremadura;Impuestos netos sobre los productos;Estructura porcentual;2016;9,3
Extremadura;PRODUCTO INTERIOR BRUTO A PRECIOS DE MERCADO;Valor;2022(A);22.530.837
Extremadura;PRODUCTO INTERIOR BRUTO A PRECIOS DE MERCADO;Valor;2021(P);20.649.737
Extremadura;PRODUCTO INTERIOR BRUTO A PRECIOS DE MERCADO;Valor;2020;18.840.240
Extremadura;PRODUCTO INTERIOR BRUTO A PRECIOS DE MERCADO;Valor;2019;20.478.928
Extremadura;PRODUCTO INTERIOR BRUTO A PRECIOS DE MERCADO;Valor;2018;20.091.410
Extremadura;PRODUCTO INTERIOR BRUTO A PRECIOS DE MERCADO;Valor;2017;19.538.313
Extremadura;PRODUCTO INTERIOR BRUTO A PRECIOS DE MERCADO;Valor;2016;18.504.867
Extremadura;PRODUCTO INTERIOR BRUTO A PRECIOS DE MERCADO;Tasas de variación interanuales;2022(A);9,1
Extremadura;PRODUCTO INTERIOR BRUTO A PRECIOS DE MERCADO;Tasas de variación interanuales;2021(P);9,6
Extremadura;PRODUCTO INTERIOR BRUTO A PRECIOS DE MERCADO;Tasas de variación interanuales;2020;-8
Extremadura;PRODUCTO INTERIOR BRUTO A PRECIOS DE MERCADO;Tasas de variación interanuales;2019;1,9
Extremadura;PRODUCTO INTERIOR BRUTO A PRECIOS DE MERCADO;Tasas de variación interanuales;2018;2,8
Extremadura;PRODUCTO INTERIOR BRUTO A PRECIOS DE MERCADO;Tasas de variación interanuales;2017;5,6
Extremadura;PRODUCTO INTERIOR BRUTO A PRECIOS DE MERCADO;Tasas de variación interanuales;2016;..
Extremadura;PRODUCTO INTERIOR BRUTO A PRECIOS DE MERCADO;Estructura porcentual;2022(A);100
Extremadura;PRODUCTO INTERIOR BRUTO A PRECIOS DE MERCADO;Estructura porcentual;2021(P);100
Extremadura;PRODUCTO INTERIOR BRUTO A PRECIOS DE MERCADO;Estructura porcentual;2020;100
Extremadura;PRODUCTO INTERIOR BRUTO A PRECIOS DE MERCADO;Estructura porcentual;2019;100
Extremadura;PRODUCTO INTERIOR BRUTO A PRECIOS DE MERCADO;Estructura porcentual;2018;100
Extremadura;PRODUCTO INTERIOR BRUTO A PRECIOS DE MERCADO;Estructura porcentual;2017;100
Extremadura;PRODUCTO INTERIOR BRUTO A PRECIOS DE MERCADO;Estructura porcentual;2016;100
Galicia;PRODUCTO INTERIOR BRUTO A PRECIOS DE MERCADO;Valor;2022(A);69.829.687
Galicia;PRODUCTO INTERIOR BRUTO A PRECIOS DE MERCADO;Valor;2021(P);63.835.884
Galicia;PRODUCTO INTERIOR BRUTO A PRECIOS DE MERCADO;Valor;2020;58.663.128
Galicia;PRODUCTO INTERIOR BRUTO A PRECIOS DE MERCADO;Valor;2019;64.220.115
Galicia;PRODUCTO INTERIOR BRUTO A PRECIOS DE MERCADO;Valor;2018;62.425.422
Galicia;PRODUCTO INTERIOR BRUTO A PRECIOS DE MERCADO;Valor;2017;60.397.896
Galicia;PRODUCTO INTERIOR BRUTO A PRECIOS DE MERCADO;Valor;2016;58.271.372
Galicia;PRODUCTO INTERIOR BRUTO A PRECIOS DE MERCADO;Tasas de variación interanuales;2022(A);9,4
Galicia;PRODUCTO INTERIOR BRUTO A PRECIOS DE MERCADO;Tasas de variación interanuales;2021(P);8,8
Galicia;PRODUCTO INTERIOR BRUTO A PRECIOS DE MERCADO;Tasas de variación interanuales;2020;-8,7
Galicia;PRODUCTO INTERIOR BRUTO A PRECIOS DE MERCADO;Tasas de variación interanuales;2019;2,9
Galicia;PRODUCTO INTERIOR BRUTO A PRECIOS DE MERCADO;Tasas de variación interanuales;2018;3,4
Galicia;PRODUCTO INTERIOR BRUTO A PRECIOS DE MERCADO;Tasas de variación interanuales;2017;3,6
Galicia;PRODUCTO INTERIOR BRUTO A PRECIOS DE MERCADO;Tasas de variación interanuales;2016;..
Galicia;PRODUCTO INTERIOR BRUTO A PRECIOS DE MERCADO;Estructura porcentual;2022(A);100
Galicia;PRODUCTO INTERIOR BRUTO A PRECIOS DE MERCADO;Estructura porcentual;2021(P);100
Galicia;PRODUCTO INTERIOR BRUTO A PRECIOS DE MERCADO;Estructura porcentual;2020;100
Galicia;PRODUCTO INTERIOR BRUTO A PRECIOS DE MERCADO;Estructura porcentual;2019;100
Galicia;PRODUCTO INTERIOR BRUTO A PRECIOS DE MERCADO;Estructura porcentual;2018;100
Galicia;PRODUCTO INTERIOR BRUTO A PRECIOS DE MERCADO;Estructura porcentual;2017;100
Galicia;PRODUCTO INTERIOR BRUTO A PRECIOS DE MERCADO;Estructura porcentual;2016;100
Galicia;A. Agricultura, ganadería, silvicultura y pesca;Valor;2022(A);2.559.409
Galicia;A. Agricultura, ganadería, silvicultura y pesca;Valor;2021(P);2.743.568
Galicia;A. Agricultura, ganadería, silvicultura y pesca;Valor;2020;2.572.987
Galicia;A. Agricultura, ganadería, silvicultura y pesca;Valor;2019;3.005.687
Galicia;A. Agricultura, ganadería, silvicultura y pesca;Valor;2018;2.945.346
Galicia;A. Agricultura, ganadería, silvicultura y pesca;Valor;2017;3.030.050
Galicia;A. Agricultura, ganadería, silvicultura y pesca;Valor;2016;3.116.548
Galicia;A. Agricultura, ganadería, silvicultura y pesca;Tasas de variación interanuales;2022(A);-6,7
Galicia;A. Agricultura, ganadería, silvicultura y pesca;Tasas de variación interanuales;2021(P);6,6
Galicia;A. Agricultura, ganadería, silvicultura y pesca;Tasas de variación interanuales;2020;-14,4
Galicia;A. Agricultura, ganadería, silvicultura y pesca;Tasas de variación interanuales;2019;2
Galicia;A. Agricultura, ganadería, silvicultura y pesca;Tasas de variación interanuales;2018;-2,8
Galicia;A. Agricultura, ganadería, silvicultura y pesca;Tasas de variación interanuales;2017;-2,8
Galicia;A. Agricultura, ganadería, silvicultura y pesca;Tasas de variación interanuales;2016;..
Galicia;A. Agricultura, ganadería, silvicultura y pesca;Estructura porcentual;2022(A);3,7
Galicia;A. Agricultura, ganadería, silvicultura y pesca;Estructura porcentual;2021(P);4,3
Galicia;A. Agricultura, ganadería, silvicultura y pesca;Estructura porcentual;2020;4,4
Galicia;A. Agricultura, ganadería, silvicultura y pesca;Estructura porcentual;2019;4,7
Galicia;A. Agricultura, ganadería, silvicultura y pesca;Estructura porcentual;2018;4,7
Galicia;A. Agricultura, ganadería, silvicultura y pesca;Estructura porcentual;2017;5
Galicia;A. Agricultura, ganadería, silvicultura y pesca;Estructura porcentual;2016;5,3
Galicia;B_E. Industrias extractivas, industria manufacturera, suministro de energía eléctrica, gas, vapor y aire acondicionado, suministro de agua, actividades de saneamiento, gestión de residuos y descontaminación;Valor;2022(A);12.422.094
Galicia;B_E. Industrias extractivas, industria manufacturera, suministro de energía eléctrica, gas, vapor y aire acondicionado, suministro de agua, actividades de saneamiento, gestión de residuos y descontaminación;Valor;2021(P);10.956.424
Galicia;B_E. Industrias extractivas, industria manufacturera, suministro de energía eléctrica, gas, vapor y aire acondicionado, suministro de agua, actividades de saneamiento, gestión de residuos y descontaminación;Valor;2020;9.535.378
Galicia;B_E. Industrias extractivas, industria manufacturera, suministro de energía eléctrica, gas, vapor y aire acondicionado, suministro de agua, actividades de saneamiento, gestión de residuos y descontaminación;Valor;2019;10.374.129
Galicia;B_E. Industrias extractivas, industria manufacturera, suministro de energía eléctrica, gas, vapor y aire acondicionado, suministro de agua, actividades de saneamiento, gestión de residuos y descontaminación;Valor;2018;10.352.977
Galicia;B_E. Industrias extractivas, industria manufacturera, suministro de energía eléctrica, gas, vapor y aire acondicionado, suministro de agua, actividades de saneamiento, gestión de residuos y descontaminación;Valor;2017;10.033.037
Galicia;B_E. Industrias extractivas, industria manufacturera, suministro de energía eléctrica, gas, vapor y aire acondicionado, suministro de agua, actividades de saneamiento, gestión de residuos y descontaminación;Valor;2016;9.394.685
Galicia;B_E. Industrias extractivas, industria manufacturera, suministro de energía eléctrica, gas, vapor y aire acondicionado, suministro de agua, actividades de saneamiento, gestión de residuos y descontaminación;Tasas de variación interanuales;2022(A);13,4
Galicia;B_E. Industrias extractivas, industria manufacturera, suministro de energía eléctrica, gas, vapor y aire acondicionado, suministro de agua, actividades de saneamiento, gestión de residuos y descontaminación;Tasas de variación interanuales;2021(P);14,9
Galicia;B_E. Industrias extractivas, industria manufacturera, suministro de energía eléctrica, gas, vapor y aire acondicionado, suministro de agua, actividades de saneamiento, gestión de residuos y descontaminación;Tasas de variación interanuales;2020;-8,1
Galicia;B_E. Industrias extractivas, industria manufacturera, suministro de energía eléctrica, gas, vapor y aire acondicionado, suministro de agua, actividades de saneamiento, gestión de residuos y descontaminación;Tasas de variación interanuales;2019;0,2
Galicia;B_E. Industrias extractivas, industria manufacturera, suministro de energía eléctrica, gas, vapor y aire acondicionado, suministro de agua, actividades de saneamiento, gestión de residuos y descontaminación;Tasas de variación interanuales;2018;3,2
Galicia;B_E. Industrias extractivas, industria manufacturera, suministro de energía eléctrica, gas, vapor y aire acondicionado, suministro de agua, actividades de saneamiento, gestión de residuos y descontaminación;Tasas de variación interanuales;2017;6,8
Galicia;B_E. Industrias extractivas, industria manufacturera, suministro de energía eléctrica, gas, vapor y aire acondicionado, suministro de agua, actividades de saneamiento, gestión de residuos y descontaminación;Tasas de variación interanuales;2016;..
Galicia;B_E. Industrias extractivas, industria manufacturera, suministro de energía eléctrica, gas, vapor y aire acondicionado, suministro de agua, actividades de saneamiento, gestión de residuos y descontaminación;Estructura porcentual;2022(A);17,8
Galicia;B_E. Industrias extractivas, industria manufacturera, suministro de energía eléctrica, gas, vapor y aire acondicionado, suministro de agua, actividades de saneamiento, gestión de residuos y descontaminación;Estructura porcentual;2021(P);17,2
Galicia;B_E. Industrias extractivas, industria manufacturera, suministro de energía eléctrica, gas, vapor y aire acondicionado, suministro de agua, actividades de saneamiento, gestión de residuos y descontaminación;Estructura porcentual;2020;16,3
Galicia;B_E. Industrias extractivas, industria manufacturera, suministro de energía eléctrica, gas, vapor y aire acondicionado, suministro de agua, actividades de saneamiento, gestión de residuos y descontaminación;Estructura porcentual;2019;16,2
Galicia;B_E. Industrias extractivas, industria manufacturera, suministro de energía eléctrica, gas, vapor y aire acondicionado, suministro de agua, actividades de saneamiento, gestión de residuos y descontaminación;Estructura porcentual;2018;16,6
Galicia;B_E. Industrias extractivas, industria manufacturera, suministro de energía eléctrica, gas, vapor y aire acondicionado, suministro de agua, actividades de saneamiento, gestión de residuos y descontaminación;Estructura porcentual;2017;16,6
Galicia;B_E. Industrias extractivas, industria manufacturera, suministro de energía eléctrica, gas, vapor y aire acondicionado, suministro de agua, actividades de saneamiento, gestión de residuos y descontaminación;Estructura porcentual;2016;16,1
Galicia;C. - De las cuales: Industria manufacturera;Valor;2022(A);8.750.183
Galicia;C. - De las cuales: Industria manufacturera;Valor;2021(P);8.071.366
Galicia;C. - De las cuales: Industria manufacturera;Valor;2020;7.121.925
Galicia;C. - De las cuales: Industria manufacturera;Valor;2019;7.931.206
Galicia;C. - De las cuales: Industria manufacturera;Valor;2018;7.777.648
Galicia;C. - De las cuales: Industria manufacturera;Valor;2017;7.659.981
Galicia;C. - De las cuales: Industria manufacturera;Valor;2016;7.110.395
Galicia;C. - De las cuales: Industria manufacturera;Tasas de variación interanuales;2022(A);8,4
Galicia;C. - De las cuales: Industria manufacturera;Tasas de variación interanuales;2021(P);13,3
Galicia;C. - De las cuales: Industria manufacturera;Tasas de variación interanuales;2020;-10,2
Galicia;C. - De las cuales: Industria manufacturera;Tasas de variación interanuales;2019;2
Galicia;C. - De las cuales: Industria manufacturera;Tasas de variación interanuales;2018;1,5
Galicia;C. - De las cuales: Industria manufacturera;Tasas de variación interanuales;2017;7,7
Galicia;C. - De las cuales: Industria manufacturera;Tasas de variación interanuales;2016;..
Galicia;C. - De las cuales: Industria manufacturera;Estructura porcentual;2022(A);12,5
Galicia;C. - De las cuales: Industria manufacturera;Estructura porcentual;2021(P);12,6
Galicia;C. - De las cuales: Industria manufacturera;Estructura porcentual;2020;12,1
Galicia;C. - De las cuales: Industria manufacturera;Estructura porcentual;2019;12,4
Galicia;C. - De las cuales: Industria manufacturera;Estructura porcentual;2018;12,5
Galicia;C. - De las cuales: Industria manufacturera;Estructura porcentual;2017;12,7
Galicia;C. - De las cuales: Industria manufacturera;Estructura porcentual;2016;12,2
Galicia;F. Construcción;Valor;2022(A);3.933.964
Galicia;F. Construcción;Valor;2021(P);3.757.685
Galicia;F. Construcción;Valor;2020;3.740.159
Galicia;F. Construcción;Valor;2019;4.212.463
Galicia;F. Construcción;Valor;2018;3.897.747
Galicia;F. Construcción;Valor;2017;3.802.130
Galicia;F. Construcción;Valor;2016;3.694.716
Galicia;F. Construcción;Tasas de variación interanuales;2022(A);4,7
Galicia;F. Construcción;Tasas de variación interanuales;2021(P);0,5
Galicia;F. Construcción;Tasas de variación interanuales;2020;-11,2
Galicia;F. Construcción;Tasas de variación interanuales;2019;8,1
Galicia;F. Construcción;Tasas de variación interanuales;2018;2,5
Galicia;F. Construcción;Tasas de variación interanuales;2017;2,9
Galicia;F. Construcción;Tasas de variación interanuales;2016;..
Galicia;F. Construcción;Estructura porcentual;2022(A);5,6
Galicia;F. Construcción;Estructura porcentual;2021(P);5,9
Galicia;F. Construcción;Estructura porcentual;2020;6,4
Galicia;F. Construcción;Estructura porcentual;2019;6,6
Galicia;F. Construcción;Estructura porcentual;2018;6,2
Galicia;F. Construcción;Estructura porcentual;2017;6,3
Galicia;F. Construcción;Estructura porcentual;2016;6,3
Galicia;G_I. Comercio al por mayor y al por menor, reparación de vehículos de motor y motocicletas, transporte y almacenamiento, hostelería;Valor;2022(A);15.790.169
Galicia;G_I. Comercio al por mayor y al por menor, reparación de vehículos de motor y motocicletas, transporte y almacenamiento, hostelería;Valor;2021(P);12.977.144
Galicia;G_I. Comercio al por mayor y al por menor, reparación de vehículos de motor y motocicletas, transporte y almacenamiento, hostelería;Valor;2020;11.107.925
Galicia;G_I. Comercio al por mayor y al por menor, reparación de vehículos de motor y motocicletas, transporte y almacenamiento, hostelería;Valor;2019;13.621.415
Galicia;G_I. Comercio al por mayor y al por menor, reparación de vehículos de motor y motocicletas, transporte y almacenamiento, hostelería;Valor;2018;13.243.882
Galicia;G_I. Comercio al por mayor y al por menor, reparación de vehículos de motor y motocicletas, transporte y almacenamiento, hostelería;Valor;2017;12.841.457
Galicia;G_I. Comercio al por mayor y al por menor, reparación de vehículos de motor y motocicletas, transporte y almacenamiento, hostelería;Valor;2016;12.357.449
Galicia;G_I. Comercio al por mayor y al por menor, reparación de vehículos de motor y motocicletas, transporte y almacenamiento, hostelería;Tasas de variación interanuales;2022(A);21,7
Galicia;G_I. Comercio al por mayor y al por menor, reparación de vehículos de motor y motocicletas, transporte y almacenamiento, hostelería;Tasas de variación interanuales;2021(P);16,8
Galicia;G_I. Comercio al por mayor y al por menor, reparación de vehículos de motor y motocicletas, transporte y almacenamiento, hostelería;Tasas de variación interanuales;2020;-18,5
Galicia;G_I. Comercio al por mayor y al por menor, reparación de vehículos de motor y motocicletas, transporte y almacenamiento, hostelería;Tasas de variación interanuales;2019;2,9
Galicia;G_I. Comercio al por mayor y al por menor, reparación de vehículos de motor y motocicletas, transporte y almacenamiento, hostelería;Tasas de variación interanuales;2018;3,1
Galicia;G_I. Comercio al por mayor y al por menor, reparación de vehículos de motor y motocicletas, transporte y almacenamiento, hostelería;Tasas de variación interanuales;2017;3,9
Galicia;G_I. Comercio al por mayor y al por menor, reparación de vehículos de motor y motocicletas, transporte y almacenamiento, hostelería;Tasas de variación interanuales;2016;..
Galicia;G_I. Comercio al por mayor y al por menor, reparación de vehículos de motor y motocicletas, transporte y almacenamiento, hostelería;Estructura porcentual;2022(A);22,6
Galicia;G_I. Comercio al por mayor y al por menor, reparación de vehículos de motor y motocicletas, transporte y almacenamiento, hostelería;Estructura porcentual;2021(P);20,3
Galicia;G_I. Comercio al por mayor y al por menor, reparación de vehículos de motor y motocicletas, transporte y almacenamiento, hostelería;Estructura porcentual;2020;18,9
Galicia;G_I. Comercio al por mayor y al por menor, reparación de vehículos de motor y motocicletas, transporte y almacenamiento, hostelería;Estructura porcentual;2019;21,2
Galicia;G_I. Comercio al por mayor y al por menor, reparación de vehículos de motor y motocicletas, transporte y almacenamiento, hostelería;Estructura porcentual;2018;21,2
Galicia;G_I. Comercio al por mayor y al por menor, reparación de vehículos de motor y motocicletas, transporte y almacenamiento, hostelería;Estructura porcentual;2017;21,3
Galicia;G_I. Comercio al por mayor y al por menor, reparación de vehículos de motor y motocicletas, transporte y almacenamiento, hostelería;Estructura porcentual;2016;21,2
Galicia;J. Información y comunicaciones;Valor;2022(A);1.446.939
Galicia;J. Información y comunicaciones;Valor;2021(P);1.343.283
Galicia;J. Información y comunicaciones;Valor;2020;1.314.894
Galicia;J. Información y comunicaciones;Valor;2019;1.287.313
Galicia;J. Información y comunicaciones;Valor;2018;1.189.200
Galicia;J. Información y comunicaciones;Valor;2017;1.221.093
Galicia;J. Información y comunicaciones;Valor;2016;1.149.947
Galicia;J. Información y comunicaciones;Tasas de variación interanuales;2022(A);7,7
Galicia;J. Información y comunicaciones;Tasas de variación interanuales;2021(P);2,2
Galicia;J. Información y comunicaciones;Tasas de variación interanuales;2020;2,1
Galicia;J. Información y comunicaciones;Tasas de variación interanuales;2019;8,3
Galicia;J. Información y comunicaciones;Tasas de variación interanuales;2018;-2,6
Galicia;J. Información y comunicaciones;Tasas de variación interanuales;2017;6,2
Galicia;J. Información y comunicaciones;Tasas de variación interanuales;2016;..
Galicia;J. Información y comunicaciones;Estructura porcentual;2022(A);2,1
Galicia;J. Información y comunicaciones;Estructura porcentual;2021(P);2,1
Galicia;J. Información y comunicaciones;Estructura porcentual;2020;2,2
Galicia;J. Información y comunicaciones;Estructura porcentual;2019;2
Galicia;J. Información y comunicaciones;Estructura porcentual;2018;1,9
Galicia;J. Información y comunicaciones;Estructura porcentual;2017;2
Galicia;J. Información y comunicaciones;Estructura porcentual;2016;2
Galicia;K. Actividades financieras y de seguros;Valor;2022(A);2.302.396
Galicia;K. Actividades financieras y de seguros;Valor;2021(P);2.016.159
Galicia;K. Actividades financieras y de seguros;Valor;2020;1.994.468
Galicia;K. Actividades financieras y de seguros;Valor;2019;1.899.324
Galicia;K. Actividades financieras y de seguros;Valor;2018;1.932.657
Galicia;K. Actividades financieras y de seguros;Valor;2017;1.730.166
Galicia;K. Actividades financieras y de seguros;Valor;2016;1.660.969
Galicia;K. Actividades financieras y de seguros;Tasas de variación interanuales;2022(A);14,2
Galicia;K. Actividades financieras y de seguros;Tasas de variación interanuales;2021(P);1,1
Galicia;K. Actividades financieras y de seguros;Tasas de variación interanuales;2020;5
Galicia;K. Actividades financieras y de seguros;Tasas de variación interanuales;2019;-1,7
Galicia;K. Actividades financieras y de seguros;Tasas de variación interanuales;2018;11,7
Galicia;K. Actividades financieras y de seguros;Tasas de variación interanuales;2017;4,2
Galicia;K. Actividades financieras y de seguros;Tasas de variación interanuales;2016;..
Galicia;K. Actividades financieras y de seguros;Estructura porcentual;2022(A);3,3
Galicia;K. Actividades financieras y de seguros;Estructura porcentual;2021(P);3,2
Galicia;K. Actividades financieras y de seguros;Estructura porcentual;2020;3,4
Galicia;K. Actividades financieras y de seguros;Estructura porcentual;2019;3
Galicia;K. Actividades financieras y de seguros;Estructura porcentual;2018;3,1
Galicia;K. Actividades financieras y de seguros;Estructura porcentual;2017;2,9
Galicia;K. Actividades financieras y de seguros;Estructura porcentual;2016;2,9
Galicia;L. Actividades inmobiliarias;Valor;2022(A);6.581.819
Galicia;L. Actividades inmobiliarias;Valor;2021(P);6.252.919
Galicia;L. Actividades inmobiliarias;Valor;2020;6.104.198
Galicia;L. Actividades inmobiliarias;Valor;2019;6.098.915
Galicia;L. Actividades inmobiliarias;Valor;2018;5.931.503
Galicia;L. Actividades inmobiliarias;Valor;2017;5.754.486
Galicia;L. Actividades inmobiliarias;Valor;2016;5.642.017
Galicia;L. Actividades inmobiliarias;Tasas de variación interanuales;2022(A);5,3
Galicia;L. Actividades inmobiliarias;Tasas de variación interanuales;2021(P);2,4
Galicia;L. Actividades inmobiliarias;Tasas de variación interanuales;2020;0,1
Galicia;L. Actividades inmobiliarias;Tasas de variación interanuales;2019;2,8
Galicia;L. Actividades inmobiliarias;Tasas de variación interanuales;2018;3,1
Galicia;L. Actividades inmobiliarias;Tasas de variación interanuales;2017;2
Galicia;L. Actividades inmobiliarias;Tasas de variación interanuales;2016;..
Galicia;L. Actividades inmobiliarias;Estructura porcentual;2022(A);9,4
Galicia;L. Actividades inmobiliarias;Estructura porcentual;2021(P);9,8
Galicia;L. Actividades inmobiliarias;Estructura porcentual;2020;10,4
Galicia;L. Actividades inmobiliarias;Estructura porcentual;2019;9,5
Galicia;L. Actividades inmobiliarias;Estructura porcentual;2018;9,5
Galicia;L. Actividades inmobiliarias;Estructura porcentual;2017;9,5
Galicia;L. Actividades inmobiliarias;Estructura porcentual;2016;9,7
Galicia;M_N. Actividades profesionales, científicas y técnicas, actividades administrativas y servicios auxiliares;Valor;2022(A);4.398.872
Galicia;M_N. Actividades profesionales, científicas y técnicas, actividades administrativas y servicios auxiliares;Valor;2021(P);4.136.631
Galicia;M_N. Actividades profesionales, científicas y técnicas, actividades administrativas y servicios auxiliares;Valor;2020;3.823.881
Galicia;M_N. Actividades profesionales, científicas y técnicas, actividades administrativas y servicios auxiliares;Valor;2019;4.069.349
Galicia;M_N. Actividades profesionales, científicas y técnicas, actividades administrativas y servicios auxiliares;Valor;2018;3.779.097
Galicia;M_N. Actividades profesionales, científicas y técnicas, actividades administrativas y servicios auxiliares;Valor;2017;3.587.291
Galicia;M_N. Actividades profesionales, científicas y técnicas, actividades administrativas y servicios auxiliares;Valor;2016;3.506.609
Galicia;M_N. Actividades profesionales, científicas y técnicas, actividades administrativas y servicios auxiliares;Tasas de variación interanuales;2022(A);6,3
Galicia;M_N. Actividades profesionales, científicas y técnicas, actividades administrativas y servicios auxiliares;Tasas de variación interanuales;2021(P);8,2
Galicia;M_N. Actividades profesionales, científicas y técnicas, actividades administrativas y servicios auxiliares;Tasas de variación interanuales;2020;-6
Galicia;M_N. Actividades profesionales, científicas y técnicas, actividades administrativas y servicios auxiliares;Tasas de variación interanuales;2019;7,7
Galicia;M_N. Actividades profesionales, científicas y técnicas, actividades administrativas y servicios auxiliares;Tasas de variación interanuales;2018;5,3
Galicia;M_N. Actividades profesionales, científicas y técnicas, actividades administrativas y servicios auxiliares;Tasas de variación interanuales;2017;2,3
Galicia;M_N. Actividades profesionales, científicas y técnicas, actividades administrativas y servicios auxiliares;Tasas de variación interanuales;2016;..
Galicia;M_N. Actividades profesionales, científicas y técnicas, actividades administrativas y servicios auxiliares;Estructura porcentual;2022(A);6,3
Galicia;M_N. Actividades profesionales, científicas y técnicas, actividades administrativas y servicios auxiliares;Estructura porcentual;2021(P);6,5
Galicia;M_N. Actividades profesionales, científicas y técnicas, actividades administrativas y servicios auxiliares;Estructura porcentual;2020;6,5
Galicia;M_N. Actividades profesionales, científicas y técnicas, actividades administrativas y servicios auxiliares;Estructura porcentual;2019;6,3
Galicia;M_N. Actividades profesionales, científicas y técnicas, actividades administrativas y servicios auxiliares;Estructura porcentual;2018;6,1
Galicia;M_N. Actividades profesionales, científicas y técnicas, actividades administrativas y servicios auxiliares;Estructura porcentual;2017;5,9
Galicia;M_N. Actividades profesionales, científicas y técnicas, actividades administrativas y servicios auxiliares;Estructura porcentual;2016;6
Galicia;O_Q. Administración pública y defensa, seguridad social obligatoria, educación, actividades sanitarias y de servicios sociales;Valor;2022(A);11.597.495
Galicia;O_Q. Administración pública y defensa, seguridad social obligatoria, educación, actividades sanitarias y de servicios sociales;Valor;2021(P);11.367.441
Galicia;O_Q. Administración pública y defensa, seguridad social obligatoria, educación, actividades sanitarias y de servicios sociales;Valor;2020;11.195.912
Galicia;O_Q. Administración pública y defensa, seguridad social obligatoria, educación, actividades sanitarias y de servicios sociales;Valor;2019;11.013.186
Galicia;O_Q. Administración pública y defensa, seguridad social obligatoria, educación, actividades sanitarias y de servicios sociales;Valor;2018;10.577.507
Galicia;O_Q. Administración pública y defensa, seguridad social obligatoria, educación, actividades sanitarias y de servicios sociales;Valor;2017;10.233.688
Galicia;O_Q. Administración pública y defensa, seguridad social obligatoria, educación, actividades sanitarias y de servicios sociales;Valor;2016;9.988.207
Galicia;O_Q. Administración pública y defensa, seguridad social obligatoria, educación, actividades sanitarias y de servicios sociales;Tasas de variación interanuales;2022(A);2
Galicia;O_Q. Administración pública y defensa, seguridad social obligatoria, educación, actividades sanitarias y de servicios sociales;Tasas de variación interanuales;2021(P);1,5
Galicia;O_Q. Administración pública y defensa, seguridad social obligatoria, educación, actividades sanitarias y de servicios sociales;Tasas de variación interanuales;2020;1,7
Galicia;O_Q. Administración pública y defensa, seguridad social obligatoria, educación, actividades sanitarias y de servicios sociales;Tasas de variación interanuales;2019;4,1
Galicia;O_Q. Administración pública y defensa, seguridad social obligatoria, educación, actividades sanitarias y de servicios sociales;Tasas de variación interanuales;2018;3,4
Galicia;O_Q. Administración pública y defensa, seguridad social obligatoria, educación, actividades sanitarias y de servicios sociales;Tasas de variación interanuales;2017;2,5
Galicia;O_Q. Administración pública y defensa, seguridad social obligatoria, educación, actividades sanitarias y de servicios sociales;Tasas de variación interanuales;2016;..
Galicia;O_Q. Administración pública y defensa, seguridad social obligatoria, educación, actividades sanitarias y de servicios sociales;Estructura porcentual;2022(A);16,6
Galicia;O_Q. Administración pública y defensa, seguridad social obligatoria, educación, actividades sanitarias y de servicios sociales;Estructura porcentual;2021(P);17,8
Galicia;O_Q. Administración pública y defensa, seguridad social obligatoria, educación, actividades sanitarias y de servicios sociales;Estructura porcentual;2020;19,1
Galicia;O_Q. Administración pública y defensa, seguridad social obligatoria, educación, actividades sanitarias y de servicios sociales;Estructura porcentual;2019;17,1
Galicia;O_Q. Administración pública y defensa, seguridad social obligatoria, educación, actividades sanitarias y de servicios sociales;Estructura porcentual;2018;16,9
Galicia;O_Q. Administración pública y defensa, seguridad social obligatoria, educación, actividades sanitarias y de servicios sociales;Estructura porcentual;2017;16,9
Galicia;O_Q. Administración pública y defensa, seguridad social obligatoria, educación, actividades sanitarias y de servicios sociales;Estructura porcentual;2016;17,1
Galicia;R_U. Actividades artísticas, recreativas y de entretenimiento, reparación de artículos de uso doméstico y otros servicios;Valor;2022(A);2.534.105
Galicia;R_U. Actividades artísticas, recreativas y de entretenimiento, reparación de artículos de uso doméstico y otros servicios;Valor;2021(P);2.203.537
Galicia;R_U. Actividades artísticas, recreativas y de entretenimiento, reparación de artículos de uso doméstico y otros servicios;Valor;2020;2.139.745
Galicia;R_U. Actividades artísticas, recreativas y de entretenimiento, reparación de artículos de uso doméstico y otros servicios;Valor;2019;2.662.703
Galicia;R_U. Actividades artísticas, recreativas y de entretenimiento, reparación de artículos de uso doméstico y otros servicios;Valor;2018;2.641.337
Galicia;R_U. Actividades artísticas, recreativas y de entretenimiento, reparación de artículos de uso doméstico y otros servicios;Valor;2017;2.517.607
Galicia;R_U. Actividades artísticas, recreativas y de entretenimiento, reparación de artículos de uso doméstico y otros servicios;Valor;2016;2.366.560
Galicia;R_U. Actividades artísticas, recreativas y de entretenimiento, reparación de artículos de uso doméstico y otros servicios;Tasas de variación interanuales;2022(A);15
Galicia;R_U. Actividades artísticas, recreativas y de entretenimiento, reparación de artículos de uso doméstico y otros servicios;Tasas de variación interanuales;2021(P);3
Galicia;R_U. Actividades artísticas, recreativas y de entretenimiento, reparación de artículos de uso doméstico y otros servicios;Tasas de variación interanuales;2020;-19,6
Galicia;R_U. Actividades artísticas, recreativas y de entretenimiento, reparación de artículos de uso doméstico y otros servicios;Tasas de variación interanuales;2019;0,8
Galicia;R_U. Actividades artísticas, recreativas y de entretenimiento, reparación de artículos de uso doméstico y otros servicios;Tasas de variación interanuales;2018;4,9
Galicia;R_U. Actividades artísticas, recreativas y de entretenimiento, reparación de artículos de uso doméstico y otros servicios;Tasas de variación interanuales;2017;6,4
Galicia;R_U. Actividades artísticas, recreativas y de entretenimiento, reparación de artículos de uso doméstico y otros servicios;Tasas de variación interanuales;2016;..
Galicia;R_U. Actividades artísticas, recreativas y de entretenimiento, reparación de artículos de uso doméstico y otros servicios;Estructura porcentual;2022(A);3,6
Galicia;R_U. Actividades artísticas, recreativas y de entretenimiento, reparación de artículos de uso doméstico y otros servicios;Estructura porcentual;2021(P);3,5
Galicia;R_U. Actividades artísticas, recreativas y de entretenimiento, reparación de artículos de uso doméstico y otros servicios;Estructura porcentual;2020;3,6
Galicia;R_U. Actividades artísticas, recreativas y de entretenimiento, reparación de artículos de uso doméstico y otros servicios;Estructura porcentual;2019;4,1
Galicia;R_U. Actividades artísticas, recreativas y de entretenimiento, reparación de artículos de uso doméstico y otros servicios;Estructura porcentual;2018;4,2
Galicia;R_U. Actividades artísticas, recreativas y de entretenimiento, reparación de artículos de uso doméstico y otros servicios;Estructura porcentual;2017;4,2
Galicia;R_U. Actividades artísticas, recreativas y de entretenimiento, reparación de artículos de uso doméstico y otros servicios;Estructura porcentual;2016;4,1
Galicia;Valor añadido bruto total;Valor;2022(A);63.567.262
Galicia;Valor añadido bruto total;Valor;2021(P);57.754.791
Galicia;Valor añadido bruto total;Valor;2020;53.529.547
Galicia;Valor añadido bruto total;Valor;2019;58.244.484
Galicia;Valor añadido bruto total;Valor;2018;56.491.253
Galicia;Valor añadido bruto total;Valor;2017;54.751.005
Galicia;Valor añadido bruto total;Valor;2016;52.877.707
Galicia;Valor añadido bruto total;Tasas de variación interanuales;2022(A);10,1
Galicia;Valor añadido bruto total;Tasas de variación interanuales;2021(P);7,9
Galicia;Valor añadido bruto total;Tasas de variación interanuales;2020;-8,1
Galicia;Valor añadido bruto total;Tasas de variación interanuales;2019;3,1
Galicia;Valor añadido bruto total;Tasas de variación interanuales;2018;3,2
Galicia;Valor añadido bruto total;Tasas de variación interanuales;2017;3,5
Galicia;Valor añadido bruto total;Tasas de variación interanuales;2016;..
Galicia;Valor añadido bruto total;Estructura porcentual;2022(A);91
Galicia;Valor añadido bruto total;Estructura porcentual;2021(P);90,5
Galicia;Valor añadido bruto total;Estructura porcentual;2020;91,2
Galicia;Valor añadido bruto total;Estructura porcentual;2019;90,7
Galicia;Valor añadido bruto total;Estructura porcentual;2018;90,5
Galicia;Valor añadido bruto total;Estructura porcentual;2017;90,7
Galicia;Valor añadido bruto total;Estructura porcentual;2016;90,7
Galicia;Impuestos netos sobre los productos;Valor;2022(A);6.262.425
Galicia;Impuestos netos sobre los productos;Valor;2021(P);6.081.093
Galicia;Impuestos netos sobre los productos;Valor;2020;5.133.581
Galicia;Impuestos netos sobre los productos;Valor;2019;5.975.631
Galicia;Impuestos netos sobre los productos;Valor;2018;5.934.169
Galicia;Impuestos netos sobre los productos;Valor;2017;5.646.891
Galicia;Impuestos netos sobre los productos;Valor;2016;5.393.665
Galicia;Impuestos netos sobre los productos;Tasas de variación interanuales;2022(A);3
Galicia;Impuestos netos sobre los productos;Tasas de variación interanuales;2021(P);18,5
Galicia;Impuestos netos sobre los productos;Tasas de variación interanuales;2020;-14,1
Galicia;Impuestos netos sobre los productos;Tasas de variación interanuales;2019;0,7
Galicia;Impuestos netos sobre los productos;Tasas de variación interanuales;2018;5,1
Galicia;Impuestos netos sobre los productos;Tasas de variación interanuales;2017;4,7
Galicia;Impuestos netos sobre los productos;Tasas de variación interanuales;2016;..
Galicia;Impuestos netos sobre los productos;Estructura porcentual;2022(A);9
Galicia;Impuestos netos sobre los productos;Estructura porcentual;2021(P);9,5
Galicia;Impuestos netos sobre los productos;Estructura porcentual;2020;8,8
Galicia;Impuestos netos sobre los productos;Estructura porcentual;2019;9,3
Galicia;Impuestos netos sobre los productos;Estructura porcentual;2018;9,5
Galicia;Impuestos netos sobre los productos;Estructura porcentual;2017;9,3
Galicia;Impuestos netos sobre los productos;Estructura porcentual;2016;9,3
Galicia;PRODUCTO INTERIOR BRUTO A PRECIOS DE MERCADO;Valor;2022(A);69.829.687
Galicia;PRODUCTO INTERIOR BRUTO A PRECIOS DE MERCADO;Valor;2021(P);63.835.884
Galicia;PRODUCTO INTERIOR BRUTO A PRECIOS DE MERCADO;Valor;2020;58.663.128
Galicia;PRODUCTO INTERIOR BRUTO A PRECIOS DE MERCADO;Valor;2019;64.220.115
Galicia;PRODUCTO INTERIOR BRUTO A PRECIOS DE MERCADO;Valor;2018;62.425.422
Galicia;PRODUCTO INTERIOR BRUTO A PRECIOS DE MERCADO;Valor;2017;60.397.896
Galicia;PRODUCTO INTERIOR BRUTO A PRECIOS DE MERCADO;Valor;2016;58.271.372
Galicia;PRODUCTO INTERIOR BRUTO A PRECIOS DE MERCADO;Tasas de variación interanuales;2022(A);9,4
Galicia;PRODUCTO INTERIOR BRUTO A PRECIOS DE MERCADO;Tasas de variación interanuales;2021(P);8,8
Galicia;PRODUCTO INTERIOR BRUTO A PRECIOS DE MERCADO;Tasas de variación interanuales;2020;-8,7
Galicia;PRODUCTO INTERIOR BRUTO A PRECIOS DE MERCADO;Tasas de variación interanuales;2019;2,9
Galicia;PRODUCTO INTERIOR BRUTO A PRECIOS DE MERCADO;Tasas de variación interanuales;2018;3,4
Galicia;PRODUCTO INTERIOR BRUTO A PRECIOS DE MERCADO;Tasas de variación interanuales;2017;3,6
Galicia;PRODUCTO INTERIOR BRUTO A PRECIOS DE MERCADO;Tasas de variación interanuales;2016;..
Galicia;PRODUCTO INTERIOR BRUTO A PRECIOS DE MERCADO;Estructura porcentual;2022(A);100
Galicia;PRODUCTO INTERIOR BRUTO A PRECIOS DE MERCADO;Estructura porcentual;2021(P);100
Galicia;PRODUCTO INTERIOR BRUTO A PRECIOS DE MERCADO;Estructura porcentual;2020;100
Galicia;PRODUCTO INTERIOR BRUTO A PRECIOS DE MERCADO;Estructura porcentual;2019;100
Galicia;PRODUCTO INTERIOR BRUTO A PRECIOS DE MERCADO;Estructura porcentual;2018;100
Galicia;PRODUCTO INTERIOR BRUTO A PRECIOS DE MERCADO;Estructura porcentual;2017;100
Galicia;PRODUCTO INTERIOR BRUTO A PRECIOS DE MERCADO;Estructura porcentual;2016;100
Madrid, Comunidad de;PRODUCTO INTERIOR BRUTO A PRECIOS DE MERCADO;Valor;2022(A);261.713.090
Madrid, Comunidad de;PRODUCTO INTERIOR BRUTO A PRECIOS DE MERCADO;Valor;2021(P);237.540.292
Madrid, Comunidad de;PRODUCTO INTERIOR BRUTO A PRECIOS DE MERCADO;Valor;2020;219.030.504
Madrid, Comunidad de;PRODUCTO INTERIOR BRUTO A PRECIOS DE MERCADO;Valor;2019;242.093.235
Madrid, Comunidad de;PRODUCTO INTERIOR BRUTO A PRECIOS DE MERCADO;Valor;2018;231.423.389
Madrid, Comunidad de;PRODUCTO INTERIOR BRUTO A PRECIOS DE MERCADO;Valor;2017;222.566.193
Madrid, Comunidad de;PRODUCTO INTERIOR BRUTO A PRECIOS DE MERCADO;Valor;2016;212.360.938
Madrid, Comunidad de;PRODUCTO INTERIOR BRUTO A PRECIOS DE MERCADO;Tasas de variación interanuales;2022(A);10,2
Madrid, Comunidad de;PRODUCTO INTERIOR BRUTO A PRECIOS DE MERCADO;Tasas de variación interanuales;2021(P);8,5
Madrid, Comunidad de;PRODUCTO INTERIOR BRUTO A PRECIOS DE MERCADO;Tasas de variación interanuales;2020;-9,5
Madrid, Comunidad de;PRODUCTO INTERIOR BRUTO A PRECIOS DE MERCADO;Tasas de variación interanuales;2019;4,6
Madrid, Comunidad de;PRODUCTO INTERIOR BRUTO A PRECIOS DE MERCADO;Tasas de variación interanuales;2018;4
Madrid, Comunidad de;PRODUCTO INTERIOR BRUTO A PRECIOS DE MERCADO;Tasas de variación interanuales;2017;4,8
Madrid, Comunidad de;PRODUCTO INTERIOR BRUTO A PRECIOS DE MERCADO;Tasas de variación interanuales;2016;..
Madrid, Comunidad de;PRODUCTO INTERIOR BRUTO A PRECIOS DE MERCADO;Estructura porcentual;2022(A);100
Madrid, Comunidad de;PRODUCTO INTERIOR BRUTO A PRECIOS DE MERCADO;Estructura porcentual;2021(P);100
Madrid, Comunidad de;PRODUCTO INTERIOR BRUTO A PRECIOS DE MERCADO;Estructura porcentual;2020;100
Madrid, Comunidad de;PRODUCTO INTERIOR BRUTO A PRECIOS DE MERCADO;Estructura porcentual;2019;100
Madrid, Comunidad de;PRODUCTO INTERIOR BRUTO A PRECIOS DE MERCADO;Estructura porcentual;2018;100
Madrid, Comunidad de;PRODUCTO INTERIOR BRUTO A PRECIOS DE MERCADO;Estructura porcentual;2017;100
Madrid, Comunidad de;PRODUCTO INTERIOR BRUTO A PRECIOS DE MERCADO;Estructura porcentual;2016;100
Madrid, Comunidad de;A. Agricultura, ganadería, silvicultura y pesca;Valor;2022(A);162.112
Madrid, Comunidad de;A. Agricultura, ganadería, silvicultura y pesca;Valor;2021(P);162.499
Madrid, Comunidad de;A. Agricultura, ganadería, silvicultura y pesca;Valor;2020;162.448
Madrid, Comunidad de;A. Agricultura, ganadería, silvicultura y pesca;Valor;2019;151.583
Madrid, Comunidad de;A. Agricultura, ganadería, silvicultura y pesca;Valor;2018;186.207
Madrid, Comunidad de;A. Agricultura, ganadería, silvicultura y pesca;Valor;2017;119.227
Madrid, Comunidad de;A. Agricultura, ganadería, silvicultura y pesca;Valor;2016;134.924
Madrid, Comunidad de;A. Agricultura, ganadería, silvicultura y pesca;Tasas de variación interanuales;2022(A);-0,2
Madrid, Comunidad de;A. Agricultura, ganadería, silvicultura y pesca;Tasas de variación interanuales;2021(P);0
Madrid, Comunidad de;A. Agricultura, ganadería, silvicultura y pesca;Tasas de variación interanuales;2020;7,2
Madrid, Comunidad de;A. Agricultura, ganadería, silvicultura y pesca;Tasas de variación interanuales;2019;-18,6
Madrid, Comunidad de;A. Agricultura, ganadería, silvicultura y pesca;Tasas de variación interanuales;2018;56,2
Madrid, Comunidad de;A. Agricultura, ganadería, silvicultura y pesca;Tasas de variación interanuales;2017;-11,6
Madrid, Comunidad de;A. Agricultura, ganadería, silvicultura y pesca;Tasas de variación interanuales;2016;..
Madrid, Comunidad de;A. Agricultura, ganadería, silvicultura y pesca;Estructura porcentual;2022(A);0,1
Madrid, Comunidad de;A. Agricultura, ganadería, silvicultura y pesca;Estructura porcentual;2021(P);0,1
Madrid, Comunidad de;A. Agricultura, ganadería, silvicultura y pesca;Estructura porcentual;2020;0,1
Madrid, Comunidad de;A. Agricultura, ganadería, silvicultura y pesca;Estructura porcentual;2019;0,1
Madrid, Comunidad de;A. Agricultura, ganadería, silvicultura y pesca;Estructura porcentual;2018;0,1
Madrid, Comunidad de;A. Agricultura, ganadería, silvicultura y pesca;Estructura porcentual;2017;0,1
Madrid, Comunidad de;A. Agricultura, ganadería, silvicultura y pesca;Estructura porcentual;2016;0,1
Madrid, Comunidad de;B_E. Industrias extractivas, industria manufacturera, suministro de energía eléctrica, gas, vapor y aire acondicionado, suministro de agua, actividades de saneamiento, gestión de residuos y descontaminación;Valor;2022(A);27.369.095
Madrid, Comunidad de;B_E. Industrias extractivas, industria manufacturera, suministro de energía eléctrica, gas, vapor y aire acondicionado, suministro de agua, actividades de saneamiento, gestión de residuos y descontaminación;Valor;2021(P);23.091.420
Madrid, Comunidad de;B_E. Industrias extractivas, industria manufacturera, suministro de energía eléctrica, gas, vapor y aire acondicionado, suministro de agua, actividades de saneamiento, gestión de residuos y descontaminación;Valor;2020;21.389.543
Madrid, Comunidad de;B_E. Industrias extractivas, industria manufacturera, suministro de energía eléctrica, gas, vapor y aire acondicionado, suministro de agua, actividades de saneamiento, gestión de residuos y descontaminación;Valor;2019;22.573.777
Madrid, Comunidad de;B_E. Industrias extractivas, industria manufacturera, suministro de energía eléctrica, gas, vapor y aire acondicionado, suministro de agua, actividades de saneamiento, gestión de residuos y descontaminación;Valor;2018;21.447.938
Madrid, Comunidad de;B_E. Industrias extractivas, industria manufacturera, suministro de energía eléctrica, gas, vapor y aire acondicionado, suministro de agua, actividades de saneamiento, gestión de residuos y descontaminación;Valor;2017;20.530.920
Madrid, Comunidad de;B_E. Industrias extractivas, industria manufacturera, suministro de energía eléctrica, gas, vapor y aire acondicionado, suministro de agua, actividades de saneamiento, gestión de residuos y descontaminación;Valor;2016;19.812.097
Madrid, Comunidad de;B_E. Industrias extractivas, industria manufacturera, suministro de energía eléctrica, gas, vapor y aire acondicionado, suministro de agua, actividades de saneamiento, gestión de residuos y descontaminación;Tasas de variación interanuales;2022(A);18,5
Madrid, Comunidad de;B_E. Industrias extractivas, industria manufacturera, suministro de energía eléctrica, gas, vapor y aire acondicionado, suministro de agua, actividades de saneamiento, gestión de residuos y descontaminación;Tasas de variación interanuales;2021(P);8
Madrid, Comunidad de;B_E. Industrias extractivas, industria manufacturera, suministro de energía eléctrica, gas, vapor y aire acondicionado, suministro de agua, actividades de saneamiento, gestión de residuos y descontaminación;Tasas de variación interanuales;2020;-5,2
Madrid, Comunidad de;B_E. Industrias extractivas, industria manufacturera, suministro de energía eléctrica, gas, vapor y aire acondicionado, suministro de agua, actividades de saneamiento, gestión de residuos y descontaminación;Tasas de variación interanuales;2019;5,2
Madrid, Comunidad de;B_E. Industrias extractivas, industria manufacturera, suministro de energía eléctrica, gas, vapor y aire acondicionado, suministro de agua, actividades de saneamiento, gestión de residuos y descontaminación;Tasas de variación interanuales;2018;4,5
Madrid, Comunidad de;B_E. Industrias extractivas, industria manufacturera, suministro de energía eléctrica, gas, vapor y aire acondicionado, suministro de agua, actividades de saneamiento, gestión de residuos y descontaminación;Tasas de variación interanuales;2017;3,6
Madrid, Comunidad de;B_E. Industrias extractivas, industria manufacturera, suministro de energía eléctrica, gas, vapor y aire acondicionado, suministro de agua, actividades de saneamiento, gestión de residuos y descontaminación;Tasas de variación interanuales;2016;..
Madrid, Comunidad de;B_E. Industrias extractivas, industria manufacturera, suministro de energía eléctrica, gas, vapor y aire acondicionado, suministro de agua, actividades de saneamiento, gestión de residuos y descontaminación;Estructura porcentual;2022(A);10,5
Madrid, Comunidad de;B_E. Industrias extractivas, industria manufacturera, suministro de energía eléctrica, gas, vapor y aire acondicionado, suministro de agua, actividades de saneamiento, gestión de residuos y descontaminación;Estructura porcentual;2021(P);9,7
Madrid, Comunidad de;B_E. Industrias extractivas, industria manufacturera, suministro de energía eléctrica, gas, vapor y aire acondicionado, suministro de agua, actividades de saneamiento, gestión de residuos y descontaminación;Estructura porcentual;2020;9,8
Madrid, Comunidad de;B_E. Industrias extractivas, industria manufacturera, suministro de energía eléctrica, gas, vapor y aire acondicionado, suministro de agua, actividades de saneamiento, gestión de residuos y descontaminación;Estructura porcentual;2019;9,3
Madrid, Comunidad de;B_E. Industrias extractivas, industria manufacturera, suministro de energía eléctrica, gas, vapor y aire acondicionado, suministro de agua, actividades de saneamiento, gestión de residuos y descontaminación;Estructura porcentual;2018;9,3
Madrid, Comunidad de;B_E. Industrias extractivas, industria manufacturera, suministro de energía eléctrica, gas, vapor y aire acondicionado, suministro de agua, actividades de saneamiento, gestión de residuos y descontaminación;Estructura porcentual;2017;9,2
Madrid, Comunidad de;B_E. Industrias extractivas, industria manufacturera, suministro de energía eléctrica, gas, vapor y aire acondicionado, suministro de agua, actividades de saneamiento, gestión de residuos y descontaminación;Estructura porcentual;2016;9,3
Madrid, Comunidad de;C. - De las cuales: Industria manufacturera;Valor;2022(A);15.061.350
Madrid, Comunidad de;C. - De las cuales: Industria manufacturera;Valor;2021(P);13.175.614
Madrid, Comunidad de;C. - De las cuales: Industria manufacturera;Valor;2020;12.425.602
Madrid, Comunidad de;C. - De las cuales: Industria manufacturera;Valor;2019;13.307.397
Madrid, Comunidad de;C. - De las cuales: Industria manufacturera;Valor;2018;12.614.085
Madrid, Comunidad de;C. - De las cuales: Industria manufacturera;Valor;2017;12.418.374
Madrid, Comunidad de;C. - De las cuales: Industria manufacturera;Valor;2016;12.283.154
Madrid, Comunidad de;C. - De las cuales: Industria manufacturera;Tasas de variación interanuales;2022(A);14,3
Madrid, Comunidad de;C. - De las cuales: Industria manufacturera;Tasas de variación interanuales;2021(P);6
Madrid, Comunidad de;C. - De las cuales: Industria manufacturera;Tasas de variación interanuales;2020;-6,6
Madrid, Comunidad de;C. - De las cuales: Industria manufacturera;Tasas de variación interanuales;2019;5,5
Madrid, Comunidad de;C. - De las cuales: Industria manufacturera;Tasas de variación interanuales;2018;1,6
Madrid, Comunidad de;C. - De las cuales: Industria manufacturera;Tasas de variación interanuales;2017;1,1
Madrid, Comunidad de;C. - De las cuales: Industria manufacturera;Tasas de variación interanuales;2016;..
Madrid, Comunidad de;C. - De las cuales: Industria manufacturera;Estructura porcentual;2022(A);5,8
Madrid, Comunidad de;C. - De las cuales: Industria manufacturera;Estructura porcentual;2021(P);5,5
Madrid, Comunidad de;C. - De las cuales: Industria manufacturera;Estructura porcentual;2020;5,7
Madrid, Comunidad de;C. - De las cuales: Industria manufacturera;Estructura porcentual;2019;5,5
Madrid, Comunidad de;C. - De las cuales: Industria manufacturera;Estructura porcentual;2018;5,5
Madrid, Comunidad de;C. - De las cuales: Industria manufacturera;Estructura porcentual;2017;5,6
Madrid, Comunidad de;C. - De las cuales: Industria manufacturera;Estructura porcentual;2016;5,8
Madrid, Comunidad de;F. Construcción;Valor;2022(A);10.214.320
Madrid, Comunidad de;F. Construcción;Valor;2021(P);9.638.924
Madrid, Comunidad de;F. Construcción;Valor;2020;9.543.051
Madrid, Comunidad de;F. Construcción;Valor;2019;10.978.541
Madrid, Comunidad de;F. Construcción;Valor;2018;9.952.484
Madrid, Comunidad de;F. Construcción;Valor;2017;9.570.293
Madrid, Comunidad de;F. Construcción;Valor;2016;9.009.764
Madrid, Comunidad de;F. Construcción;Tasas de variación interanuales;2022(A);6
Madrid, Comunidad de;F. Construcción;Tasas de variación interanuales;2021(P);1
Madrid, Comunidad de;F. Construcción;Tasas de variación interanuales;2020;-13,1
Madrid, Comunidad de;F. Construcción;Tasas de variación interanuales;2019;10,3
Madrid, Comunidad de;F. Construcción;Tasas de variación interanuales;2018;4
Madrid, Comunidad de;F. Construcción;Tasas de variación interanuales;2017;6,2
Madrid, Comunidad de;F. Construcción;Tasas de variación interanuales;2016;..
Madrid, Comunidad de;F. Construcción;Estructura porcentual;2022(A);3,9
Madrid, Comunidad de;F. Construcción;Estructura porcentual;2021(P);4,1
Madrid, Comunidad de;F. Construcción;Estructura porcentual;2020;4,4
Madrid, Comunidad de;F. Construcción;Estructura porcentual;2019;4,5
Madrid, Comunidad de;F. Construcción;Estructura porcentual;2018;4,3
Madrid, Comunidad de;F. Construcción;Estructura porcentual;2017;4,3
Madrid, Comunidad de;F. Construcción;Estructura porcentual;2016;4,2
Madrid, Comunidad de;G_I. Comercio al por mayor y al por menor, reparación de vehículos de motor y motocicletas, transporte y almacenamiento, hostelería;Valor;2022(A);57.210.325
Madrid, Comunidad de;G_I. Comercio al por mayor y al por menor, reparación de vehículos de motor y motocicletas, transporte y almacenamiento, hostelería;Valor;2021(P);47.266.462
Madrid, Comunidad de;G_I. Comercio al por mayor y al por menor, reparación de vehículos de motor y motocicletas, transporte y almacenamiento, hostelería;Valor;2020;40.391.118
Madrid, Comunidad de;G_I. Comercio al por mayor y al por menor, reparación de vehículos de motor y motocicletas, transporte y almacenamiento, hostelería;Valor;2019;51.026.288
Madrid, Comunidad de;G_I. Comercio al por mayor y al por menor, reparación de vehículos de motor y motocicletas, transporte y almacenamiento, hostelería;Valor;2018;49.117.506
Madrid, Comunidad de;G_I. Comercio al por mayor y al por menor, reparación de vehículos de motor y motocicletas, transporte y almacenamiento, hostelería;Valor;2017;47.506.290
Madrid, Comunidad de;G_I. Comercio al por mayor y al por menor, reparación de vehículos de motor y motocicletas, transporte y almacenamiento, hostelería;Valor;2016;45.358.447
Madrid, Comunidad de;G_I. Comercio al por mayor y al por menor, reparación de vehículos de motor y motocicletas, transporte y almacenamiento, hostelería;Tasas de variación interanuales;2022(A);21
Madrid, Comunidad de;G_I. Comercio al por mayor y al por menor, reparación de vehículos de motor y motocicletas, transporte y almacenamiento, hostelería;Tasas de variación interanuales;2021(P);17
Madrid, Comunidad de;G_I. Comercio al por mayor y al por menor, reparación de vehículos de motor y motocicletas, transporte y almacenamiento, hostelería;Tasas de variación interanuales;2020;-20,8
Madrid, Comunidad de;G_I. Comercio al por mayor y al por menor, reparación de vehículos de motor y motocicletas, transporte y almacenamiento, hostelería;Tasas de variación interanuales;2019;3,9
Madrid, Comunidad de;G_I. Comercio al por mayor y al por menor, reparación de vehículos de motor y motocicletas, transporte y almacenamiento, hostelería;Tasas de variación interanuales;2018;3,4
Madrid, Comunidad de;G_I. Comercio al por mayor y al por menor, reparación de vehículos de motor y motocicletas, transporte y almacenamiento, hostelería;Tasas de variación interanuales;2017;4,7
Madrid, Comunidad de;G_I. Comercio al por mayor y al por menor, reparación de vehículos de motor y motocicletas, transporte y almacenamiento, hostelería;Tasas de variación interanuales;2016;..
Madrid, Comunidad de;G_I. Comercio al por mayor y al por menor, reparación de vehículos de motor y motocicletas, transporte y almacenamiento, hostelería;Estructura porcentual;2022(A);21,9
Madrid, Comunidad de;G_I. Comercio al por mayor y al por menor, reparación de vehículos de motor y motocicletas, transporte y almacenamiento, hostelería;Estructura porcentual;2021(P);19,9
Madrid, Comunidad de;G_I. Comercio al por mayor y al por menor, reparación de vehículos de motor y motocicletas, transporte y almacenamiento, hostelería;Estructura porcentual;2020;18,4
Madrid, Comunidad de;G_I. Comercio al por mayor y al por menor, reparación de vehículos de motor y motocicletas, transporte y almacenamiento, hostelería;Estructura porcentual;2019;21,1
Madrid, Comunidad de;G_I. Comercio al por mayor y al por menor, reparación de vehículos de motor y motocicletas, transporte y almacenamiento, hostelería;Estructura porcentual;2018;21,2
Madrid, Comunidad de;G_I. Comercio al por mayor y al por menor, reparación de vehículos de motor y motocicletas, transporte y almacenamiento, hostelería;Estructura porcentual;2017;21,3
Madrid, Comunidad de;G_I. Comercio al por mayor y al por menor, reparación de vehículos de motor y motocicletas, transporte y almacenamiento, hostelería;Estructura porcentual;2016;21,4
Madrid, Comunidad de;J. Información y comunicaciones;Valor;2022(A);22.686.362
Madrid, Comunidad de;J. Información y comunicaciones;Valor;2021(P);21.050.125
Madrid, Comunidad de;J. Información y comunicaciones;Valor;2020;19.342.117
Madrid, Comunidad de;J. Información y comunicaciones;Valor;2019;20.973.559
Madrid, Comunidad de;J. Información y comunicaciones;Valor;2018;19.826.235
Madrid, Comunidad de;J. Información y comunicaciones;Valor;2017;19.485.059
Madrid, Comunidad de;J. Información y comunicaciones;Valor;2016;17.937.998
Madrid, Comunidad de;J. Información y comunicaciones;Tasas de variación interanuales;2022(A);7,8
Madrid, Comunidad de;J. Información y comunicaciones;Tasas de variación interanuales;2021(P);8,8
Madrid, Comunidad de;J. Información y comunicaciones;Tasas de variación interanuales;2020;-7,8
Madrid, Comunidad de;J. Información y comunicaciones;Tasas de variación interanuales;2019;5,8
Madrid, Comunidad de;J. Información y comunicaciones;Tasas de variación interanuales;2018;1,8
Madrid, Comunidad de;J. Información y comunicaciones;Tasas de variación interanuales;2017;8,6
Madrid, Comunidad de;J. Información y comunicaciones;Tasas de variación interanuales;2016;..
Madrid, Comunidad de;J. Información y comunicaciones;Estructura porcentual;2022(A);8,7
Madrid, Comunidad de;J. Información y comunicaciones;Estructura porcentual;2021(P);8,9
Madrid, Comunidad de;J. Información y comunicaciones;Estructura porcentual;2020;8,8
Madrid, Comunidad de;J. Información y comunicaciones;Estructura porcentual;2019;8,7
Madrid, Comunidad de;J. Información y comunicaciones;Estructura porcentual;2018;8,6
Madrid, Comunidad de;J. Información y comunicaciones;Estructura porcentual;2017;8,8
Madrid, Comunidad de;J. Información y comunicaciones;Estructura porcentual;2016;8,4
Madrid, Comunidad de;K. Actividades financieras y de seguros;Valor;2022(A);15.014.680
Madrid, Comunidad de;K. Actividades financieras y de seguros;Valor;2021(P);13.474.375
Madrid, Comunidad de;K. Actividades financieras y de seguros;Valor;2020;13.220.503
Madrid, Comunidad de;K. Actividades financieras y de seguros;Valor;2019;12.794.219
Madrid, Comunidad de;K. Actividades financieras y de seguros;Valor;2018;12.909.526
Madrid, Comunidad de;K. Actividades financieras y de seguros;Valor;2017;11.879.403
Madrid, Comunidad de;K. Actividades financieras y de seguros;Valor;2016;11.571.236
Madrid, Comunidad de;K. Actividades financieras y de seguros;Tasas de variación interanuales;2022(A);11,4
Madrid, Comunidad de;K. Actividades financieras y de seguros;Tasas de variación interanuales;2021(P);1,9
Madrid, Comunidad de;K. Actividades financieras y de seguros;Tasas de variación interanuales;2020;3,3
Madrid, Comunidad de;K. Actividades financieras y de seguros;Tasas de variación interanuales;2019;-0,9
Madrid, Comunidad de;K. Actividades financieras y de seguros;Tasas de variación interanuales;2018;8,7
Madrid, Comunidad de;K. Actividades financieras y de seguros;Tasas de variación interanuales;2017;2,7
Madrid, Comunidad de;K. Actividades financieras y de seguros;Tasas de variación interanuales;2016;..
Madrid, Comunidad de;K. Actividades financieras y de seguros;Estructura porcentual;2022(A);5,7
Madrid, Comunidad de;K. Actividades financieras y de seguros;Estructura porcentual;2021(P);5,7
Madrid, Comunidad de;K. Actividades financieras y de seguros;Estructura porcentual;2020;6
Madrid, Comunidad de;K. Actividades financieras y de seguros;Estructura porcentual;2019;5,3
Madrid, Comunidad de;K. Actividades financieras y de seguros;Estructura porcentual;2018;5,6
Madrid, Comunidad de;K. Actividades financieras y de seguros;Estructura porcentual;2017;5,3
Madrid, Comunidad de;K. Actividades financieras y de seguros;Estructura porcentual;2016;5,4
Madrid, Comunidad de;L. Actividades inmobiliarias;Valor;2022(A);23.035.324
Madrid, Comunidad de;L. Actividades inmobiliarias;Valor;2021(P);22.162.047
Madrid, Comunidad de;L. Actividades inmobiliarias;Valor;2020;21.681.603
Madrid, Comunidad de;L. Actividades inmobiliarias;Valor;2019;21.719.846
Madrid, Comunidad de;L. Actividades inmobiliarias;Valor;2018;20.932.112
Madrid, Comunidad de;L. Actividades inmobiliarias;Valor;2017;19.950.153
Madrid, Comunidad de;L. Actividades inmobiliarias;Valor;2016;19.355.492
Madrid, Comunidad de;L. Actividades inmobiliarias;Tasas de variación interanuales;2022(A);3,9
Madrid, Comunidad de;L. Actividades inmobiliarias;Tasas de variación interanuales;2021(P);2,2
Madrid, Comunidad de;L. Actividades inmobiliarias;Tasas de variación interanuales;2020;-0,2
Madrid, Comunidad de;L. Actividades inmobiliarias;Tasas de variación interanuales;2019;3,8
Madrid, Comunidad de;L. Actividades inmobiliarias;Tasas de variación interanuales;2018;4,9
Madrid, Comunidad de;L. Actividades inmobiliarias;Tasas de variación interanuales;2017;3,1
Madrid, Comunidad de;L. Actividades inmobiliarias;Tasas de variación interanuales;2016;..
Madrid, Comunidad de;L. Actividades inmobiliarias;Estructura porcentual;2022(A);8,8
Madrid, Comunidad de;L. Actividades inmobiliarias;Estructura porcentual;2021(P);9,3
Madrid, Comunidad de;L. Actividades inmobiliarias;Estructura porcentual;2020;9,9
Madrid, Comunidad de;L. Actividades inmobiliarias;Estructura porcentual;2019;9
Madrid, Comunidad de;L. Actividades inmobiliarias;Estructura porcentual;2018;9
Madrid, Comunidad de;L. Actividades inmobiliarias;Estructura porcentual;2017;9
Madrid, Comunidad de;L. Actividades inmobiliarias;Estructura porcentual;2016;9,1
Madrid, Comunidad de;M_N. Actividades profesionales, científicas y técnicas, actividades administrativas y servicios auxiliares;Valor;2022(A);35.655.228
Madrid, Comunidad de;M_N. Actividades profesionales, científicas y técnicas, actividades administrativas y servicios auxiliares;Valor;2021(P);33.230.831
Madrid, Comunidad de;M_N. Actividades profesionales, científicas y técnicas, actividades administrativas y servicios auxiliares;Valor;2020;30.407.100
Madrid, Comunidad de;M_N. Actividades profesionales, científicas y técnicas, actividades administrativas y servicios auxiliares;Valor;2019;33.349.938
Madrid, Comunidad de;M_N. Actividades profesionales, científicas y técnicas, actividades administrativas y servicios auxiliares;Valor;2018;31.283.634
Madrid, Comunidad de;M_N. Actividades profesionales, científicas y técnicas, actividades administrativas y servicios auxiliares;Valor;2017;30.048.134
Madrid, Comunidad de;M_N. Actividades profesionales, científicas y técnicas, actividades administrativas y servicios auxiliares;Valor;2016;28.261.376
Madrid, Comunidad de;M_N. Actividades profesionales, científicas y técnicas, actividades administrativas y servicios auxiliares;Tasas de variación interanuales;2022(A);7,3
Madrid, Comunidad de;M_N. Actividades profesionales, científicas y técnicas, actividades administrativas y servicios auxiliares;Tasas de variación interanuales;2021(P);9,3
Madrid, Comunidad de;M_N. Actividades profesionales, científicas y técnicas, actividades administrativas y servicios auxiliares;Tasas de variación interanuales;2020;-8,8
Madrid, Comunidad de;M_N. Actividades profesionales, científicas y técnicas, actividades administrativas y servicios auxiliares;Tasas de variación interanuales;2019;6,6
Madrid, Comunidad de;M_N. Actividades profesionales, científicas y técnicas, actividades administrativas y servicios auxiliares;Tasas de variación interanuales;2018;4,1
Madrid, Comunidad de;M_N. Actividades profesionales, científicas y técnicas, actividades administrativas y servicios auxiliares;Tasas de variación interanuales;2017;6,3
Madrid, Comunidad de;M_N. Actividades profesionales, científicas y técnicas, actividades administrativas y servicios auxiliares;Tasas de variación interanuales;2016;..
Madrid, Comunidad de;M_N. Actividades profesionales, científicas y técnicas, actividades administrativas y servicios auxiliares;Estructura porcentual;2022(A);13,6
Madrid, Comunidad de;M_N. Actividades profesionales, científicas y técnicas, actividades administrativas y servicios auxiliares;Estructura porcentual;2021(P);14
Madrid, Comunidad de;M_N. Actividades profesionales, científicas y técnicas, actividades administrativas y servicios auxiliares;Estructura porcentual;2020;13,9
Madrid, Comunidad de;M_N. Actividades profesionales, científicas y técnicas, actividades administrativas y servicios auxiliares;Estructura porcentual;2019;13,8
Madrid, Comunidad de;M_N. Actividades profesionales, científicas y técnicas, actividades administrativas y servicios auxiliares;Estructura porcentual;2018;13,5
Madrid, Comunidad de;M_N. Actividades profesionales, científicas y técnicas, actividades administrativas y servicios auxiliares;Estructura porcentual;2017;13,5
Madrid, Comunidad de;M_N. Actividades profesionales, científicas y técnicas, actividades administrativas y servicios auxiliares;Estructura porcentual;2016;13,3
Madrid, Comunidad de;O_Q. Administración pública y defensa, seguridad social obligatoria, educación, actividades sanitarias y de servicios sociales;Valor;2022(A);35.302.117
Madrid, Comunidad de;O_Q. Administración pública y defensa, seguridad social obligatoria, educación, actividades sanitarias y de servicios sociales;Valor;2021(P);34.759.937
Madrid, Comunidad de;O_Q. Administración pública y defensa, seguridad social obligatoria, educación, actividades sanitarias y de servicios sociales;Valor;2020;34.018.771
Madrid, Comunidad de;O_Q. Administración pública y defensa, seguridad social obligatoria, educación, actividades sanitarias y de servicios sociales;Valor;2019;33.849.021
Madrid, Comunidad de;O_Q. Administración pública y defensa, seguridad social obligatoria, educación, actividades sanitarias y de servicios sociales;Valor;2018;31.994.754
Madrid, Comunidad de;O_Q. Administración pública y defensa, seguridad social obligatoria, educación, actividades sanitarias y de servicios sociales;Valor;2017;31.293.124
Madrid, Comunidad de;O_Q. Administración pública y defensa, seguridad social obligatoria, educación, actividades sanitarias y de servicios sociales;Valor;2016;30.612.239
Madrid, Comunidad de;O_Q. Administración pública y defensa, seguridad social obligatoria, educación, actividades sanitarias y de servicios sociales;Tasas de variación interanuales;2022(A);1,6
Madrid, Comunidad de;O_Q. Administración pública y defensa, seguridad social obligatoria, educación, actividades sanitarias y de servicios sociales;Tasas de variación interanuales;2021(P);2,2
Madrid, Comunidad de;O_Q. Administración pública y defensa, seguridad social obligatoria, educación, actividades sanitarias y de servicios sociales;Tasas de variación interanuales;2020;0,5
Madrid, Comunidad de;O_Q. Administración pública y defensa, seguridad social obligatoria, educación, actividades sanitarias y de servicios sociales;Tasas de variación interanuales;2019;5,8
Madrid, Comunidad de;O_Q. Administración pública y defensa, seguridad social obligatoria, educación, actividades sanitarias y de servicios sociales;Tasas de variación interanuales;2018;2,2
Madrid, Comunidad de;O_Q. Administración pública y defensa, seguridad social obligatoria, educación, actividades sanitarias y de servicios sociales;Tasas de variación interanuales;2017;2,2
Madrid, Comunidad de;O_Q. Administración pública y defensa, seguridad social obligatoria, educación, actividades sanitarias y de servicios sociales;Tasas de variación interanuales;2016;..
Madrid, Comunidad de;O_Q. Administración pública y defensa, seguridad social obligatoria, educación, actividades sanitarias y de servicios sociales;Estructura porcentual;2022(A);13,5
Madrid, Comunidad de;O_Q. Administración pública y defensa, seguridad social obligatoria, educación, actividades sanitarias y de servicios sociales;Estructura porcentual;2021(P);14,6
Madrid, Comunidad de;O_Q. Administración pública y defensa, seguridad social obligatoria, educación, actividades sanitarias y de servicios sociales;Estructura porcentual;2020;15,5
Madrid, Comunidad de;O_Q. Administración pública y defensa, seguridad social obligatoria, educación, actividades sanitarias y de servicios sociales;Estructura porcentual;2019;14
Madrid, Comunidad de;O_Q. Administración pública y defensa, seguridad social obligatoria, educación, actividades sanitarias y de servicios sociales;Estructura porcentual;2018;13,8
Madrid, Comunidad de;O_Q. Administración pública y defensa, seguridad social obligatoria, educación, actividades sanitarias y de servicios sociales;Estructura porcentual;2017;14,1
Madrid, Comunidad de;O_Q. Administración pública y defensa, seguridad social obligatoria, educación, actividades sanitarias y de servicios sociales;Estructura porcentual;2016;14,4
Madrid, Comunidad de;R_U. Actividades artísticas, recreativas y de entretenimiento, reparación de artículos de uso doméstico y otros servicios;Valor;2022(A);11.592.727
Madrid, Comunidad de;R_U. Actividades artísticas, recreativas y de entretenimiento, reparación de artículos de uso doméstico y otros servicios;Valor;2021(P);10.075.261
Madrid, Comunidad de;R_U. Actividades artísticas, recreativas y de entretenimiento, reparación de artículos de uso doméstico y otros servicios;Valor;2020;9.707.001
Madrid, Comunidad de;R_U. Actividades artísticas, recreativas y de entretenimiento, reparación de artículos de uso doméstico y otros servicios;Valor;2019;12.149.879
Madrid, Comunidad de;R_U. Actividades artísticas, recreativas y de entretenimiento, reparación de artículos de uso doméstico y otros servicios;Valor;2018;11.773.853
Madrid, Comunidad de;R_U. Actividades artísticas, recreativas y de entretenimiento, reparación de artículos de uso doméstico y otros servicios;Valor;2017;11.374.797
Madrid, Comunidad de;R_U. Actividades artísticas, recreativas y de entretenimiento, reparación de artículos de uso doméstico y otros servicios;Valor;2016;10.650.992
Madrid, Comunidad de;R_U. Actividades artísticas, recreativas y de entretenimiento, reparación de artículos de uso doméstico y otros servicios;Tasas de variación interanuales;2022(A);15,1
Madrid, Comunidad de;R_U. Actividades artísticas, recreativas y de entretenimiento, reparación de artículos de uso doméstico y otros servicios;Tasas de variación interanuales;2021(P);3,8
Madrid, Comunidad de;R_U. Actividades artísticas, recreativas y de entretenimiento, reparación de artículos de uso doméstico y otros servicios;Tasas de variación interanuales;2020;-20,1
Madrid, Comunidad de;R_U. Actividades artísticas, recreativas y de entretenimiento, reparación de artículos de uso doméstico y otros servicios;Tasas de variación interanuales;2019;3,2
Madrid, Comunidad de;R_U. Actividades artísticas, recreativas y de entretenimiento, reparación de artículos de uso doméstico y otros servicios;Tasas de variación interanuales;2018;3,5
Madrid, Comunidad de;R_U. Actividades artísticas, recreativas y de entretenimiento, reparación de artículos de uso doméstico y otros servicios;Tasas de variación interanuales;2017;6,8
Madrid, Comunidad de;R_U. Actividades artísticas, recreativas y de entretenimiento, reparación de artículos de uso doméstico y otros servicios;Tasas de variación interanuales;2016;..
Madrid, Comunidad de;R_U. Actividades artísticas, recreativas y de entretenimiento, reparación de artículos de uso doméstico y otros servicios;Estructura porcentual;2022(A);4,4
Madrid, Comunidad de;R_U. Actividades artísticas, recreativas y de entretenimiento, reparación de artículos de uso doméstico y otros servicios;Estructura porcentual;2021(P);4,2
Madrid, Comunidad de;R_U. Actividades artísticas, recreativas y de entretenimiento, reparación de artículos de uso doméstico y otros servicios;Estructura porcentual;2020;4,4
Madrid, Comunidad de;R_U. Actividades artísticas, recreativas y de entretenimiento, reparación de artículos de uso doméstico y otros servicios;Estructura porcentual;2019;5
Madrid, Comunidad de;R_U. Actividades artísticas, recreativas y de entretenimiento, reparación de artículos de uso doméstico y otros servicios;Estructura porcentual;2018;5,1
Madrid, Comunidad de;R_U. Actividades artísticas, recreativas y de entretenimiento, reparación de artículos de uso doméstico y otros servicios;Estructura porcentual;2017;5,1
Madrid, Comunidad de;R_U. Actividades artísticas, recreativas y de entretenimiento, reparación de artículos de uso doméstico y otros servicios;Estructura porcentual;2016;5
Madrid, Comunidad de;Valor añadido bruto total;Valor;2022(A);238.242.290
Madrid, Comunidad de;Valor añadido bruto total;Valor;2021(P);214.911.881
Madrid, Comunidad de;Valor añadido bruto total;Valor;2020;199.863.255
Madrid, Comunidad de;Valor añadido bruto total;Valor;2019;219.566.651
Madrid, Comunidad de;Valor añadido bruto total;Valor;2018;209.424.249
Madrid, Comunidad de;Valor añadido bruto total;Valor;2017;201.757.400
Madrid, Comunidad de;Valor añadido bruto total;Valor;2016;192.704.565
Madrid, Comunidad de;Valor añadido bruto total;Tasas de variación interanuales;2022(A);10,9
Madrid, Comunidad de;Valor añadido bruto total;Tasas de variación interanuales;2021(P);7,5
Madrid, Comunidad de;Valor añadido bruto total;Tasas de variación interanuales;2020;-9
Madrid, Comunidad de;Valor añadido bruto total;Tasas de variación interanuales;2019;4,8
Madrid, Comunidad de;Valor añadido bruto total;Tasas de variación interanuales;2018;3,8
Madrid, Comunidad de;Valor añadido bruto total;Tasas de variación interanuales;2017;4,7
Madrid, Comunidad de;Valor añadido bruto total;Tasas de variación interanuales;2016;..
Madrid, Comunidad de;Valor añadido bruto total;Estructura porcentual;2022(A);91
Madrid, Comunidad de;Valor añadido bruto total;Estructura porcentual;2021(P);90,5
Madrid, Comunidad de;Valor añadido bruto total;Estructura porcentual;2020;91,2
Madrid, Comunidad de;Valor añadido bruto total;Estructura porcentual;2019;90,7
Madrid, Comunidad de;Valor añadido bruto total;Estructura porcentual;2018;90,5
Madrid, Comunidad de;Valor añadido bruto total;Estructura porcentual;2017;90,7
Madrid, Comunidad de;Valor añadido bruto total;Estructura porcentual;2016;90,7
Madrid, Comunidad de;Impuestos netos sobre los productos;Valor;2022(A);23.470.800
Madrid, Comunidad de;Impuestos netos sobre los productos;Valor;2021(P);22.628.411
Madrid, Comunidad de;Impuestos netos sobre los productos;Valor;2020;19.167.249
Madrid, Comunidad de;Impuestos netos sobre los productos;Valor;2019;22.526.584
Madrid, Comunidad de;Impuestos netos sobre los productos;Valor;2018;21.999.140
Madrid, Comunidad de;Impuestos netos sobre los productos;Valor;2017;20.808.793
Madrid, Comunidad de;Impuestos netos sobre los productos;Valor;2016;19.656.373
Madrid, Comunidad de;Impuestos netos sobre los productos;Tasas de variación interanuales;2022(A);3,7
Madrid, Comunidad de;Impuestos netos sobre los productos;Tasas de variación interanuales;2021(P);18,1
Madrid, Comunidad de;Impuestos netos sobre los productos;Tasas de variación interanuales;2020;-14,9
Madrid, Comunidad de;Impuestos netos sobre los productos;Tasas de variación interanuales;2019;2,4
Madrid, Comunidad de;Impuestos netos sobre los productos;Tasas de variación interanuales;2018;5,7
Madrid, Comunidad de;Impuestos netos sobre los productos;Tasas de variación interanuales;2017;5,9
Madrid, Comunidad de;Impuestos netos sobre los productos;Tasas de variación interanuales;2016;..
Madrid, Comunidad de;Impuestos netos sobre los productos;Estructura porcentual;2022(A);9
Madrid, Comunidad de;Impuestos netos sobre los productos;Estructura porcentual;2021(P);9,5
Madrid, Comunidad de;Impuestos netos sobre los productos;Estructura porcentual;2020;8,8
Madrid, Comunidad de;Impuestos netos sobre los productos;Estructura porcentual;2019;9,3
Madrid, Comunidad de;Impuestos netos sobre los productos;Estructura porcentual;2018;9,5
Madrid, Comunidad de;Impuestos netos sobre los productos;Estructura porcentual;2017;9,3
Madrid, Comunidad de;Impuestos netos sobre los productos;Estructura porcentual;2016;9,3
Madrid, Comunidad de;PRODUCTO INTERIOR BRUTO A PRECIOS DE MERCADO;Valor;2022(A);261.713.090
Madrid, Comunidad de;PRODUCTO INTERIOR BRUTO A PRECIOS DE MERCADO;Valor;2021(P);237.540.292
Madrid, Comunidad de;PRODUCTO INTERIOR BRUTO A PRECIOS DE MERCADO;Valor;2020;219.030.504
Madrid, Comunidad de;PRODUCTO INTERIOR BRUTO A PRECIOS DE MERCADO;Valor;2019;242.093.235
Madrid, Comunidad de;PRODUCTO INTERIOR BRUTO A PRECIOS DE MERCADO;Valor;2018;231.423.389
Madrid, Comunidad de;PRODUCTO INTERIOR BRUTO A PRECIOS DE MERCADO;Valor;2017;222.566.193
Madrid, Comunidad de;PRODUCTO INTERIOR BRUTO A PRECIOS DE MERCADO;Valor;2016;212.360.938
Madrid, Comunidad de;PRODUCTO INTERIOR BRUTO A PRECIOS DE MERCADO;Tasas de variación interanuales;2022(A);10,2
Madrid, Comunidad de;PRODUCTO INTERIOR BRUTO A PRECIOS DE MERCADO;Tasas de variación interanuales;2021(P);8,5
Madrid, Comunidad de;PRODUCTO INTERIOR BRUTO A PRECIOS DE MERCADO;Tasas de variación interanuales;2020;-9,5
Madrid, Comunidad de;PRODUCTO INTERIOR BRUTO A PRECIOS DE MERCADO;Tasas de variación interanuales;2019;4,6
Madrid, Comunidad de;PRODUCTO INTERIOR BRUTO A PRECIOS DE MERCADO;Tasas de variación interanuales;2018;4
Madrid, Comunidad de;PRODUCTO INTERIOR BRUTO A PRECIOS DE MERCADO;Tasas de variación interanuales;2017;4,8
Madrid, Comunidad de;PRODUCTO INTERIOR BRUTO A PRECIOS DE MERCADO;Tasas de variación interanuales;2016;..
Madrid, Comunidad de;PRODUCTO INTERIOR BRUTO A PRECIOS DE MERCADO;Estructura porcentual;2022(A);100
Madrid, Comunidad de;PRODUCTO INTERIOR BRUTO A PRECIOS DE MERCADO;Estructura porcentual;2021(P);100
Madrid, Comunidad de;PRODUCTO INTERIOR BRUTO A PRECIOS DE MERCADO;Estructura porcentual;2020;100
Madrid, Comunidad de;PRODUCTO INTERIOR BRUTO A PRECIOS DE MERCADO;Estructura porcentual;2019;100
Madrid, Comunidad de;PRODUCTO INTERIOR BRUTO A PRECIOS DE MERCADO;Estructura porcentual;2018;100
Madrid, Comunidad de;PRODUCTO INTERIOR BRUTO A PRECIOS DE MERCADO;Estructura porcentual;2017;100
Madrid, Comunidad de;PRODUCTO INTERIOR BRUTO A PRECIOS DE MERCADO;Estructura porcentual;2016;100
Murcia, Región de;PRODUCTO INTERIOR BRUTO A PRECIOS DE MERCADO;Valor;2022(A);35.809.533
Murcia, Región de;PRODUCTO INTERIOR BRUTO A PRECIOS DE MERCADO;Valor;2021(P);32.719.230
Murcia, Región de;PRODUCTO INTERIOR BRUTO A PRECIOS DE MERCADO;Valor;2020;29.775.480
Murcia, Región de;PRODUCTO INTERIOR BRUTO A PRECIOS DE MERCADO;Valor;2019;32.319.250
Murcia, Región de;PRODUCTO INTERIOR BRUTO A PRECIOS DE MERCADO;Valor;2018;31.094.181
Murcia, Región de;PRODUCTO INTERIOR BRUTO A PRECIOS DE MERCADO;Valor;2017;30.540.937
Murcia, Región de;PRODUCTO INTERIOR BRUTO A PRECIOS DE MERCADO;Valor;2016;29.366.951
Murcia, Región de;PRODUCTO INTERIOR BRUTO A PRECIOS DE MERCADO;Tasas de variación interanuales;2022(A);9,4
Murcia, Región de;PRODUCTO INTERIOR BRUTO A PRECIOS DE MERCADO;Tasas de variación interanuales;2021(P);9,9
Murcia, Región de;PRODUCTO INTERIOR BRUTO A PRECIOS DE MERCADO;Tasas de variación interanuales;2020;-7,9
Murcia, Región de;PRODUCTO INTERIOR BRUTO A PRECIOS DE MERCADO;Tasas de variación interanuales;2019;3,9
Murcia, Región de;PRODUCTO INTERIOR BRUTO A PRECIOS DE MERCADO;Tasas de variación interanuales;2018;1,8
Murcia, Región de;PRODUCTO INTERIOR BRUTO A PRECIOS DE MERCADO;Tasas de variación interanuales;2017;4
Murcia, Región de;PRODUCTO INTERIOR BRUTO A PRECIOS DE MERCADO;Tasas de variación interanuales;2016;..
Murcia, Región de;PRODUCTO INTERIOR BRUTO A PRECIOS DE MERCADO;Estructura porcentual;2022(A);100
Murcia, Región de;PRODUCTO INTERIOR BRUTO A PRECIOS DE MERCADO;Estructura porcentual;2021(P);100
Murcia, Región de;PRODUCTO INTERIOR BRUTO A PRECIOS DE MERCADO;Estructura porcentual;2020;100
Murcia, Región de;PRODUCTO INTERIOR BRUTO A PRECIOS DE MERCADO;Estructura porcentual;2019;100
Murcia, Región de;PRODUCTO INTERIOR BRUTO A PRECIOS DE MERCADO;Estructura porcentual;2018;100
Murcia, Región de;PRODUCTO INTERIOR BRUTO A PRECIOS DE MERCADO;Estructura porcentual;2017;100
Murcia, Región de;PRODUCTO INTERIOR BRUTO A PRECIOS DE MERCADO;Estructura porcentual;2016;100
Murcia, Región de;A. Agricultura, ganadería, silvicultura y pesca;Valor;2022(A);1.484.385
Murcia, Región de;A. Agricultura, ganadería, silvicultura y pesca;Valor;2021(P);1.555.680
Murcia, Región de;A. Agricultura, ganadería, silvicultura y pesca;Valor;2020;1.519.277
Murcia, Región de;A. Agricultura, ganadería, silvicultura y pesca;Valor;2019;1.617.920
Murcia, Región de;A. Agricultura, ganadería, silvicultura y pesca;Valor;2018;1.540.231
Murcia, Región de;A. Agricultura, ganadería, silvicultura y pesca;Valor;2017;1.629.685
Murcia, Región de;A. Agricultura, ganadería, silvicultura y pesca;Valor;2016;1.619.930
Murcia, Región de;A. Agricultura, ganadería, silvicultura y pesca;Tasas de variación interanuales;2022(A);-4,6
Murcia, Región de;A. Agricultura, ganadería, silvicultura y pesca;Tasas de variación interanuales;2021(P);2,4
Murcia, Región de;A. Agricultura, ganadería, silvicultura y pesca;Tasas de variación interanuales;2020;-6,1
Murcia, Región de;A. Agricultura, ganadería, silvicultura y pesca;Tasas de variación interanuales;2019;5
Murcia, Región de;A. Agricultura, ganadería, silvicultura y pesca;Tasas de variación interanuales;2018;-5,5
Murcia, Región de;A. Agricultura, ganadería, silvicultura y pesca;Tasas de variación interanuales;2017;0,6
Murcia, Región de;A. Agricultura, ganadería, silvicultura y pesca;Tasas de variación interanuales;2016;..
Murcia, Región de;A. Agricultura, ganadería, silvicultura y pesca;Estructura porcentual;2022(A);4,1
Murcia, Región de;A. Agricultura, ganadería, silvicultura y pesca;Estructura porcentual;2021(P);4,8
Murcia, Región de;A. Agricultura, ganadería, silvicultura y pesca;Estructura porcentual;2020;5,1
Murcia, Región de;A. Agricultura, ganadería, silvicultura y pesca;Estructura porcentual;2019;5
Murcia, Región de;A. Agricultura, ganadería, silvicultura y pesca;Estructura porcentual;2018;5
Murcia, Región de;A. Agricultura, ganadería, silvicultura y pesca;Estructura porcentual;2017;5,3
Murcia, Región de;A. Agricultura, ganadería, silvicultura y pesca;Estructura porcentual;2016;5,5
Murcia, Región de;B_E. Industrias extractivas, industria manufacturera, suministro de energía eléctrica, gas, vapor y aire acondicionado, suministro de agua, actividades de saneamiento, gestión de residuos y descontaminación;Valor;2022(A);6.737.299
Murcia, Región de;B_E. Industrias extractivas, industria manufacturera, suministro de energía eléctrica, gas, vapor y aire acondicionado, suministro de agua, actividades de saneamiento, gestión de residuos y descontaminación;Valor;2021(P);5.608.933
Murcia, Región de;B_E. Industrias extractivas, industria manufacturera, suministro de energía eléctrica, gas, vapor y aire acondicionado, suministro de agua, actividades de saneamiento, gestión de residuos y descontaminación;Valor;2020;4.816.771
Murcia, Región de;B_E. Industrias extractivas, industria manufacturera, suministro de energía eléctrica, gas, vapor y aire acondicionado, suministro de agua, actividades de saneamiento, gestión de residuos y descontaminación;Valor;2019;5.306.154
Murcia, Región de;B_E. Industrias extractivas, industria manufacturera, suministro de energía eléctrica, gas, vapor y aire acondicionado, suministro de agua, actividades de saneamiento, gestión de residuos y descontaminación;Valor;2018;5.105.053
Murcia, Región de;B_E. Industrias extractivas, industria manufacturera, suministro de energía eléctrica, gas, vapor y aire acondicionado, suministro de agua, actividades de saneamiento, gestión de residuos y descontaminación;Valor;2017;5.195.295
Murcia, Región de;B_E. Industrias extractivas, industria manufacturera, suministro de energía eléctrica, gas, vapor y aire acondicionado, suministro de agua, actividades de saneamiento, gestión de residuos y descontaminación;Valor;2016;4.990.286
Murcia, Región de;B_E. Industrias extractivas, industria manufacturera, suministro de energía eléctrica, gas, vapor y aire acondicionado, suministro de agua, actividades de saneamiento, gestión de residuos y descontaminación;Tasas de variación interanuales;2022(A);20,1
Murcia, Región de;B_E. Industrias extractivas, industria manufacturera, suministro de energía eléctrica, gas, vapor y aire acondicionado, suministro de agua, actividades de saneamiento, gestión de residuos y descontaminación;Tasas de variación interanuales;2021(P);16,4
Murcia, Región de;B_E. Industrias extractivas, industria manufacturera, suministro de energía eléctrica, gas, vapor y aire acondicionado, suministro de agua, actividades de saneamiento, gestión de residuos y descontaminación;Tasas de variación interanuales;2020;-9,2
Murcia, Región de;B_E. Industrias extractivas, industria manufacturera, suministro de energía eléctrica, gas, vapor y aire acondicionado, suministro de agua, actividades de saneamiento, gestión de residuos y descontaminación;Tasas de variación interanuales;2019;3,9
Murcia, Región de;B_E. Industrias extractivas, industria manufacturera, suministro de energía eléctrica, gas, vapor y aire acondicionado, suministro de agua, actividades de saneamiento, gestión de residuos y descontaminación;Tasas de variación interanuales;2018;-1,7
Murcia, Región de;B_E. Industrias extractivas, industria manufacturera, suministro de energía eléctrica, gas, vapor y aire acondicionado, suministro de agua, actividades de saneamiento, gestión de residuos y descontaminación;Tasas de variación interanuales;2017;4,1
Murcia, Región de;B_E. Industrias extractivas, industria manufacturera, suministro de energía eléctrica, gas, vapor y aire acondicionado, suministro de agua, actividades de saneamiento, gestión de residuos y descontaminación;Tasas de variación interanuales;2016;..
Murcia, Región de;B_E. Industrias extractivas, industria manufacturera, suministro de energía eléctrica, gas, vapor y aire acondicionado, suministro de agua, actividades de saneamiento, gestión de residuos y descontaminación;Estructura porcentual;2022(A);18,8
Murcia, Región de;B_E. Industrias extractivas, industria manufacturera, suministro de energía eléctrica, gas, vapor y aire acondicionado, suministro de agua, actividades de saneamiento, gestión de residuos y descontaminación;Estructura porcentual;2021(P);17,1
Murcia, Región de;B_E. Industrias extractivas, industria manufacturera, suministro de energía eléctrica, gas, vapor y aire acondicionado, suministro de agua, actividades de saneamiento, gestión de residuos y descontaminación;Estructura porcentual;2020;16,2
Murcia, Región de;B_E. Industrias extractivas, industria manufacturera, suministro de energía eléctrica, gas, vapor y aire acondicionado, suministro de agua, actividades de saneamiento, gestión de residuos y descontaminación;Estructura porcentual;2019;16,4
Murcia, Región de;B_E. Industrias extractivas, industria manufacturera, suministro de energía eléctrica, gas, vapor y aire acondicionado, suministro de agua, actividades de saneamiento, gestión de residuos y descontaminación;Estructura porcentual;2018;16,4
Murcia, Región de;B_E. Industrias extractivas, industria manufacturera, suministro de energía eléctrica, gas, vapor y aire acondicionado, suministro de agua, actividades de saneamiento, gestión de residuos y descontaminación;Estructura porcentual;2017;17
Murcia, Región de;B_E. Industrias extractivas, industria manufacturera, suministro de energía eléctrica, gas, vapor y aire acondicionado, suministro de agua, actividades de saneamiento, gestión de residuos y descontaminación;Estructura porcentual;2016;17
Murcia, Región de;C. - De las cuales: Industria manufacturera;Valor;2022(A);4.920.045
Murcia, Región de;C. - De las cuales: Industria manufacturera;Valor;2021(P);4.275.150
Murcia, Región de;C. - De las cuales: Industria manufacturera;Valor;2020;3.660.672
Murcia, Región de;C. - De las cuales: Industria manufacturera;Valor;2019;4.075.736
Murcia, Región de;C. - De las cuales: Industria manufacturera;Valor;2018;3.910.015
Murcia, Región de;C. - De las cuales: Industria manufacturera;Valor;2017;4.064.110
Murcia, Región de;C. - De las cuales: Industria manufacturera;Valor;2016;3.906.810
Murcia, Región de;C. - De las cuales: Industria manufacturera;Tasas de variación interanuales;2022(A);15,1
Murcia, Región de;C. - De las cuales: Industria manufacturera;Tasas de variación interanuales;2021(P);16,8
Murcia, Región de;C. - De las cuales: Industria manufacturera;Tasas de variación interanuales;2020;-10,2
Murcia, Región de;C. - De las cuales: Industria manufacturera;Tasas de variación interanuales;2019;4,2
Murcia, Región de;C. - De las cuales: Industria manufacturera;Tasas de variación interanuales;2018;-3,8
Murcia, Región de;C. - De las cuales: Industria manufacturera;Tasas de variación interanuales;2017;4
Murcia, Región de;C. - De las cuales: Industria manufacturera;Tasas de variación interanuales;2016;..
Murcia, Región de;C. - De las cuales: Industria manufacturera;Estructura porcentual;2022(A);13,7
Murcia, Región de;C. - De las cuales: Industria manufacturera;Estructura porcentual;2021(P);13,1
Murcia, Región de;C. - De las cuales: Industria manufacturera;Estructura porcentual;2020;12,3
Murcia, Región de;C. - De las cuales: Industria manufacturera;Estructura porcentual;2019;12,6
Murcia, Región de;C. - De las cuales: Industria manufacturera;Estructura porcentual;2018;12,6
Murcia, Región de;C. - De las cuales: Industria manufacturera;Estructura porcentual;2017;13,3
Murcia, Región de;C. - De las cuales: Industria manufacturera;Estructura porcentual;2016;13,3
Murcia, Región de;F. Construcción;Valor;2022(A);1.749.139
Murcia, Región de;F. Construcción;Valor;2021(P);1.705.143
Murcia, Región de;F. Construcción;Valor;2020;1.632.555
Murcia, Región de;F. Construcción;Valor;2019;1.909.159
Murcia, Región de;F. Construcción;Valor;2018;1.723.682
Murcia, Región de;F. Construcción;Valor;2017;1.644.819
Murcia, Región de;F. Construcción;Valor;2016;1.576.588
Murcia, Región de;F. Construcción;Tasas de variación interanuales;2022(A);2,6
Murcia, Región de;F. Construcción;Tasas de variación interanuales;2021(P);4,4
Murcia, Región de;F. Construcción;Tasas de variación interanuales;2020;-14,5
Murcia, Región de;F. Construcción;Tasas de variación interanuales;2019;10,8
Murcia, Región de;F. Construcción;Tasas de variación interanuales;2018;4,8
Murcia, Región de;F. Construcción;Tasas de variación interanuales;2017;4,3
Murcia, Región de;F. Construcción;Tasas de variación interanuales;2016;..
Murcia, Región de;F. Construcción;Estructura porcentual;2022(A);4,9
Murcia, Región de;F. Construcción;Estructura porcentual;2021(P);5,2
Murcia, Región de;F. Construcción;Estructura porcentual;2020;5,5
Murcia, Región de;F. Construcción;Estructura porcentual;2019;5,9
Murcia, Región de;F. Construcción;Estructura porcentual;2018;5,5
Murcia, Región de;F. Construcción;Estructura porcentual;2017;5,4
Murcia, Región de;F. Construcción;Estructura porcentual;2016;5,4
Murcia, Región de;G_I. Comercio al por mayor y al por menor, reparación de vehículos de motor y motocicletas, transporte y almacenamiento, hostelería;Valor;2022(A);8.185.662
Murcia, Región de;G_I. Comercio al por mayor y al por menor, reparación de vehículos de motor y motocicletas, transporte y almacenamiento, hostelería;Valor;2021(P);7.046.735
Murcia, Región de;G_I. Comercio al por mayor y al por menor, reparación de vehículos de motor y motocicletas, transporte y almacenamiento, hostelería;Valor;2020;6.162.131
Murcia, Región de;G_I. Comercio al por mayor y al por menor, reparación de vehículos de motor y motocicletas, transporte y almacenamiento, hostelería;Valor;2019;7.188.958
Murcia, Región de;G_I. Comercio al por mayor y al por menor, reparación de vehículos de motor y motocicletas, transporte y almacenamiento, hostelería;Valor;2018;6.863.543
Murcia, Región de;G_I. Comercio al por mayor y al por menor, reparación de vehículos de motor y motocicletas, transporte y almacenamiento, hostelería;Valor;2017;6.698.467
Murcia, Región de;G_I. Comercio al por mayor y al por menor, reparación de vehículos de motor y motocicletas, transporte y almacenamiento, hostelería;Valor;2016;6.393.235
Murcia, Región de;G_I. Comercio al por mayor y al por menor, reparación de vehículos de motor y motocicletas, transporte y almacenamiento, hostelería;Tasas de variación interanuales;2022(A);16,2
Murcia, Región de;G_I. Comercio al por mayor y al por menor, reparación de vehículos de motor y motocicletas, transporte y almacenamiento, hostelería;Tasas de variación interanuales;2021(P);14,4
Murcia, Región de;G_I. Comercio al por mayor y al por menor, reparación de vehículos de motor y motocicletas, transporte y almacenamiento, hostelería;Tasas de variación interanuales;2020;-14,3
Murcia, Región de;G_I. Comercio al por mayor y al por menor, reparación de vehículos de motor y motocicletas, transporte y almacenamiento, hostelería;Tasas de variación interanuales;2019;4,7
Murcia, Región de;G_I. Comercio al por mayor y al por menor, reparación de vehículos de motor y motocicletas, transporte y almacenamiento, hostelería;Tasas de variación interanuales;2018;2,5
Murcia, Región de;G_I. Comercio al por mayor y al por menor, reparación de vehículos de motor y motocicletas, transporte y almacenamiento, hostelería;Tasas de variación interanuales;2017;4,8
Murcia, Región de;G_I. Comercio al por mayor y al por menor, reparación de vehículos de motor y motocicletas, transporte y almacenamiento, hostelería;Tasas de variación interanuales;2016;..
Murcia, Región de;G_I. Comercio al por mayor y al por menor, reparación de vehículos de motor y motocicletas, transporte y almacenamiento, hostelería;Estructura porcentual;2022(A);22,9
Murcia, Región de;G_I. Comercio al por mayor y al por menor, reparación de vehículos de motor y motocicletas, transporte y almacenamiento, hostelería;Estructura porcentual;2021(P);21,5
Murcia, Región de;G_I. Comercio al por mayor y al por menor, reparación de vehículos de motor y motocicletas, transporte y almacenamiento, hostelería;Estructura porcentual;2020;20,7
Murcia, Región de;G_I. Comercio al por mayor y al por menor, reparación de vehículos de motor y motocicletas, transporte y almacenamiento, hostelería;Estructura porcentual;2019;22,2
Murcia, Región de;G_I. Comercio al por mayor y al por menor, reparación de vehículos de motor y motocicletas, transporte y almacenamiento, hostelería;Estructura porcentual;2018;22,1
Murcia, Región de;G_I. Comercio al por mayor y al por menor, reparación de vehículos de motor y motocicletas, transporte y almacenamiento, hostelería;Estructura porcentual;2017;21,9
Murcia, Región de;G_I. Comercio al por mayor y al por menor, reparación de vehículos de motor y motocicletas, transporte y almacenamiento, hostelería;Estructura porcentual;2016;21,8
Murcia, Región de;J. Información y comunicaciones;Valor;2022(A);502.266
Murcia, Región de;J. Información y comunicaciones;Valor;2021(P);469.916
Murcia, Región de;J. Información y comunicaciones;Valor;2020;428.408
Murcia, Región de;J. Información y comunicaciones;Valor;2019;429.821
Murcia, Región de;J. Información y comunicaciones;Valor;2018;398.807
Murcia, Región de;J. Información y comunicaciones;Valor;2017;406.336
Murcia, Región de;J. Información y comunicaciones;Valor;2016;386.875
Murcia, Región de;J. Información y comunicaciones;Tasas de variación interanuales;2022(A);6,9
Murcia, Región de;J. Información y comunicaciones;Tasas de variación interanuales;2021(P);9,7
Murcia, Región de;J. Información y comunicaciones;Tasas de variación interanuales;2020;-0,3
Murcia, Región de;J. Información y comunicaciones;Tasas de variación interanuales;2019;7,8
Murcia, Región de;J. Información y comunicaciones;Tasas de variación interanuales;2018;-1,9
Murcia, Región de;J. Información y comunicaciones;Tasas de variación interanuales;2017;5
Murcia, Región de;J. Información y comunicaciones;Tasas de variación interanuales;2016;..
Murcia, Región de;J. Información y comunicaciones;Estructura porcentual;2022(A);1,4
Murcia, Región de;J. Información y comunicaciones;Estructura porcentual;2021(P);1,4
Murcia, Región de;J. Información y comunicaciones;Estructura porcentual;2020;1,4
Murcia, Región de;J. Información y comunicaciones;Estructura porcentual;2019;1,3
Murcia, Región de;J. Información y comunicaciones;Estructura porcentual;2018;1,3
Murcia, Región de;J. Información y comunicaciones;Estructura porcentual;2017;1,3
Murcia, Región de;J. Información y comunicaciones;Estructura porcentual;2016;1,3
Murcia, Región de;K. Actividades financieras y de seguros;Valor;2022(A);1.111.801
Murcia, Región de;K. Actividades financieras y de seguros;Valor;2021(P);987.532
Murcia, Región de;K. Actividades financieras y de seguros;Valor;2020;979.883
Murcia, Región de;K. Actividades financieras y de seguros;Valor;2019;931.027
Murcia, Región de;K. Actividades financieras y de seguros;Valor;2018;942.676
Murcia, Región de;K. Actividades financieras y de seguros;Valor;2017;856.967
Murcia, Región de;K. Actividades financieras y de seguros;Valor;2016;820.120
Murcia, Región de;K. Actividades financieras y de seguros;Tasas de variación interanuales;2022(A);12,6
Murcia, Región de;K. Actividades financieras y de seguros;Tasas de variación interanuales;2021(P);0,8
Murcia, Región de;K. Actividades financieras y de seguros;Tasas de variación interanuales;2020;5,2
Murcia, Región de;K. Actividades financieras y de seguros;Tasas de variación interanuales;2019;-1,2
Murcia, Región de;K. Actividades financieras y de seguros;Tasas de variación interanuales;2018;10
Murcia, Región de;K. Actividades financieras y de seguros;Tasas de variación interanuales;2017;4,5
Murcia, Región de;K. Actividades financieras y de seguros;Tasas de variación interanuales;2016;..
Murcia, Región de;K. Actividades financieras y de seguros;Estructura porcentual;2022(A);3,1
Murcia, Región de;K. Actividades financieras y de seguros;Estructura porcentual;2021(P);3
Murcia, Región de;K. Actividades financieras y de seguros;Estructura porcentual;2020;3,3
Murcia, Región de;K. Actividades financieras y de seguros;Estructura porcentual;2019;2,9
Murcia, Región de;K. Actividades financieras y de seguros;Estructura porcentual;2018;3
Murcia, Región de;K. Actividades financieras y de seguros;Estructura porcentual;2017;2,8
Murcia, Región de;K. Actividades financieras y de seguros;Estructura porcentual;2016;2,8
Murcia, Región de;L. Actividades inmobiliarias;Valor;2022(A);3.315.883
Murcia, Región de;L. Actividades inmobiliarias;Valor;2021(P);3.183.120
Murcia, Región de;L. Actividades inmobiliarias;Valor;2020;3.101.451
Murcia, Región de;L. Actividades inmobiliarias;Valor;2019;3.074.501
Murcia, Región de;L. Actividades inmobiliarias;Valor;2018;2.990.154
Murcia, Región de;L. Actividades inmobiliarias;Valor;2017;2.883.887
Murcia, Región de;L. Actividades inmobiliarias;Valor;2016;2.833.240
Murcia, Región de;L. Actividades inmobiliarias;Tasas de variación interanuales;2022(A);4,2
Murcia, Región de;L. Actividades inmobiliarias;Tasas de variación interanuales;2021(P);2,6
Murcia, Región de;L. Actividades inmobiliarias;Tasas de variación interanuales;2020;0,9
Murcia, Región de;L. Actividades inmobiliarias;Tasas de variación interanuales;2019;2,8
Murcia, Región de;L. Actividades inmobiliarias;Tasas de variación interanuales;2018;3,7
Murcia, Región de;L. Actividades inmobiliarias;Tasas de variación interanuales;2017;1,8
Murcia, Región de;L. Actividades inmobiliarias;Tasas de variación interanuales;2016;..
Murcia, Región de;L. Actividades inmobiliarias;Estructura porcentual;2022(A);9,3
Murcia, Región de;L. Actividades inmobiliarias;Estructura porcentual;2021(P);9,7
Murcia, Región de;L. Actividades inmobiliarias;Estructura porcentual;2020;10,4
Murcia, Región de;L. Actividades inmobiliarias;Estructura porcentual;2019;9,5
Murcia, Región de;L. Actividades inmobiliarias;Estructura porcentual;2018;9,6
Murcia, Región de;L. Actividades inmobiliarias;Estructura porcentual;2017;9,4
Murcia, Región de;L. Actividades inmobiliarias;Estructura porcentual;2016;9,6
Murcia, Región de;M_N. Actividades profesionales, científicas y técnicas, actividades administrativas y servicios auxiliares;Valor;2022(A);2.190.173
Murcia, Región de;M_N. Actividades profesionales, científicas y técnicas, actividades administrativas y servicios auxiliares;Valor;2021(P);2.044.913
Murcia, Región de;M_N. Actividades profesionales, científicas y técnicas, actividades administrativas y servicios auxiliares;Valor;2020;1.805.809
Murcia, Región de;M_N. Actividades profesionales, científicas y técnicas, actividades administrativas y servicios auxiliares;Valor;2019;1.909.238
Murcia, Región de;M_N. Actividades profesionales, científicas y técnicas, actividades administrativas y servicios auxiliares;Valor;2018;1.755.632
Murcia, Región de;M_N. Actividades profesionales, científicas y técnicas, actividades administrativas y servicios auxiliares;Valor;2017;1.714.089
Murcia, Región de;M_N. Actividades profesionales, científicas y técnicas, actividades administrativas y servicios auxiliares;Valor;2016;1.606.138
Murcia, Región de;M_N. Actividades profesionales, científicas y técnicas, actividades administrativas y servicios auxiliares;Tasas de variación interanuales;2022(A);7,1
Murcia, Región de;M_N. Actividades profesionales, científicas y técnicas, actividades administrativas y servicios auxiliares;Tasas de variación interanuales;2021(P);13,2
Murcia, Región de;M_N. Actividades profesionales, científicas y técnicas, actividades administrativas y servicios auxiliares;Tasas de variación interanuales;2020;-5,4
Murcia, Región de;M_N. Actividades profesionales, científicas y técnicas, actividades administrativas y servicios auxiliares;Tasas de variación interanuales;2019;8,7
Murcia, Región de;M_N. Actividades profesionales, científicas y técnicas, actividades administrativas y servicios auxiliares;Tasas de variación interanuales;2018;2,4
Murcia, Región de;M_N. Actividades profesionales, científicas y técnicas, actividades administrativas y servicios auxiliares;Tasas de variación interanuales;2017;6,7
Murcia, Región de;M_N. Actividades profesionales, científicas y técnicas, actividades administrativas y servicios auxiliares;Tasas de variación interanuales;2016;..
Murcia, Región de;M_N. Actividades profesionales, científicas y técnicas, actividades administrativas y servicios auxiliares;Estructura porcentual;2022(A);6,1
Murcia, Región de;M_N. Actividades profesionales, científicas y técnicas, actividades administrativas y servicios auxiliares;Estructura porcentual;2021(P);6,2
Murcia, Región de;M_N. Actividades profesionales, científicas y técnicas, actividades administrativas y servicios auxiliares;Estructura porcentual;2020;6,1
Murcia, Región de;M_N. Actividades profesionales, científicas y técnicas, actividades administrativas y servicios auxiliares;Estructura porcentual;2019;5,9
Murcia, Región de;M_N. Actividades profesionales, científicas y técnicas, actividades administrativas y servicios auxiliares;Estructura porcentual;2018;5,6
Murcia, Región de;M_N. Actividades profesionales, científicas y técnicas, actividades administrativas y servicios auxiliares;Estructura porcentual;2017;5,6
Murcia, Región de;M_N. Actividades profesionales, científicas y técnicas, actividades administrativas y servicios auxiliares;Estructura porcentual;2016;5,5
Murcia, Región de;O_Q. Administración pública y defensa, seguridad social obligatoria, educación, actividades sanitarias y de servicios sociales;Valor;2022(A);6.129.622
Murcia, Región de;O_Q. Administración pública y defensa, seguridad social obligatoria, educación, actividades sanitarias y de servicios sociales;Valor;2021(P);5.961.719
Murcia, Región de;O_Q. Administración pública y defensa, seguridad social obligatoria, educación, actividades sanitarias y de servicios sociales;Valor;2020;5.696.285
Murcia, Región de;O_Q. Administración pública y defensa, seguridad social obligatoria, educación, actividades sanitarias y de servicios sociales;Valor;2019;5.636.450
Murcia, Región de;O_Q. Administración pública y defensa, seguridad social obligatoria, educación, actividades sanitarias y de servicios sociales;Valor;2018;5.539.368
Murcia, Región de;O_Q. Administración pública y defensa, seguridad social obligatoria, educación, actividades sanitarias y de servicios sociales;Valor;2017;5.438.151
Murcia, Región de;O_Q. Administración pública y defensa, seguridad social obligatoria, educación, actividades sanitarias y de servicios sociales;Valor;2016;5.287.741
Murcia, Región de;O_Q. Administración pública y defensa, seguridad social obligatoria, educación, actividades sanitarias y de servicios sociales;Tasas de variación interanuales;2022(A);2,8
Murcia, Región de;O_Q. Administración pública y defensa, seguridad social obligatoria, educación, actividades sanitarias y de servicios sociales;Tasas de variación interanuales;2021(P);4,7
Murcia, Región de;O_Q. Administración pública y defensa, seguridad social obligatoria, educación, actividades sanitarias y de servicios sociales;Tasas de variación interanuales;2020;1,1
Murcia, Región de;O_Q. Administración pública y defensa, seguridad social obligatoria, educación, actividades sanitarias y de servicios sociales;Tasas de variación interanuales;2019;1,8
Murcia, Región de;O_Q. Administración pública y defensa, seguridad social obligatoria, educación, actividades sanitarias y de servicios sociales;Tasas de variación interanuales;2018;1,9
Murcia, Región de;O_Q. Administración pública y defensa, seguridad social obligatoria, educación, actividades sanitarias y de servicios sociales;Tasas de variación interanuales;2017;2,8
Murcia, Región de;O_Q. Administración pública y defensa, seguridad social obligatoria, educación, actividades sanitarias y de servicios sociales;Tasas de variación interanuales;2016;..
Murcia, Región de;O_Q. Administración pública y defensa, seguridad social obligatoria, educación, actividades sanitarias y de servicios sociales;Estructura porcentual;2022(A);17,1
Murcia, Región de;O_Q. Administración pública y defensa, seguridad social obligatoria, educación, actividades sanitarias y de servicios sociales;Estructura porcentual;2021(P);18,2
Murcia, Región de;O_Q. Administración pública y defensa, seguridad social obligatoria, educación, actividades sanitarias y de servicios sociales;Estructura porcentual;2020;19,1
Murcia, Región de;O_Q. Administración pública y defensa, seguridad social obligatoria, educación, actividades sanitarias y de servicios sociales;Estructura porcentual;2019;17,4
Murcia, Región de;O_Q. Administración pública y defensa, seguridad social obligatoria, educación, actividades sanitarias y de servicios sociales;Estructura porcentual;2018;17,8
Murcia, Región de;O_Q. Administración pública y defensa, seguridad social obligatoria, educación, actividades sanitarias y de servicios sociales;Estructura porcentual;2017;17,8
Murcia, Región de;O_Q. Administración pública y defensa, seguridad social obligatoria, educación, actividades sanitarias y de servicios sociales;Estructura porcentual;2016;18
Murcia, Región de;R_U. Actividades artísticas, recreativas y de entretenimiento, reparación de artículos de uso doméstico y otros servicios;Valor;2022(A);1.191.853
Murcia, Región de;R_U. Actividades artísticas, recreativas y de entretenimiento, reparación de artículos de uso doméstico y otros servicios;Valor;2021(P);1.038.661
Murcia, Región de;R_U. Actividades artísticas, recreativas y de entretenimiento, reparación de artículos de uso doméstico y otros servicios;Valor;2020;1.027.273
Murcia, Región de;R_U. Actividades artísticas, recreativas y de entretenimiento, reparación de artículos de uso doméstico y otros servicios;Valor;2019;1.308.741
Murcia, Región de;R_U. Actividades artísticas, recreativas y de entretenimiento, reparación de artículos de uso doméstico y otros servicios;Valor;2018;1.279.218
Murcia, Región de;R_U. Actividades artísticas, recreativas y de entretenimiento, reparación de artículos de uso doméstico y otros servicios;Valor;2017;1.217.821
Murcia, Región de;R_U. Actividades artísticas, recreativas y de entretenimiento, reparación de artículos de uso doméstico y otros servicios;Valor;2016;1.134.559
Murcia, Región de;R_U. Actividades artísticas, recreativas y de entretenimiento, reparación de artículos de uso doméstico y otros servicios;Tasas de variación interanuales;2022(A);14,7
Murcia, Región de;R_U. Actividades artísticas, recreativas y de entretenimiento, reparación de artículos de uso doméstico y otros servicios;Tasas de variación interanuales;2021(P);1,1
Murcia, Región de;R_U. Actividades artísticas, recreativas y de entretenimiento, reparación de artículos de uso doméstico y otros servicios;Tasas de variación interanuales;2020;-21,5
Murcia, Región de;R_U. Actividades artísticas, recreativas y de entretenimiento, reparación de artículos de uso doméstico y otros servicios;Tasas de variación interanuales;2019;2,3
Murcia, Región de;R_U. Actividades artísticas, recreativas y de entretenimiento, reparación de artículos de uso doméstico y otros servicios;Tasas de variación interanuales;2018;5
Murcia, Región de;R_U. Actividades artísticas, recreativas y de entretenimiento, reparación de artículos de uso doméstico y otros servicios;Tasas de variación interanuales;2017;7,3
Murcia, Región de;R_U. Actividades artísticas, recreativas y de entretenimiento, reparación de artículos de uso doméstico y otros servicios;Tasas de variación interanuales;2016;..
Murcia, Región de;R_U. Actividades artísticas, recreativas y de entretenimiento, reparación de artículos de uso doméstico y otros servicios;Estructura porcentual;2022(A);3,3
Murcia, Región de;R_U. Actividades artísticas, recreativas y de entretenimiento, reparación de artículos de uso doméstico y otros servicios;Estructura porcentual;2021(P);3,2
Murcia, Región de;R_U. Actividades artísticas, recreativas y de entretenimiento, reparación de artículos de uso doméstico y otros servicios;Estructura porcentual;2020;3,5
Murcia, Región de;R_U. Actividades artísticas, recreativas y de entretenimiento, reparación de artículos de uso doméstico y otros servicios;Estructura porcentual;2019;4
Murcia, Región de;R_U. Actividades artísticas, recreativas y de entretenimiento, reparación de artículos de uso doméstico y otros servicios;Estructura porcentual;2018;4,1
Murcia, Región de;R_U. Actividades artísticas, recreativas y de entretenimiento, reparación de artículos de uso doméstico y otros servicios;Estructura porcentual;2017;4
Murcia, Región de;R_U. Actividades artísticas, recreativas y de entretenimiento, reparación de artículos de uso doméstico y otros servicios;Estructura porcentual;2016;3,9
Murcia, Región de;Valor añadido bruto total;Valor;2022(A);32.598.083
Murcia, Región de;Valor añadido bruto total;Valor;2021(P);29.602.352
Murcia, Región de;Valor añadido bruto total;Valor;2020;27.169.843
Murcia, Región de;Valor añadido bruto total;Valor;2019;29.311.969
Murcia, Región de;Valor añadido bruto total;Valor;2018;28.138.364
Murcia, Región de;Valor añadido bruto total;Valor;2017;27.685.517
Murcia, Región de;Valor añadido bruto total;Valor;2016;26.648.712
Murcia, Región de;Valor añadido bruto total;Tasas de variación interanuales;2022(A);10,1
Murcia, Región de;Valor añadido bruto total;Tasas de variación interanuales;2021(P);9
Murcia, Región de;Valor añadido bruto total;Tasas de variación interanuales;2020;-7,3
Murcia, Región de;Valor añadido bruto total;Tasas de variación interanuales;2019;4,2
Murcia, Región de;Valor añadido bruto total;Tasas de variación interanuales;2018;1,6
Murcia, Región de;Valor añadido bruto total;Tasas de variación interanuales;2017;3,9
Murcia, Región de;Valor añadido bruto total;Tasas de variación interanuales;2016;..
Murcia, Región de;Valor añadido bruto total;Estructura porcentual;2022(A);91
Murcia, Región de;Valor añadido bruto total;Estructura porcentual;2021(P);90,5
Murcia, Región de;Valor añadido bruto total;Estructura porcentual;2020;91,2
Murcia, Región de;Valor añadido bruto total;Estructura porcentual;2019;90,7
Murcia, Región de;Valor añadido bruto total;Estructura porcentual;2018;90,5
Murcia, Región de;Valor añadido bruto total;Estructura porcentual;2017;90,7
Murcia, Región de;Valor añadido bruto total;Estructura porcentual;2016;90,7
Murcia, Región de;Impuestos netos sobre los productos;Valor;2022(A);3.211.450
Murcia, Región de;Impuestos netos sobre los productos;Valor;2021(P);3.116.878
Murcia, Región de;Impuestos netos sobre los productos;Valor;2020;2.605.637
Murcia, Región de;Impuestos netos sobre los productos;Valor;2019;3.007.281
Murcia, Región de;Impuestos netos sobre los productos;Valor;2018;2.955.817
Murcia, Región de;Impuestos netos sobre los productos;Valor;2017;2.855.420
Murcia, Región de;Impuestos netos sobre los productos;Valor;2016;2.718.239
Murcia, Región de;Impuestos netos sobre los productos;Tasas de variación interanuales;2022(A);3
Murcia, Región de;Impuestos netos sobre los productos;Tasas de variación interanuales;2021(P);19,6
Murcia, Región de;Impuestos netos sobre los productos;Tasas de variación interanuales;2020;-13,4
Murcia, Región de;Impuestos netos sobre los productos;Tasas de variación interanuales;2019;1,7
Murcia, Región de;Impuestos netos sobre los productos;Tasas de variación interanuales;2018;3,5
Murcia, Región de;Impuestos netos sobre los productos;Tasas de variación interanuales;2017;5
Murcia, Región de;Impuestos netos sobre los productos;Tasas de variación interanuales;2016;..
Murcia, Región de;Impuestos netos sobre los productos;Estructura porcentual;2022(A);9
Murcia, Región de;Impuestos netos sobre los productos;Estructura porcentual;2021(P);9,5
Murcia, Región de;Impuestos netos sobre los productos;Estructura porcentual;2020;8,8
Murcia, Región de;Impuestos netos sobre los productos;Estructura porcentual;2019;9,3
Murcia, Región de;Impuestos netos sobre los productos;Estructura porcentual;2018;9,5
Murcia, Región de;Impuestos netos sobre los productos;Estructura porcentual;2017;9,3
Murcia, Región de;Impuestos netos sobre los productos;Estructura porcentual;2016;9,3
Murcia, Región de;PRODUCTO INTERIOR BRUTO A PRECIOS DE MERCADO;Valor;2022(A);35.809.533
Murcia, Región de;PRODUCTO INTERIOR BRUTO A PRECIOS DE MERCADO;Valor;2021(P);32.719.230
Murcia, Región de;PRODUCTO INTERIOR BRUTO A PRECIOS DE MERCADO;Valor;2020;29.775.480
Murcia, Región de;PRODUCTO INTERIOR BRUTO A PRECIOS DE MERCADO;Valor;2019;32.319.250
Murcia, Región de;PRODUCTO INTERIOR BRUTO A PRECIOS DE MERCADO;Valor;2018;31.094.181
Murcia, Región de;PRODUCTO INTERIOR BRUTO A PRECIOS DE MERCADO;Valor;2017;30.540.937
Murcia, Región de;PRODUCTO INTERIOR BRUTO A PRECIOS DE MERCADO;Valor;2016;29.366.951
Murcia, Región de;PRODUCTO INTERIOR BRUTO A PRECIOS DE MERCADO;Tasas de variación interanuales;2022(A);9,4
Murcia, Región de;PRODUCTO INTERIOR BRUTO A PRECIOS DE MERCADO;Tasas de variación interanuales;2021(P);9,9
Murcia, Región de;PRODUCTO INTERIOR BRUTO A PRECIOS DE MERCADO;Tasas de variación interanuales;2020;-7,9
Murcia, Región de;PRODUCTO INTERIOR BRUTO A PRECIOS DE MERCADO;Tasas de variación interanuales;2019;3,9
Murcia, Región de;PRODUCTO INTERIOR BRUTO A PRECIOS DE MERCADO;Tasas de variación interanuales;2018;1,8
Murcia, Región de;PRODUCTO INTERIOR BRUTO A PRECIOS DE MERCADO;Tasas de variación interanuales;2017;4
Murcia, Región de;PRODUCTO INTERIOR BRUTO A PRECIOS DE MERCADO;Tasas de variación interanuales;2016;..
Murcia, Región de;PRODUCTO INTERIOR BRUTO A PRECIOS DE MERCADO;Estructura porcentual;2022(A);100
Murcia, Región de;PRODUCTO INTERIOR BRUTO A PRECIOS DE MERCADO;Estructura porcentual;2021(P);100
Murcia, Región de;PRODUCTO INTERIOR BRUTO A PRECIOS DE MERCADO;Estructura porcentual;2020;100
Murcia, Región de;PRODUCTO INTERIOR BRUTO A PRECIOS DE MERCADO;Estructura porcentual;2019;100
Murcia, Región de;PRODUCTO INTERIOR BRUTO A PRECIOS DE MERCADO;Estructura porcentual;2018;100
Murcia, Región de;PRODUCTO INTERIOR BRUTO A PRECIOS DE MERCADO;Estructura porcentual;2017;100
Murcia, Región de;PRODUCTO INTERIOR BRUTO A PRECIOS DE MERCADO;Estructura porcentual;2016;100
Navarra, Comunidad Foral de;PRODUCTO INTERIOR BRUTO A PRECIOS DE MERCADO;Valor;2022(A);22.595.257
Navarra, Comunidad Foral de;PRODUCTO INTERIOR BRUTO A PRECIOS DE MERCADO;Valor;2021(P);20.518.471
Navarra, Comunidad Foral de;PRODUCTO INTERIOR BRUTO A PRECIOS DE MERCADO;Valor;2020;18.937.439
Navarra, Comunidad Foral de;PRODUCTO INTERIOR BRUTO A PRECIOS DE MERCADO;Valor;2019;20.873.397
Navarra, Comunidad Foral de;PRODUCTO INTERIOR BRUTO A PRECIOS DE MERCADO;Valor;2018;20.063.495
Navarra, Comunidad Foral de;PRODUCTO INTERIOR BRUTO A PRECIOS DE MERCADO;Valor;2017;19.528.931
Navarra, Comunidad Foral de;PRODUCTO INTERIOR BRUTO A PRECIOS DE MERCADO;Valor;2016;18.743.492
Navarra, Comunidad Foral de;PRODUCTO INTERIOR BRUTO A PRECIOS DE MERCADO;Tasas de variación interanuales;2022(A);10,1
Navarra, Comunidad Foral de;PRODUCTO INTERIOR BRUTO A PRECIOS DE MERCADO;Tasas de variación interanuales;2021(P);8,3
Navarra, Comunidad Foral de;PRODUCTO INTERIOR BRUTO A PRECIOS DE MERCADO;Tasas de variación interanuales;2020;-9,3
Navarra, Comunidad Foral de;PRODUCTO INTERIOR BRUTO A PRECIOS DE MERCADO;Tasas de variación interanuales;2019;4
Navarra, Comunidad Foral de;PRODUCTO INTERIOR BRUTO A PRECIOS DE MERCADO;Tasas de variación interanuales;2018;2,7
Navarra, Comunidad Foral de;PRODUCTO INTERIOR BRUTO A PRECIOS DE MERCADO;Tasas de variación interanuales;2017;4,2
Navarra, Comunidad Foral de;PRODUCTO INTERIOR BRUTO A PRECIOS DE MERCADO;Tasas de variación interanuales;2016;..
Navarra, Comunidad Foral de;PRODUCTO INTERIOR BRUTO A PRECIOS DE MERCADO;Estructura porcentual;2022(A);100
Navarra, Comunidad Foral de;PRODUCTO INTERIOR BRUTO A PRECIOS DE MERCADO;Estructura porcentual;2021(P);100
Navarra, Comunidad Foral de;PRODUCTO INTERIOR BRUTO A PRECIOS DE MERCADO;Estructura porcentual;2020;100
Navarra, Comunidad Foral de;PRODUCTO INTERIOR BRUTO A PRECIOS DE MERCADO;Estructura porcentual;2019;100
Navarra, Comunidad Foral de;PRODUCTO INTERIOR BRUTO A PRECIOS DE MERCADO;Estructura porcentual;2018;100
Navarra, Comunidad Foral de;PRODUCTO INTERIOR BRUTO A PRECIOS DE MERCADO;Estructura porcentual;2017;100
Navarra, Comunidad Foral de;PRODUCTO INTERIOR BRUTO A PRECIOS DE MERCADO;Estructura porcentual;2016;100
Navarra, Comunidad Foral de;A. Agricultura, ganadería, silvicultura y pesca;Valor;2022(A);697.390
Navarra, Comunidad Foral de;A. Agricultura, ganadería, silvicultura y pesca;Valor;2021(P);715.214
Navarra, Comunidad Foral de;A. Agricultura, ganadería, silvicultura y pesca;Valor;2020;693.269
Navarra, Comunidad Foral de;A. Agricultura, ganadería, silvicultura y pesca;Valor;2019;671.653
Navarra, Comunidad Foral de;A. Agricultura, ganadería, silvicultura y pesca;Valor;2018;658.809
Navarra, Comunidad Foral de;A. Agricultura, ganadería, silvicultura y pesca;Valor;2017;712.885
Navarra, Comunidad Foral de;A. Agricultura, ganadería, silvicultura y pesca;Valor;2016;647.769
Navarra, Comunidad Foral de;A. Agricultura, ganadería, silvicultura y pesca;Tasas de variación interanuales;2022(A);-2,5
Navarra, Comunidad Foral de;A. Agricultura, ganadería, silvicultura y pesca;Tasas de variación interanuales;2021(P);3,2
Navarra, Comunidad Foral de;A. Agricultura, ganadería, silvicultura y pesca;Tasas de variación interanuales;2020;3,2
Navarra, Comunidad Foral de;A. Agricultura, ganadería, silvicultura y pesca;Tasas de variación interanuales;2019;1,9
Navarra, Comunidad Foral de;A. Agricultura, ganadería, silvicultura y pesca;Tasas de variación interanuales;2018;-7,6
Navarra, Comunidad Foral de;A. Agricultura, ganadería, silvicultura y pesca;Tasas de variación interanuales;2017;10,1
Navarra, Comunidad Foral de;A. Agricultura, ganadería, silvicultura y pesca;Tasas de variación interanuales;2016;..
Navarra, Comunidad Foral de;A. Agricultura, ganadería, silvicultura y pesca;Estructura porcentual;2022(A);3,1
Navarra, Comunidad Foral de;A. Agricultura, ganadería, silvicultura y pesca;Estructura porcentual;2021(P);3,5
Navarra, Comunidad Foral de;A. Agricultura, ganadería, silvicultura y pesca;Estructura porcentual;2020;3,7
Navarra, Comunidad Foral de;A. Agricultura, ganadería, silvicultura y pesca;Estructura porcentual;2019;3,2
Navarra, Comunidad Foral de;A. Agricultura, ganadería, silvicultura y pesca;Estructura porcentual;2018;3,3
Navarra, Comunidad Foral de;A. Agricultura, ganadería, silvicultura y pesca;Estructura porcentual;2017;3,7
Navarra, Comunidad Foral de;A. Agricultura, ganadería, silvicultura y pesca;Estructura porcentual;2016;3,5
Navarra, Comunidad Foral de;B_E. Industrias extractivas, industria manufacturera, suministro de energía eléctrica, gas, vapor y aire acondicionado, suministro de agua, actividades de saneamiento, gestión de residuos y descontaminación;Valor;2022(A);6.331.793
Navarra, Comunidad Foral de;B_E. Industrias extractivas, industria manufacturera, suministro de energía eléctrica, gas, vapor y aire acondicionado, suministro de agua, actividades de saneamiento, gestión de residuos y descontaminación;Valor;2021(P);5.498.025
Navarra, Comunidad Foral de;B_E. Industrias extractivas, industria manufacturera, suministro de energía eléctrica, gas, vapor y aire acondicionado, suministro de agua, actividades de saneamiento, gestión de residuos y descontaminación;Valor;2020;5.096.618
Navarra, Comunidad Foral de;B_E. Industrias extractivas, industria manufacturera, suministro de energía eléctrica, gas, vapor y aire acondicionado, suministro de agua, actividades de saneamiento, gestión de residuos y descontaminación;Valor;2019;5.608.308
Navarra, Comunidad Foral de;B_E. Industrias extractivas, industria manufacturera, suministro de energía eléctrica, gas, vapor y aire acondicionado, suministro de agua, actividades de saneamiento, gestión de residuos y descontaminación;Valor;2018;5.401.327
Navarra, Comunidad Foral de;B_E. Industrias extractivas, industria manufacturera, suministro de energía eléctrica, gas, vapor y aire acondicionado, suministro de agua, actividades de saneamiento, gestión de residuos y descontaminación;Valor;2017;5.332.752
Navarra, Comunidad Foral de;B_E. Industrias extractivas, industria manufacturera, suministro de energía eléctrica, gas, vapor y aire acondicionado, suministro de agua, actividades de saneamiento, gestión de residuos y descontaminación;Valor;2016;5.072.247
Navarra, Comunidad Foral de;B_E. Industrias extractivas, industria manufacturera, suministro de energía eléctrica, gas, vapor y aire acondicionado, suministro de agua, actividades de saneamiento, gestión de residuos y descontaminación;Tasas de variación interanuales;2022(A);15,2
Navarra, Comunidad Foral de;B_E. Industrias extractivas, industria manufacturera, suministro de energía eléctrica, gas, vapor y aire acondicionado, suministro de agua, actividades de saneamiento, gestión de residuos y descontaminación;Tasas de variación interanuales;2021(P);7,9
Navarra, Comunidad Foral de;B_E. Industrias extractivas, industria manufacturera, suministro de energía eléctrica, gas, vapor y aire acondicionado, suministro de agua, actividades de saneamiento, gestión de residuos y descontaminación;Tasas de variación interanuales;2020;-9,1
Navarra, Comunidad Foral de;B_E. Industrias extractivas, industria manufacturera, suministro de energía eléctrica, gas, vapor y aire acondicionado, suministro de agua, actividades de saneamiento, gestión de residuos y descontaminación;Tasas de variación interanuales;2019;3,8
Navarra, Comunidad Foral de;B_E. Industrias extractivas, industria manufacturera, suministro de energía eléctrica, gas, vapor y aire acondicionado, suministro de agua, actividades de saneamiento, gestión de residuos y descontaminación;Tasas de variación interanuales;2018;1,3
Navarra, Comunidad Foral de;B_E. Industrias extractivas, industria manufacturera, suministro de energía eléctrica, gas, vapor y aire acondicionado, suministro de agua, actividades de saneamiento, gestión de residuos y descontaminación;Tasas de variación interanuales;2017;5,1
Navarra, Comunidad Foral de;B_E. Industrias extractivas, industria manufacturera, suministro de energía eléctrica, gas, vapor y aire acondicionado, suministro de agua, actividades de saneamiento, gestión de residuos y descontaminación;Tasas de variación interanuales;2016;..
Navarra, Comunidad Foral de;B_E. Industrias extractivas, industria manufacturera, suministro de energía eléctrica, gas, vapor y aire acondicionado, suministro de agua, actividades de saneamiento, gestión de residuos y descontaminación;Estructura porcentual;2022(A);28
Navarra, Comunidad Foral de;B_E. Industrias extractivas, industria manufacturera, suministro de energía eléctrica, gas, vapor y aire acondicionado, suministro de agua, actividades de saneamiento, gestión de residuos y descontaminación;Estructura porcentual;2021(P);26,8
Navarra, Comunidad Foral de;B_E. Industrias extractivas, industria manufacturera, suministro de energía eléctrica, gas, vapor y aire acondicionado, suministro de agua, actividades de saneamiento, gestión de residuos y descontaminación;Estructura porcentual;2020;26,9
Navarra, Comunidad Foral de;B_E. Industrias extractivas, industria manufacturera, suministro de energía eléctrica, gas, vapor y aire acondicionado, suministro de agua, actividades de saneamiento, gestión de residuos y descontaminación;Estructura porcentual;2019;26,9
Navarra, Comunidad Foral de;B_E. Industrias extractivas, industria manufacturera, suministro de energía eléctrica, gas, vapor y aire acondicionado, suministro de agua, actividades de saneamiento, gestión de residuos y descontaminación;Estructura porcentual;2018;26,9
Navarra, Comunidad Foral de;B_E. Industrias extractivas, industria manufacturera, suministro de energía eléctrica, gas, vapor y aire acondicionado, suministro de agua, actividades de saneamiento, gestión de residuos y descontaminación;Estructura porcentual;2017;27,3
Navarra, Comunidad Foral de;B_E. Industrias extractivas, industria manufacturera, suministro de energía eléctrica, gas, vapor y aire acondicionado, suministro de agua, actividades de saneamiento, gestión de residuos y descontaminación;Estructura porcentual;2016;27,1
Navarra, Comunidad Foral de;C. - De las cuales: Industria manufacturera;Valor;2022(A);5.303.282
Navarra, Comunidad Foral de;C. - De las cuales: Industria manufacturera;Valor;2021(P);4.752.883
Navarra, Comunidad Foral de;C. - De las cuales: Industria manufacturera;Valor;2020;4.436.495
Navarra, Comunidad Foral de;C. - De las cuales: Industria manufacturera;Valor;2019;4.872.516
Navarra, Comunidad Foral de;C. - De las cuales: Industria manufacturera;Valor;2018;4.699.130
Navarra, Comunidad Foral de;C. - De las cuales: Industria manufacturera;Valor;2017;4.639.300
Navarra, Comunidad Foral de;C. - De las cuales: Industria manufacturera;Valor;2016;4.433.981
Navarra, Comunidad Foral de;C. - De las cuales: Industria manufacturera;Tasas de variación interanuales;2022(A);11,6
Navarra, Comunidad Foral de;C. - De las cuales: Industria manufacturera;Tasas de variación interanuales;2021(P);7,1
Navarra, Comunidad Foral de;C. - De las cuales: Industria manufacturera;Tasas de variación interanuales;2020;-8,9
Navarra, Comunidad Foral de;C. - De las cuales: Industria manufacturera;Tasas de variación interanuales;2019;3,7
Navarra, Comunidad Foral de;C. - De las cuales: Industria manufacturera;Tasas de variación interanuales;2018;1,3
Navarra, Comunidad Foral de;C. - De las cuales: Industria manufacturera;Tasas de variación interanuales;2017;4,6
Navarra, Comunidad Foral de;C. - De las cuales: Industria manufacturera;Tasas de variación interanuales;2016;..
Navarra, Comunidad Foral de;C. - De las cuales: Industria manufacturera;Estructura porcentual;2022(A);23,5
Navarra, Comunidad Foral de;C. - De las cuales: Industria manufacturera;Estructura porcentual;2021(P);23,2
Navarra, Comunidad Foral de;C. - De las cuales: Industria manufacturera;Estructura porcentual;2020;23,4
Navarra, Comunidad Foral de;C. - De las cuales: Industria manufacturera;Estructura porcentual;2019;23,3
Navarra, Comunidad Foral de;C. - De las cuales: Industria manufacturera;Estructura porcentual;2018;23,4
Navarra, Comunidad Foral de;C. - De las cuales: Industria manufacturera;Estructura porcentual;2017;23,8
Navarra, Comunidad Foral de;C. - De las cuales: Industria manufacturera;Estructura porcentual;2016;23,7
Navarra, Comunidad Foral de;F. Construcción;Valor;2022(A);1.078.804
Navarra, Comunidad Foral de;F. Construcción;Valor;2021(P);1.046.069
Navarra, Comunidad Foral de;F. Construcción;Valor;2020;970.671
Navarra, Comunidad Foral de;F. Construcción;Valor;2019;1.117.296
Navarra, Comunidad Foral de;F. Construcción;Valor;2018;1.031.445
Navarra, Comunidad Foral de;F. Construcción;Valor;2017;984.856
Navarra, Comunidad Foral de;F. Construcción;Valor;2016;940.387
Navarra, Comunidad Foral de;F. Construcción;Tasas de variación interanuales;2022(A);3,1
Navarra, Comunidad Foral de;F. Construcción;Tasas de variación interanuales;2021(P);7,8
Navarra, Comunidad Foral de;F. Construcción;Tasas de variación interanuales;2020;-13,1
Navarra, Comunidad Foral de;F. Construcción;Tasas de variación interanuales;2019;8,3
Navarra, Comunidad Foral de;F. Construcción;Tasas de variación interanuales;2018;4,7
Navarra, Comunidad Foral de;F. Construcción;Tasas de variación interanuales;2017;4,7
Navarra, Comunidad Foral de;F. Construcción;Tasas de variación interanuales;2016;..
Navarra, Comunidad Foral de;F. Construcción;Estructura porcentual;2022(A);4,8
Navarra, Comunidad Foral de;F. Construcción;Estructura porcentual;2021(P);5,1
Navarra, Comunidad Foral de;F. Construcción;Estructura porcentual;2020;5,1
Navarra, Comunidad Foral de;F. Construcción;Estructura porcentual;2019;5,4
Navarra, Comunidad Foral de;F. Construcción;Estructura porcentual;2018;5,1
Navarra, Comunidad Foral de;F. Construcción;Estructura porcentual;2017;5
Navarra, Comunidad Foral de;F. Construcción;Estructura porcentual;2016;5
Navarra, Comunidad Foral de;G_I. Comercio al por mayor y al por menor, reparación de vehículos de motor y motocicletas, transporte y almacenamiento, hostelería;Valor;2022(A);4.186.254
Navarra, Comunidad Foral de;G_I. Comercio al por mayor y al por menor, reparación de vehículos de motor y motocicletas, transporte y almacenamiento, hostelería;Valor;2021(P);3.460.246
Navarra, Comunidad Foral de;G_I. Comercio al por mayor y al por menor, reparación de vehículos de motor y motocicletas, transporte y almacenamiento, hostelería;Valor;2020;2.921.269
Navarra, Comunidad Foral de;G_I. Comercio al por mayor y al por menor, reparación de vehículos de motor y motocicletas, transporte y almacenamiento, hostelería;Valor;2019;3.730.135
Navarra, Comunidad Foral de;G_I. Comercio al por mayor y al por menor, reparación de vehículos de motor y motocicletas, transporte y almacenamiento, hostelería;Valor;2018;3.565.389
Navarra, Comunidad Foral de;G_I. Comercio al por mayor y al por menor, reparación de vehículos de motor y motocicletas, transporte y almacenamiento, hostelería;Valor;2017;3.467.418
Navarra, Comunidad Foral de;G_I. Comercio al por mayor y al por menor, reparación de vehículos de motor y motocicletas, transporte y almacenamiento, hostelería;Valor;2016;3.354.042
Navarra, Comunidad Foral de;G_I. Comercio al por mayor y al por menor, reparación de vehículos de motor y motocicletas, transporte y almacenamiento, hostelería;Tasas de variación interanuales;2022(A);21
Navarra, Comunidad Foral de;G_I. Comercio al por mayor y al por menor, reparación de vehículos de motor y motocicletas, transporte y almacenamiento, hostelería;Tasas de variación interanuales;2021(P);18,5
Navarra, Comunidad Foral de;G_I. Comercio al por mayor y al por menor, reparación de vehículos de motor y motocicletas, transporte y almacenamiento, hostelería;Tasas de variación interanuales;2020;-21,7
Navarra, Comunidad Foral de;G_I. Comercio al por mayor y al por menor, reparación de vehículos de motor y motocicletas, transporte y almacenamiento, hostelería;Tasas de variación interanuales;2019;4,6
Navarra, Comunidad Foral de;G_I. Comercio al por mayor y al por menor, reparación de vehículos de motor y motocicletas, transporte y almacenamiento, hostelería;Tasas de variación interanuales;2018;2,8
Navarra, Comunidad Foral de;G_I. Comercio al por mayor y al por menor, reparación de vehículos de motor y motocicletas, transporte y almacenamiento, hostelería;Tasas de variación interanuales;2017;3,4
Navarra, Comunidad Foral de;G_I. Comercio al por mayor y al por menor, reparación de vehículos de motor y motocicletas, transporte y almacenamiento, hostelería;Tasas de variación interanuales;2016;..
Navarra, Comunidad Foral de;G_I. Comercio al por mayor y al por menor, reparación de vehículos de motor y motocicletas, transporte y almacenamiento, hostelería;Estructura porcentual;2022(A);18,5
Navarra, Comunidad Foral de;G_I. Comercio al por mayor y al por menor, reparación de vehículos de motor y motocicletas, transporte y almacenamiento, hostelería;Estructura porcentual;2021(P);16,9
Navarra, Comunidad Foral de;G_I. Comercio al por mayor y al por menor, reparación de vehículos de motor y motocicletas, transporte y almacenamiento, hostelería;Estructura porcentual;2020;15,4
Navarra, Comunidad Foral de;G_I. Comercio al por mayor y al por menor, reparación de vehículos de motor y motocicletas, transporte y almacenamiento, hostelería;Estructura porcentual;2019;17,9
Navarra, Comunidad Foral de;G_I. Comercio al por mayor y al por menor, reparación de vehículos de motor y motocicletas, transporte y almacenamiento, hostelería;Estructura porcentual;2018;17,8
Navarra, Comunidad Foral de;G_I. Comercio al por mayor y al por menor, reparación de vehículos de motor y motocicletas, transporte y almacenamiento, hostelería;Estructura porcentual;2017;17,8
Navarra, Comunidad Foral de;G_I. Comercio al por mayor y al por menor, reparación de vehículos de motor y motocicletas, transporte y almacenamiento, hostelería;Estructura porcentual;2016;17,9
Navarra, Comunidad Foral de;J. Información y comunicaciones;Valor;2022(A);307.519
Navarra, Comunidad Foral de;J. Información y comunicaciones;Valor;2021(P);290.971
Navarra, Comunidad Foral de;J. Información y comunicaciones;Valor;2020;287.633
Navarra, Comunidad Foral de;J. Información y comunicaciones;Valor;2019;295.273
Navarra, Comunidad Foral de;J. Información y comunicaciones;Valor;2018;276.476
Navarra, Comunidad Foral de;J. Información y comunicaciones;Valor;2017;272.946
Navarra, Comunidad Foral de;J. Información y comunicaciones;Valor;2016;278.369
Navarra, Comunidad Foral de;J. Información y comunicaciones;Tasas de variación interanuales;2022(A);5,7
Navarra, Comunidad Foral de;J. Información y comunicaciones;Tasas de variación interanuales;2021(P);1,2
Navarra, Comunidad Foral de;J. Información y comunicaciones;Tasas de variación interanuales;2020;-2,6
Navarra, Comunidad Foral de;J. Información y comunicaciones;Tasas de variación interanuales;2019;6,8
Navarra, Comunidad Foral de;J. Información y comunicaciones;Tasas de variación interanuales;2018;1,3
Navarra, Comunidad Foral de;J. Información y comunicaciones;Tasas de variación interanuales;2017;-1,9
Navarra, Comunidad Foral de;J. Información y comunicaciones;Tasas de variación interanuales;2016;..
Navarra, Comunidad Foral de;J. Información y comunicaciones;Estructura porcentual;2022(A);1,4
Navarra, Comunidad Foral de;J. Información y comunicaciones;Estructura porcentual;2021(P);1,4
Navarra, Comunidad Foral de;J. Información y comunicaciones;Estructura porcentual;2020;1,5
Navarra, Comunidad Foral de;J. Información y comunicaciones;Estructura porcentual;2019;1,4
Navarra, Comunidad Foral de;J. Información y comunicaciones;Estructura porcentual;2018;1,4
Navarra, Comunidad Foral de;J. Información y comunicaciones;Estructura porcentual;2017;1,4
Navarra, Comunidad Foral de;J. Información y comunicaciones;Estructura porcentual;2016;1,5
Navarra, Comunidad Foral de;K. Actividades financieras y de seguros;Valor;2022(A);721.121
Navarra, Comunidad Foral de;K. Actividades financieras y de seguros;Valor;2021(P);624.345
Navarra, Comunidad Foral de;K. Actividades financieras y de seguros;Valor;2020;624.437
Navarra, Comunidad Foral de;K. Actividades financieras y de seguros;Valor;2019;594.970
Navarra, Comunidad Foral de;K. Actividades financieras y de seguros;Valor;2018;605.338
Navarra, Comunidad Foral de;K. Actividades financieras y de seguros;Valor;2017;548.136
Navarra, Comunidad Foral de;K. Actividades financieras y de seguros;Valor;2016;524.693
Navarra, Comunidad Foral de;K. Actividades financieras y de seguros;Tasas de variación interanuales;2022(A);15,5
Navarra, Comunidad Foral de;K. Actividades financieras y de seguros;Tasas de variación interanuales;2021(P);0
Navarra, Comunidad Foral de;K. Actividades financieras y de seguros;Tasas de variación interanuales;2020;5
Navarra, Comunidad Foral de;K. Actividades financieras y de seguros;Tasas de variación interanuales;2019;-1,7
Navarra, Comunidad Foral de;K. Actividades financieras y de seguros;Tasas de variación interanuales;2018;10,4
Navarra, Comunidad Foral de;K. Actividades financieras y de seguros;Tasas de variación interanuales;2017;4,5
Navarra, Comunidad Foral de;K. Actividades financieras y de seguros;Tasas de variación interanuales;2016;..
Navarra, Comunidad Foral de;K. Actividades financieras y de seguros;Estructura porcentual;2022(A);3,2
Navarra, Comunidad Foral de;K. Actividades financieras y de seguros;Estructura porcentual;2021(P);3
Navarra, Comunidad Foral de;K. Actividades financieras y de seguros;Estructura porcentual;2020;3,3
Navarra, Comunidad Foral de;K. Actividades financieras y de seguros;Estructura porcentual;2019;2,9
Navarra, Comunidad Foral de;K. Actividades financieras y de seguros;Estructura porcentual;2018;3
Navarra, Comunidad Foral de;K. Actividades financieras y de seguros;Estructura porcentual;2017;2,8
Navarra, Comunidad Foral de;K. Actividades financieras y de seguros;Estructura porcentual;2016;2,8
Navarra, Comunidad Foral de;L. Actividades inmobiliarias;Valor;2022(A);1.849.092
Navarra, Comunidad Foral de;L. Actividades inmobiliarias;Valor;2021(P);1.771.163
Navarra, Comunidad Foral de;L. Actividades inmobiliarias;Valor;2020;1.724.364
Navarra, Comunidad Foral de;L. Actividades inmobiliarias;Valor;2019;1.704.164
Navarra, Comunidad Foral de;L. Actividades inmobiliarias;Valor;2018;1.653.917
Navarra, Comunidad Foral de;L. Actividades inmobiliarias;Valor;2017;1.601.047
Navarra, Comunidad Foral de;L. Actividades inmobiliarias;Valor;2016;1.571.889
Navarra, Comunidad Foral de;L. Actividades inmobiliarias;Tasas de variación interanuales;2022(A);4,4
Navarra, Comunidad Foral de;L. Actividades inmobiliarias;Tasas de variación interanuales;2021(P);2,7
Navarra, Comunidad Foral de;L. Actividades inmobiliarias;Tasas de variación interanuales;2020;1,2
Navarra, Comunidad Foral de;L. Actividades inmobiliarias;Tasas de variación interanuales;2019;3
Navarra, Comunidad Foral de;L. Actividades inmobiliarias;Tasas de variación interanuales;2018;3,3
Navarra, Comunidad Foral de;L. Actividades inmobiliarias;Tasas de variación interanuales;2017;1,9
Navarra, Comunidad Foral de;L. Actividades inmobiliarias;Tasas de variación interanuales;2016;..
Navarra, Comunidad Foral de;L. Actividades inmobiliarias;Estructura porcentual;2022(A);8,2
Navarra, Comunidad Foral de;L. Actividades inmobiliarias;Estructura porcentual;2021(P);8,6
Navarra, Comunidad Foral de;L. Actividades inmobiliarias;Estructura porcentual;2020;9,1
Navarra, Comunidad Foral de;L. Actividades inmobiliarias;Estructura porcentual;2019;8,2
Navarra, Comunidad Foral de;L. Actividades inmobiliarias;Estructura porcentual;2018;8,2
Navarra, Comunidad Foral de;L. Actividades inmobiliarias;Estructura porcentual;2017;8,2
Navarra, Comunidad Foral de;L. Actividades inmobiliarias;Estructura porcentual;2016;8,4
Navarra, Comunidad Foral de;M_N. Actividades profesionales, científicas y técnicas, actividades administrativas y servicios auxiliares;Valor;2022(A);1.303.958
Navarra, Comunidad Foral de;M_N. Actividades profesionales, científicas y técnicas, actividades administrativas y servicios auxiliares;Valor;2021(P);1.224.884
Navarra, Comunidad Foral de;M_N. Actividades profesionales, científicas y técnicas, actividades administrativas y servicios auxiliares;Valor;2020;1.153.342
Navarra, Comunidad Foral de;M_N. Actividades profesionales, científicas y técnicas, actividades administrativas y servicios auxiliares;Valor;2019;1.288.066
Navarra, Comunidad Foral de;M_N. Actividades profesionales, científicas y técnicas, actividades administrativas y servicios auxiliares;Valor;2018;1.185.277
Navarra, Comunidad Foral de;M_N. Actividades profesionales, científicas y técnicas, actividades administrativas y servicios auxiliares;Valor;2017;1.153.494
Navarra, Comunidad Foral de;M_N. Actividades profesionales, científicas y técnicas, actividades administrativas y servicios auxiliares;Valor;2016;1.156.696
Navarra, Comunidad Foral de;M_N. Actividades profesionales, científicas y técnicas, actividades administrativas y servicios auxiliares;Tasas de variación interanuales;2022(A);6,5
Navarra, Comunidad Foral de;M_N. Actividades profesionales, científicas y técnicas, actividades administrativas y servicios auxiliares;Tasas de variación interanuales;2021(P);6,2
Navarra, Comunidad Foral de;M_N. Actividades profesionales, científicas y técnicas, actividades administrativas y servicios auxiliares;Tasas de variación interanuales;2020;-10,5
Navarra, Comunidad Foral de;M_N. Actividades profesionales, científicas y técnicas, actividades administrativas y servicios auxiliares;Tasas de variación interanuales;2019;8,7
Navarra, Comunidad Foral de;M_N. Actividades profesionales, científicas y técnicas, actividades administrativas y servicios auxiliares;Tasas de variación interanuales;2018;2,8
Navarra, Comunidad Foral de;M_N. Actividades profesionales, científicas y técnicas, actividades administrativas y servicios auxiliares;Tasas de variación interanuales;2017;-0,3
Navarra, Comunidad Foral de;M_N. Actividades profesionales, científicas y técnicas, actividades administrativas y servicios auxiliares;Tasas de variación interanuales;2016;..
Navarra, Comunidad Foral de;M_N. Actividades profesionales, científicas y técnicas, actividades administrativas y servicios auxiliares;Estructura porcentual;2022(A);5,8
Navarra, Comunidad Foral de;M_N. Actividades profesionales, científicas y técnicas, actividades administrativas y servicios auxiliares;Estructura porcentual;2021(P);6
Navarra, Comunidad Foral de;M_N. Actividades profesionales, científicas y técnicas, actividades administrativas y servicios auxiliares;Estructura porcentual;2020;6,1
Navarra, Comunidad Foral de;M_N. Actividades profesionales, científicas y técnicas, actividades administrativas y servicios auxiliares;Estructura porcentual;2019;6,2
Navarra, Comunidad Foral de;M_N. Actividades profesionales, científicas y técnicas, actividades administrativas y servicios auxiliares;Estructura porcentual;2018;5,9
Navarra, Comunidad Foral de;M_N. Actividades profesionales, científicas y técnicas, actividades administrativas y servicios auxiliares;Estructura porcentual;2017;5,9
Navarra, Comunidad Foral de;M_N. Actividades profesionales, científicas y técnicas, actividades administrativas y servicios auxiliares;Estructura porcentual;2016;6,2
Navarra, Comunidad Foral de;O_Q. Administración pública y defensa, seguridad social obligatoria, educación, actividades sanitarias y de servicios sociales;Valor;2022(A);3.247.769
Navarra, Comunidad Foral de;O_Q. Administración pública y defensa, seguridad social obligatoria, educación, actividades sanitarias y de servicios sociales;Valor;2021(P);3.212.054
Navarra, Comunidad Foral de;O_Q. Administración pública y defensa, seguridad social obligatoria, educación, actividades sanitarias y de servicios sociales;Valor;2020;3.126.160
Navarra, Comunidad Foral de;O_Q. Administración pública y defensa, seguridad social obligatoria, educación, actividades sanitarias y de servicios sociales;Valor;2019;3.083.050
Navarra, Comunidad Foral de;O_Q. Administración pública y defensa, seguridad social obligatoria, educación, actividades sanitarias y de servicios sociales;Valor;2018;2.952.455
Navarra, Comunidad Foral de;O_Q. Administración pública y defensa, seguridad social obligatoria, educación, actividades sanitarias y de servicios sociales;Valor;2017;2.842.193
Navarra, Comunidad Foral de;O_Q. Administración pública y defensa, seguridad social obligatoria, educación, actividades sanitarias y de servicios sociales;Valor;2016;2.720.250
Navarra, Comunidad Foral de;O_Q. Administración pública y defensa, seguridad social obligatoria, educación, actividades sanitarias y de servicios sociales;Tasas de variación interanuales;2022(A);1,1
Navarra, Comunidad Foral de;O_Q. Administración pública y defensa, seguridad social obligatoria, educación, actividades sanitarias y de servicios sociales;Tasas de variación interanuales;2021(P);2,7
Navarra, Comunidad Foral de;O_Q. Administración pública y defensa, seguridad social obligatoria, educación, actividades sanitarias y de servicios sociales;Tasas de variación interanuales;2020;1,4
Navarra, Comunidad Foral de;O_Q. Administración pública y defensa, seguridad social obligatoria, educación, actividades sanitarias y de servicios sociales;Tasas de variación interanuales;2019;4,4
Navarra, Comunidad Foral de;O_Q. Administración pública y defensa, seguridad social obligatoria, educación, actividades sanitarias y de servicios sociales;Tasas de variación interanuales;2018;3,9
Navarra, Comunidad Foral de;O_Q. Administración pública y defensa, seguridad social obligatoria, educación, actividades sanitarias y de servicios sociales;Tasas de variación interanuales;2017;4,5
Navarra, Comunidad Foral de;O_Q. Administración pública y defensa, seguridad social obligatoria, educación, actividades sanitarias y de servicios sociales;Tasas de variación interanuales;2016;..
Navarra, Comunidad Foral de;O_Q. Administración pública y defensa, seguridad social obligatoria, educación, actividades sanitarias y de servicios sociales;Estructura porcentual;2022(A);14,4
Navarra, Comunidad Foral de;O_Q. Administración pública y defensa, seguridad social obligatoria, educación, actividades sanitarias y de servicios sociales;Estructura porcentual;2021(P);15,7
Navarra, Comunidad Foral de;O_Q. Administración pública y defensa, seguridad social obligatoria, educación, actividades sanitarias y de servicios sociales;Estructura porcentual;2020;16,5
Navarra, Comunidad Foral de;O_Q. Administración pública y defensa, seguridad social obligatoria, educación, actividades sanitarias y de servicios sociales;Estructura porcentual;2019;14,8
Navarra, Comunidad Foral de;O_Q. Administración pública y defensa, seguridad social obligatoria, educación, actividades sanitarias y de servicios sociales;Estructura porcentual;2018;14,7
Navarra, Comunidad Foral de;O_Q. Administración pública y defensa, seguridad social obligatoria, educación, actividades sanitarias y de servicios sociales;Estructura porcentual;2017;14,6
Navarra, Comunidad Foral de;O_Q. Administración pública y defensa, seguridad social obligatoria, educación, actividades sanitarias y de servicios sociales;Estructura porcentual;2016;14,5
Navarra, Comunidad Foral de;R_U. Actividades artísticas, recreativas y de entretenimiento, reparación de artículos de uso doméstico y otros servicios;Valor;2022(A);845.182
Navarra, Comunidad Foral de;R_U. Actividades artísticas, recreativas y de entretenimiento, reparación de artículos de uso doméstico y otros servicios;Valor;2021(P);720.883
Navarra, Comunidad Foral de;R_U. Actividades artísticas, recreativas y de entretenimiento, reparación de artículos de uso doméstico y otros servicios;Valor;2020;682.470
Navarra, Comunidad Foral de;R_U. Actividades artísticas, recreativas y de entretenimiento, reparación de artículos de uso doméstico y otros servicios;Valor;2019;838.229
Navarra, Comunidad Foral de;R_U. Actividades artísticas, recreativas y de entretenimiento, reparación de artículos de uso doméstico y otros servicios;Valor;2018;825.823
Navarra, Comunidad Foral de;R_U. Actividades artísticas, recreativas y de entretenimiento, reparación de artículos de uso doméstico y otros servicios;Valor;2017;787.350
Navarra, Comunidad Foral de;R_U. Actividades artísticas, recreativas y de entretenimiento, reparación de artículos de uso doméstico y otros servicios;Valor;2016;742.231
Navarra, Comunidad Foral de;R_U. Actividades artísticas, recreativas y de entretenimiento, reparación de artículos de uso doméstico y otros servicios;Tasas de variación interanuales;2022(A);17,2
Navarra, Comunidad Foral de;R_U. Actividades artísticas, recreativas y de entretenimiento, reparación de artículos de uso doméstico y otros servicios;Tasas de variación interanuales;2021(P);5,6
Navarra, Comunidad Foral de;R_U. Actividades artísticas, recreativas y de entretenimiento, reparación de artículos de uso doméstico y otros servicios;Tasas de variación interanuales;2020;-18,6
Navarra, Comunidad Foral de;R_U. Actividades artísticas, recreativas y de entretenimiento, reparación de artículos de uso doméstico y otros servicios;Tasas de variación interanuales;2019;1,5
Navarra, Comunidad Foral de;R_U. Actividades artísticas, recreativas y de entretenimiento, reparación de artículos de uso doméstico y otros servicios;Tasas de variación interanuales;2018;4,9
Navarra, Comunidad Foral de;R_U. Actividades artísticas, recreativas y de entretenimiento, reparación de artículos de uso doméstico y otros servicios;Tasas de variación interanuales;2017;6,1
Navarra, Comunidad Foral de;R_U. Actividades artísticas, recreativas y de entretenimiento, reparación de artículos de uso doméstico y otros servicios;Tasas de variación interanuales;2016;..
Navarra, Comunidad Foral de;R_U. Actividades artísticas, recreativas y de entretenimiento, reparación de artículos de uso doméstico y otros servicios;Estructura porcentual;2022(A);3,7
Navarra, Comunidad Foral de;R_U. Actividades artísticas, recreativas y de entretenimiento, reparación de artículos de uso doméstico y otros servicios;Estructura porcentual;2021(P);3,5
Navarra, Comunidad Foral de;R_U. Actividades artísticas, recreativas y de entretenimiento, reparación de artículos de uso doméstico y otros servicios;Estructura porcentual;2020;3,6
Navarra, Comunidad Foral de;R_U. Actividades artísticas, recreativas y de entretenimiento, reparación de artículos de uso doméstico y otros servicios;Estructura porcentual;2019;4
Navarra, Comunidad Foral de;R_U. Actividades artísticas, recreativas y de entretenimiento, reparación de artículos de uso doméstico y otros servicios;Estructura porcentual;2018;4,1
Navarra, Comunidad Foral de;R_U. Actividades artísticas, recreativas y de entretenimiento, reparación de artículos de uso doméstico y otros servicios;Estructura porcentual;2017;4
Navarra, Comunidad Foral de;R_U. Actividades artísticas, recreativas y de entretenimiento, reparación de artículos de uso doméstico y otros servicios;Estructura porcentual;2016;4
Navarra, Comunidad Foral de;Valor añadido bruto total;Valor;2022(A);20.568.882
Navarra, Comunidad Foral de;Valor añadido bruto total;Valor;2021(P);18.563.854
Navarra, Comunidad Foral de;Valor añadido bruto total;Valor;2020;17.280.233
Navarra, Comunidad Foral de;Valor añadido bruto total;Valor;2019;18.931.144
Navarra, Comunidad Foral de;Valor añadido bruto total;Valor;2018;18.156.256
Navarra, Comunidad Foral de;Valor añadido bruto total;Valor;2017;17.703.077
Navarra, Comunidad Foral de;Valor añadido bruto total;Valor;2016;17.008.573
Navarra, Comunidad Foral de;Valor añadido bruto total;Tasas de variación interanuales;2022(A);10,8
Navarra, Comunidad Foral de;Valor añadido bruto total;Tasas de variación interanuales;2021(P);7,4
Navarra, Comunidad Foral de;Valor añadido bruto total;Tasas de variación interanuales;2020;-8,7
Navarra, Comunidad Foral de;Valor añadido bruto total;Tasas de variación interanuales;2019;4,3
Navarra, Comunidad Foral de;Valor añadido bruto total;Tasas de variación interanuales;2018;2,6
Navarra, Comunidad Foral de;Valor añadido bruto total;Tasas de variación interanuales;2017;4,1
Navarra, Comunidad Foral de;Valor añadido bruto total;Tasas de variación interanuales;2016;..
Navarra, Comunidad Foral de;Valor añadido bruto total;Estructura porcentual;2022(A);91
Navarra, Comunidad Foral de;Valor añadido bruto total;Estructura porcentual;2021(P);90,5
Navarra, Comunidad Foral de;Valor añadido bruto total;Estructura porcentual;2020;91,2
Navarra, Comunidad Foral de;Valor añadido bruto total;Estructura porcentual;2019;90,7
Navarra, Comunidad Foral de;Valor añadido bruto total;Estructura porcentual;2018;90,5
Navarra, Comunidad Foral de;Valor añadido bruto total;Estructura porcentual;2017;90,7
Navarra, Comunidad Foral de;Valor añadido bruto total;Estructura porcentual;2016;90,7
Navarra, Comunidad Foral de;Impuestos netos sobre los productos;Valor;2022(A);2.026.375
Navarra, Comunidad Foral de;Impuestos netos sobre los productos;Valor;2021(P);1.954.617
Navarra, Comunidad Foral de;Impuestos netos sobre los productos;Valor;2020;1.657.206
Navarra, Comunidad Foral de;Impuestos netos sobre los productos;Valor;2019;1.942.253
Navarra, Comunidad Foral de;Impuestos netos sobre los productos;Valor;2018;1.907.239
Navarra, Comunidad Foral de;Impuestos netos sobre los productos;Valor;2017;1.825.854
Navarra, Comunidad Foral de;Impuestos netos sobre los productos;Valor;2016;1.734.919
Navarra, Comunidad Foral de;Impuestos netos sobre los productos;Tasas de variación interanuales;2022(A);3,7
Navarra, Comunidad Foral de;Impuestos netos sobre los productos;Tasas de variación interanuales;2021(P);17,9
Navarra, Comunidad Foral de;Impuestos netos sobre los productos;Tasas de variación interanuales;2020;-14,7
Navarra, Comunidad Foral de;Impuestos netos sobre los productos;Tasas de variación interanuales;2019;1,8
Navarra, Comunidad Foral de;Impuestos netos sobre los productos;Tasas de variación interanuales;2018;4,5
Navarra, Comunidad Foral de;Impuestos netos sobre los productos;Tasas de variación interanuales;2017;5,2
Navarra, Comunidad Foral de;Impuestos netos sobre los productos;Tasas de variación interanuales;2016;..
Navarra, Comunidad Foral de;Impuestos netos sobre los productos;Estructura porcentual;2022(A);9
Navarra, Comunidad Foral de;Impuestos netos sobre los productos;Estructura porcentual;2021(P);9,5
Navarra, Comunidad Foral de;Impuestos netos sobre los productos;Estructura porcentual;2020;8,8
Navarra, Comunidad Foral de;Impuestos netos sobre los productos;Estructura porcentual;2019;9,3
Navarra, Comunidad Foral de;Impuestos netos sobre los productos;Estructura porcentual;2018;9,5
Navarra, Comunidad Foral de;Impuestos netos sobre los productos;Estructura porcentual;2017;9,3
Navarra, Comunidad Foral de;Impuestos netos sobre los productos;Estructura porcentual;2016;9,3
Navarra, Comunidad Foral de;PRODUCTO INTERIOR BRUTO A PRECIOS DE MERCADO;Valor;2022(A);22.595.257
Navarra, Comunidad Foral de;PRODUCTO INTERIOR BRUTO A PRECIOS DE MERCADO;Valor;2021(P);20.518.471
Navarra, Comunidad Foral de;PRODUCTO INTERIOR BRUTO A PRECIOS DE MERCADO;Valor;2020;18.937.439
Navarra, Comunidad Foral de;PRODUCTO INTERIOR BRUTO A PRECIOS DE MERCADO;Valor;2019;20.873.397
Navarra, Comunidad Foral de;PRODUCTO INTERIOR BRUTO A PRECIOS DE MERCADO;Valor;2018;20.063.495
Navarra, Comunidad Foral de;PRODUCTO INTERIOR BRUTO A PRECIOS DE MERCADO;Valor;2017;19.528.931
Navarra, Comunidad Foral de;PRODUCTO INTERIOR BRUTO A PRECIOS DE MERCADO;Valor;2016;18.743.492
Navarra, Comunidad Foral de;PRODUCTO INTERIOR BRUTO A PRECIOS DE MERCADO;Tasas de variación interanuales;2022(A);10,1
Navarra, Comunidad Foral de;PRODUCTO INTERIOR BRUTO A PRECIOS DE MERCADO;Tasas de variación interanuales;2021(P);8,3
Navarra, Comunidad Foral de;PRODUCTO INTERIOR BRUTO A PRECIOS DE MERCADO;Tasas de variación interanuales;2020;-9,3
Navarra, Comunidad Foral de;PRODUCTO INTERIOR BRUTO A PRECIOS DE MERCADO;Tasas de variación interanuales;2019;4
Navarra, Comunidad Foral de;PRODUCTO INTERIOR BRUTO A PRECIOS DE MERCADO;Tasas de variación interanuales;2018;2,7
Navarra, Comunidad Foral de;PRODUCTO INTERIOR BRUTO A PRECIOS DE MERCADO;Tasas de variación interanuales;2017;4,2
Navarra, Comunidad Foral de;PRODUCTO INTERIOR BRUTO A PRECIOS DE MERCADO;Tasas de variación interanuales;2016;..
Navarra, Comunidad Foral de;PRODUCTO INTERIOR BRUTO A PRECIOS DE MERCADO;Estructura porcentual;2022(A);100
Navarra, Comunidad Foral de;PRODUCTO INTERIOR BRUTO A PRECIOS DE MERCADO;Estructura porcentual;2021(P);100
Navarra, Comunidad Foral de;PRODUCTO INTERIOR BRUTO A PRECIOS DE MERCADO;Estructura porcentual;2020;100
Navarra, Comunidad Foral de;PRODUCTO INTERIOR BRUTO A PRECIOS DE MERCADO;Estructura porcentual;2019;100
Navarra, Comunidad Foral de;PRODUCTO INTERIOR BRUTO A PRECIOS DE MERCADO;Estructura porcentual;2018;100
Navarra, Comunidad Foral de;PRODUCTO INTERIOR BRUTO A PRECIOS DE MERCADO;Estructura porcentual;2017;100
Navarra, Comunidad Foral de;PRODUCTO INTERIOR BRUTO A PRECIOS DE MERCADO;Estructura porcentual;2016;100
País Vasco;PRODUCTO INTERIOR BRUTO A PRECIOS DE MERCADO;Valor;2022(A);79.350.168
País Vasco;PRODUCTO INTERIOR BRUTO A PRECIOS DE MERCADO;Valor;2021(P);72.225.883
País Vasco;PRODUCTO INTERIOR BRUTO A PRECIOS DE MERCADO;Valor;2020;66.495.632
País Vasco;PRODUCTO INTERIOR BRUTO A PRECIOS DE MERCADO;Valor;2019;74.074.980
País Vasco;PRODUCTO INTERIOR BRUTO A PRECIOS DE MERCADO;Valor;2018;71.921.485
País Vasco;PRODUCTO INTERIOR BRUTO A PRECIOS DE MERCADO;Valor;2017;69.660.724
País Vasco;PRODUCTO INTERIOR BRUTO A PRECIOS DE MERCADO;Valor;2016;67.114.320
País Vasco;PRODUCTO INTERIOR BRUTO A PRECIOS DE MERCADO;Tasas de variación interanuales;2022(A);9,9
País Vasco;PRODUCTO INTERIOR BRUTO A PRECIOS DE MERCADO;Tasas de variación interanuales;2021(P);8,6
País Vasco;PRODUCTO INTERIOR BRUTO A PRECIOS DE MERCADO;Tasas de variación interanuales;2020;-10,2
País Vasco;PRODUCTO INTERIOR BRUTO A PRECIOS DE MERCADO;Tasas de variación interanuales;2019;3
País Vasco;PRODUCTO INTERIOR BRUTO A PRECIOS DE MERCADO;Tasas de variación interanuales;2018;3,2
País Vasco;PRODUCTO INTERIOR BRUTO A PRECIOS DE MERCADO;Tasas de variación interanuales;2017;3,8
País Vasco;PRODUCTO INTERIOR BRUTO A PRECIOS DE MERCADO;Tasas de variación interanuales;2016;..
País Vasco;PRODUCTO INTERIOR BRUTO A PRECIOS DE MERCADO;Estructura porcentual;2022(A);100
País Vasco;PRODUCTO INTERIOR BRUTO A PRECIOS DE MERCADO;Estructura porcentual;2021(P);100
País Vasco;PRODUCTO INTERIOR BRUTO A PRECIOS DE MERCADO;Estructura porcentual;2020;100
País Vasco;PRODUCTO INTERIOR BRUTO A PRECIOS DE MERCADO;Estructura porcentual;2019;100
País Vasco;PRODUCTO INTERIOR BRUTO A PRECIOS DE MERCADO;Estructura porcentual;2018;100
País Vasco;PRODUCTO INTERIOR BRUTO A PRECIOS DE MERCADO;Estructura porcentual;2017;100
País Vasco;PRODUCTO INTERIOR BRUTO A PRECIOS DE MERCADO;Estructura porcentual;2016;100
País Vasco;A. Agricultura, ganadería, silvicultura y pesca;Valor;2022(A);356.471
País Vasco;A. Agricultura, ganadería, silvicultura y pesca;Valor;2021(P);363.562
País Vasco;A. Agricultura, ganadería, silvicultura y pesca;Valor;2020;359.805
País Vasco;A. Agricultura, ganadería, silvicultura y pesca;Valor;2019;412.684
País Vasco;A. Agricultura, ganadería, silvicultura y pesca;Valor;2018;465.077
País Vasco;A. Agricultura, ganadería, silvicultura y pesca;Valor;2017;441.315
País Vasco;A. Agricultura, ganadería, silvicultura y pesca;Valor;2016;453.702
País Vasco;A. Agricultura, ganadería, silvicultura y pesca;Tasas de variación interanuales;2022(A);-2
País Vasco;A. Agricultura, ganadería, silvicultura y pesca;Tasas de variación interanuales;2021(P);1
País Vasco;A. Agricultura, ganadería, silvicultura y pesca;Tasas de variación interanuales;2020;-12,8
País Vasco;A. Agricultura, ganadería, silvicultura y pesca;Tasas de variación interanuales;2019;-11,3
País Vasco;A. Agricultura, ganadería, silvicultura y pesca;Tasas de variación interanuales;2018;5,4
País Vasco;A. Agricultura, ganadería, silvicultura y pesca;Tasas de variación interanuales;2017;-2,7
País Vasco;A. Agricultura, ganadería, silvicultura y pesca;Tasas de variación interanuales;2016;..
País Vasco;A. Agricultura, ganadería, silvicultura y pesca;Estructura porcentual;2022(A);0,4
País Vasco;A. Agricultura, ganadería, silvicultura y pesca;Estructura porcentual;2021(P);0,5
País Vasco;A. Agricultura, ganadería, silvicultura y pesca;Estructura porcentual;2020;0,5
País Vasco;A. Agricultura, ganadería, silvicultura y pesca;Estructura porcentual;2019;0,6
País Vasco;A. Agricultura, ganadería, silvicultura y pesca;Estructura porcentual;2018;0,6
País Vasco;A. Agricultura, ganadería, silvicultura y pesca;Estructura porcentual;2017;0,6
País Vasco;A. Agricultura, ganadería, silvicultura y pesca;Estructura porcentual;2016;0,7
País Vasco;B_E. Industrias extractivas, industria manufacturera, suministro de energía eléctrica, gas, vapor y aire acondicionado, suministro de agua, actividades de saneamiento, gestión de residuos y descontaminación;Valor;2022(A);18.289.034
País Vasco;B_E. Industrias extractivas, industria manufacturera, suministro de energía eléctrica, gas, vapor y aire acondicionado, suministro de agua, actividades de saneamiento, gestión de residuos y descontaminación;Valor;2021(P);15.970.120
País Vasco;B_E. Industrias extractivas, industria manufacturera, suministro de energía eléctrica, gas, vapor y aire acondicionado, suministro de agua, actividades de saneamiento, gestión de residuos y descontaminación;Valor;2020;14.176.298
País Vasco;B_E. Industrias extractivas, industria manufacturera, suministro de energía eléctrica, gas, vapor y aire acondicionado, suministro de agua, actividades de saneamiento, gestión de residuos y descontaminación;Valor;2019;15.911.335
País Vasco;B_E. Industrias extractivas, industria manufacturera, suministro de energía eléctrica, gas, vapor y aire acondicionado, suministro de agua, actividades de saneamiento, gestión de residuos y descontaminación;Valor;2018;15.727.346
País Vasco;B_E. Industrias extractivas, industria manufacturera, suministro de energía eléctrica, gas, vapor y aire acondicionado, suministro de agua, actividades de saneamiento, gestión de residuos y descontaminación;Valor;2017;15.175.751
País Vasco;B_E. Industrias extractivas, industria manufacturera, suministro de energía eléctrica, gas, vapor y aire acondicionado, suministro de agua, actividades de saneamiento, gestión de residuos y descontaminación;Valor;2016;14.619.844
País Vasco;B_E. Industrias extractivas, industria manufacturera, suministro de energía eléctrica, gas, vapor y aire acondicionado, suministro de agua, actividades de saneamiento, gestión de residuos y descontaminación;Tasas de variación interanuales;2022(A);14,5
País Vasco;B_E. Industrias extractivas, industria manufacturera, suministro de energía eléctrica, gas, vapor y aire acondicionado, suministro de agua, actividades de saneamiento, gestión de residuos y descontaminación;Tasas de variación interanuales;2021(P);12,7
País Vasco;B_E. Industrias extractivas, industria manufacturera, suministro de energía eléctrica, gas, vapor y aire acondicionado, suministro de agua, actividades de saneamiento, gestión de residuos y descontaminación;Tasas de variación interanuales;2020;-10,9
País Vasco;B_E. Industrias extractivas, industria manufacturera, suministro de energía eléctrica, gas, vapor y aire acondicionado, suministro de agua, actividades de saneamiento, gestión de residuos y descontaminación;Tasas de variación interanuales;2019;1,2
País Vasco;B_E. Industrias extractivas, industria manufacturera, suministro de energía eléctrica, gas, vapor y aire acondicionado, suministro de agua, actividades de saneamiento, gestión de residuos y descontaminación;Tasas de variación interanuales;2018;3,6
País Vasco;B_E. Industrias extractivas, industria manufacturera, suministro de energía eléctrica, gas, vapor y aire acondicionado, suministro de agua, actividades de saneamiento, gestión de residuos y descontaminación;Tasas de variación interanuales;2017;3,8
País Vasco;B_E. Industrias extractivas, industria manufacturera, suministro de energía eléctrica, gas, vapor y aire acondicionado, suministro de agua, actividades de saneamiento, gestión de residuos y descontaminación;Tasas de variación interanuales;2016;..
País Vasco;B_E. Industrias extractivas, industria manufacturera, suministro de energía eléctrica, gas, vapor y aire acondicionado, suministro de agua, actividades de saneamiento, gestión de residuos y descontaminación;Estructura porcentual;2022(A);23
País Vasco;B_E. Industrias extractivas, industria manufacturera, suministro de energía eléctrica, gas, vapor y aire acondicionado, suministro de agua, actividades de saneamiento, gestión de residuos y descontaminación;Estructura porcentual;2021(P);22,1
País Vasco;B_E. Industrias extractivas, industria manufacturera, suministro de energía eléctrica, gas, vapor y aire acondicionado, suministro de agua, actividades de saneamiento, gestión de residuos y descontaminación;Estructura porcentual;2020;21,3
País Vasco;B_E. Industrias extractivas, industria manufacturera, suministro de energía eléctrica, gas, vapor y aire acondicionado, suministro de agua, actividades de saneamiento, gestión de residuos y descontaminación;Estructura porcentual;2019;21,5
País Vasco;B_E. Industrias extractivas, industria manufacturera, suministro de energía eléctrica, gas, vapor y aire acondicionado, suministro de agua, actividades de saneamiento, gestión de residuos y descontaminación;Estructura porcentual;2018;21,9
País Vasco;B_E. Industrias extractivas, industria manufacturera, suministro de energía eléctrica, gas, vapor y aire acondicionado, suministro de agua, actividades de saneamiento, gestión de residuos y descontaminación;Estructura porcentual;2017;21,8
País Vasco;B_E. Industrias extractivas, industria manufacturera, suministro de energía eléctrica, gas, vapor y aire acondicionado, suministro de agua, actividades de saneamiento, gestión de residuos y descontaminación;Estructura porcentual;2016;21,8
País Vasco;C. - De las cuales: Industria manufacturera;Valor;2022(A);15.330.772
País Vasco;C. - De las cuales: Industria manufacturera;Valor;2021(P);13.885.747
País Vasco;C. - De las cuales: Industria manufacturera;Valor;2020;12.207.532
País Vasco;C. - De las cuales: Industria manufacturera;Valor;2019;13.937.713
País Vasco;C. - De las cuales: Industria manufacturera;Valor;2018;13.909.936
País Vasco;C. - De las cuales: Industria manufacturera;Valor;2017;13.411.927
País Vasco;C. - De las cuales: Industria manufacturera;Valor;2016;12.836.534
País Vasco;C. - De las cuales: Industria manufacturera;Tasas de variación interanuales;2022(A);10,4
País Vasco;C. - De las cuales: Industria manufacturera;Tasas de variación interanuales;2021(P);13,7
País Vasco;C. - De las cuales: Industria manufacturera;Tasas de variación interanuales;2020;-12,4
País Vasco;C. - De las cuales: Industria manufacturera;Tasas de variación interanuales;2019;0,2
País Vasco;C. - De las cuales: Industria manufacturera;Tasas de variación interanuales;2018;3,7
País Vasco;C. - De las cuales: Industria manufacturera;Tasas de variación interanuales;2017;4,5
País Vasco;C. - De las cuales: Industria manufacturera;Tasas de variación interanuales;2016;..
País Vasco;C. - De las cuales: Industria manufacturera;Estructura porcentual;2022(A);19,3
País Vasco;C. - De las cuales: Industria manufacturera;Estructura porcentual;2021(P);19,2
País Vasco;C. - De las cuales: Industria manufacturera;Estructura porcentual;2020;18,4
País Vasco;C. - De las cuales: Industria manufacturera;Estructura porcentual;2019;18,8
País Vasco;C. - De las cuales: Industria manufacturera;Estructura porcentual;2018;19,3
País Vasco;C. - De las cuales: Industria manufacturera;Estructura porcentual;2017;19,3
País Vasco;C. - De las cuales: Industria manufacturera;Estructura porcentual;2016;19,1
País Vasco;F. Construcción;Valor;2022(A);4.351.223
País Vasco;F. Construcción;Valor;2021(P);4.119.180
País Vasco;F. Construcción;Valor;2020;4.091.716
País Vasco;F. Construcción;Valor;2019;4.790.959
País Vasco;F. Construcción;Valor;2018;4.446.057
País Vasco;F. Construcción;Valor;2017;4.316.963
País Vasco;F. Construcción;Valor;2016;4.133.300
País Vasco;F. Construcción;Tasas de variación interanuales;2022(A);5,6
País Vasco;F. Construcción;Tasas de variación interanuales;2021(P);0,7
País Vasco;F. Construcción;Tasas de variación interanuales;2020;-14,6
País Vasco;F. Construcción;Tasas de variación interanuales;2019;7,8
País Vasco;F. Construcción;Tasas de variación interanuales;2018;3
País Vasco;F. Construcción;Tasas de variación interanuales;2017;4,4
País Vasco;F. Construcción;Tasas de variación interanuales;2016;..
País Vasco;F. Construcción;Estructura porcentual;2022(A);5,5
País Vasco;F. Construcción;Estructura porcentual;2021(P);5,7
País Vasco;F. Construcción;Estructura porcentual;2020;6,2
País Vasco;F. Construcción;Estructura porcentual;2019;6,5
País Vasco;F. Construcción;Estructura porcentual;2018;6,2
País Vasco;F. Construcción;Estructura porcentual;2017;6,2
País Vasco;F. Construcción;Estructura porcentual;2016;6,2
País Vasco;G_I. Comercio al por mayor y al por menor, reparación de vehículos de motor y motocicletas, transporte y almacenamiento, hostelería;Valor;2022(A);14.979.273
País Vasco;G_I. Comercio al por mayor y al por menor, reparación de vehículos de motor y motocicletas, transporte y almacenamiento, hostelería;Valor;2021(P);12.718.085
País Vasco;G_I. Comercio al por mayor y al por menor, reparación de vehículos de motor y motocicletas, transporte y almacenamiento, hostelería;Valor;2020;10.912.708
País Vasco;G_I. Comercio al por mayor y al por menor, reparación de vehículos de motor y motocicletas, transporte y almacenamiento, hostelería;Valor;2019;13.773.476
País Vasco;G_I. Comercio al por mayor y al por menor, reparación de vehículos de motor y motocicletas, transporte y almacenamiento, hostelería;Valor;2018;13.251.349
País Vasco;G_I. Comercio al por mayor y al por menor, reparación de vehículos de motor y motocicletas, transporte y almacenamiento, hostelería;Valor;2017;12.977.318
País Vasco;G_I. Comercio al por mayor y al por menor, reparación de vehículos de motor y motocicletas, transporte y almacenamiento, hostelería;Valor;2016;12.447.410
País Vasco;G_I. Comercio al por mayor y al por menor, reparación de vehículos de motor y motocicletas, transporte y almacenamiento, hostelería;Tasas de variación interanuales;2022(A);17,8
País Vasco;G_I. Comercio al por mayor y al por menor, reparación de vehículos de motor y motocicletas, transporte y almacenamiento, hostelería;Tasas de variación interanuales;2021(P);16,5
País Vasco;G_I. Comercio al por mayor y al por menor, reparación de vehículos de motor y motocicletas, transporte y almacenamiento, hostelería;Tasas de variación interanuales;2020;-20,8
País Vasco;G_I. Comercio al por mayor y al por menor, reparación de vehículos de motor y motocicletas, transporte y almacenamiento, hostelería;Tasas de variación interanuales;2019;3,9
País Vasco;G_I. Comercio al por mayor y al por menor, reparación de vehículos de motor y motocicletas, transporte y almacenamiento, hostelería;Tasas de variación interanuales;2018;2,1
País Vasco;G_I. Comercio al por mayor y al por menor, reparación de vehículos de motor y motocicletas, transporte y almacenamiento, hostelería;Tasas de variación interanuales;2017;4,3
País Vasco;G_I. Comercio al por mayor y al por menor, reparación de vehículos de motor y motocicletas, transporte y almacenamiento, hostelería;Tasas de variación interanuales;2016;..
País Vasco;G_I. Comercio al por mayor y al por menor, reparación de vehículos de motor y motocicletas, transporte y almacenamiento, hostelería;Estructura porcentual;2022(A);18,9
País Vasco;G_I. Comercio al por mayor y al por menor, reparación de vehículos de motor y motocicletas, transporte y almacenamiento, hostelería;Estructura porcentual;2021(P);17,6
País Vasco;G_I. Comercio al por mayor y al por menor, reparación de vehículos de motor y motocicletas, transporte y almacenamiento, hostelería;Estructura porcentual;2020;16,4
País Vasco;G_I. Comercio al por mayor y al por menor, reparación de vehículos de motor y motocicletas, transporte y almacenamiento, hostelería;Estructura porcentual;2019;18,6
País Vasco;G_I. Comercio al por mayor y al por menor, reparación de vehículos de motor y motocicletas, transporte y almacenamiento, hostelería;Estructura porcentual;2018;18,4
País Vasco;G_I. Comercio al por mayor y al por menor, reparación de vehículos de motor y motocicletas, transporte y almacenamiento, hostelería;Estructura porcentual;2017;18,6
País Vasco;G_I. Comercio al por mayor y al por menor, reparación de vehículos de motor y motocicletas, transporte y almacenamiento, hostelería;Estructura porcentual;2016;18,5
País Vasco;J. Información y comunicaciones;Valor;2022(A);1.969.253
País Vasco;J. Información y comunicaciones;Valor;2021(P);1.829.198
País Vasco;J. Información y comunicaciones;Valor;2020;1.735.647
País Vasco;J. Información y comunicaciones;Valor;2019;1.774.470
País Vasco;J. Información y comunicaciones;Valor;2018;1.743.657
País Vasco;J. Información y comunicaciones;Valor;2017;1.703.669
País Vasco;J. Información y comunicaciones;Valor;2016;1.607.698
País Vasco;J. Información y comunicaciones;Tasas de variación interanuales;2022(A);7,7
País Vasco;J. Información y comunicaciones;Tasas de variación interanuales;2021(P);5,4
País Vasco;J. Información y comunicaciones;Tasas de variación interanuales;2020;-2,2
País Vasco;J. Información y comunicaciones;Tasas de variación interanuales;2019;1,8
País Vasco;J. Información y comunicaciones;Tasas de variación interanuales;2018;2,3
País Vasco;J. Información y comunicaciones;Tasas de variación interanuales;2017;6
País Vasco;J. Información y comunicaciones;Tasas de variación interanuales;2016;..
País Vasco;J. Información y comunicaciones;Estructura porcentual;2022(A);2,5
País Vasco;J. Información y comunicaciones;Estructura porcentual;2021(P);2,5
País Vasco;J. Información y comunicaciones;Estructura porcentual;2020;2,6
País Vasco;J. Información y comunicaciones;Estructura porcentual;2019;2,4
País Vasco;J. Información y comunicaciones;Estructura porcentual;2018;2,4
País Vasco;J. Información y comunicaciones;Estructura porcentual;2017;2,4
País Vasco;J. Información y comunicaciones;Estructura porcentual;2016;2,4
País Vasco;K. Actividades financieras y de seguros;Valor;2022(A);2.768.778
País Vasco;K. Actividades financieras y de seguros;Valor;2021(P);2.443.438
País Vasco;K. Actividades financieras y de seguros;Valor;2020;2.409.855
País Vasco;K. Actividades financieras y de seguros;Valor;2019;2.304.219
País Vasco;K. Actividades financieras y de seguros;Valor;2018;2.288.694
País Vasco;K. Actividades financieras y de seguros;Valor;2017;2.083.147
País Vasco;K. Actividades financieras y de seguros;Valor;2016;1.962.610
País Vasco;K. Actividades financieras y de seguros;Tasas de variación interanuales;2022(A);13,3
País Vasco;K. Actividades financieras y de seguros;Tasas de variación interanuales;2021(P);1,4
País Vasco;K. Actividades financieras y de seguros;Tasas de variación interanuales;2020;4,6
País Vasco;K. Actividades financieras y de seguros;Tasas de variación interanuales;2019;0,7
País Vasco;K. Actividades financieras y de seguros;Tasas de variación interanuales;2018;9,9
País Vasco;K. Actividades financieras y de seguros;Tasas de variación interanuales;2017;6,1
País Vasco;K. Actividades financieras y de seguros;Tasas de variación interanuales;2016;..
País Vasco;K. Actividades financieras y de seguros;Estructura porcentual;2022(A);3,5
País Vasco;K. Actividades financieras y de seguros;Estructura porcentual;2021(P);3,4
País Vasco;K. Actividades financieras y de seguros;Estructura porcentual;2020;3,6
País Vasco;K. Actividades financieras y de seguros;Estructura porcentual;2019;3,1
País Vasco;K. Actividades financieras y de seguros;Estructura porcentual;2018;3,2
País Vasco;K. Actividades financieras y de seguros;Estructura porcentual;2017;3
País Vasco;K. Actividades financieras y de seguros;Estructura porcentual;2016;2,9
País Vasco;L. Actividades inmobiliarias;Valor;2022(A);8.020.848
País Vasco;L. Actividades inmobiliarias;Valor;2021(P);7.699.357
País Vasco;L. Actividades inmobiliarias;Valor;2020;7.550.809
País Vasco;L. Actividades inmobiliarias;Valor;2019;7.543.359
País Vasco;L. Actividades inmobiliarias;Valor;2018;7.353.373
País Vasco;L. Actividades inmobiliarias;Valor;2017;7.142.267
País Vasco;L. Actividades inmobiliarias;Valor;2016;7.011.815
País Vasco;L. Actividades inmobiliarias;Tasas de variación interanuales;2022(A);4,2
País Vasco;L. Actividades inmobiliarias;Tasas de variación interanuales;2021(P);2
País Vasco;L. Actividades inmobiliarias;Tasas de variación interanuales;2020;0,1
País Vasco;L. Actividades inmobiliarias;Tasas de variación interanuales;2019;2,6
País Vasco;L. Actividades inmobiliarias;Tasas de variación interanuales;2018;3
País Vasco;L. Actividades inmobiliarias;Tasas de variación interanuales;2017;1,9
País Vasco;L. Actividades inmobiliarias;Tasas de variación interanuales;2016;..
País Vasco;L. Actividades inmobiliarias;Estructura porcentual;2022(A);10,1
País Vasco;L. Actividades inmobiliarias;Estructura porcentual;2021(P);10,7
País Vasco;L. Actividades inmobiliarias;Estructura porcentual;2020;11,4
País Vasco;L. Actividades inmobiliarias;Estructura porcentual;2019;10,2
País Vasco;L. Actividades inmobiliarias;Estructura porcentual;2018;10,2
País Vasco;L. Actividades inmobiliarias;Estructura porcentual;2017;10,3
País Vasco;L. Actividades inmobiliarias;Estructura porcentual;2016;10,4
País Vasco;M_N. Actividades profesionales, científicas y técnicas, actividades administrativas y servicios auxiliares;Valor;2022(A);5.942.341
País Vasco;M_N. Actividades profesionales, científicas y técnicas, actividades administrativas y servicios auxiliares;Valor;2021(P);5.430.078
País Vasco;M_N. Actividades profesionales, científicas y técnicas, actividades administrativas y servicios auxiliares;Valor;2020;5.067.410
País Vasco;M_N. Actividades profesionales, científicas y técnicas, actividades administrativas y servicios auxiliares;Valor;2019;5.460.189
País Vasco;M_N. Actividades profesionales, científicas y técnicas, actividades administrativas y servicios auxiliares;Valor;2018;5.265.935
País Vasco;M_N. Actividades profesionales, científicas y técnicas, actividades administrativas y servicios auxiliares;Valor;2017;5.012.316
País Vasco;M_N. Actividades profesionales, científicas y técnicas, actividades administrativas y servicios auxiliares;Valor;2016;4.956.224
País Vasco;M_N. Actividades profesionales, científicas y técnicas, actividades administrativas y servicios auxiliares;Tasas de variación interanuales;2022(A);9,4
País Vasco;M_N. Actividades profesionales, científicas y técnicas, actividades administrativas y servicios auxiliares;Tasas de variación interanuales;2021(P);7,2
País Vasco;M_N. Actividades profesionales, científicas y técnicas, actividades administrativas y servicios auxiliares;Tasas de variación interanuales;2020;-7,2
País Vasco;M_N. Actividades profesionales, científicas y técnicas, actividades administrativas y servicios auxiliares;Tasas de variación interanuales;2019;3,7
País Vasco;M_N. Actividades profesionales, científicas y técnicas, actividades administrativas y servicios auxiliares;Tasas de variación interanuales;2018;5,1
País Vasco;M_N. Actividades profesionales, científicas y técnicas, actividades administrativas y servicios auxiliares;Tasas de variación interanuales;2017;1,1
País Vasco;M_N. Actividades profesionales, científicas y técnicas, actividades administrativas y servicios auxiliares;Tasas de variación interanuales;2016;..
País Vasco;M_N. Actividades profesionales, científicas y técnicas, actividades administrativas y servicios auxiliares;Estructura porcentual;2022(A);7,5
País Vasco;M_N. Actividades profesionales, científicas y técnicas, actividades administrativas y servicios auxiliares;Estructura porcentual;2021(P);7,5
País Vasco;M_N. Actividades profesionales, científicas y técnicas, actividades administrativas y servicios auxiliares;Estructura porcentual;2020;7,6
País Vasco;M_N. Actividades profesionales, científicas y técnicas, actividades administrativas y servicios auxiliares;Estructura porcentual;2019;7,4
País Vasco;M_N. Actividades profesionales, científicas y técnicas, actividades administrativas y servicios auxiliares;Estructura porcentual;2018;7,3
País Vasco;M_N. Actividades profesionales, científicas y técnicas, actividades administrativas y servicios auxiliares;Estructura porcentual;2017;7,2
País Vasco;M_N. Actividades profesionales, científicas y técnicas, actividades administrativas y servicios auxiliares;Estructura porcentual;2016;7,4
País Vasco;O_Q. Administración pública y defensa, seguridad social obligatoria, educación, actividades sanitarias y de servicios sociales;Valor;2022(A);12.344.101
País Vasco;O_Q. Administración pública y defensa, seguridad social obligatoria, educación, actividades sanitarias y de servicios sociales;Valor;2021(P);11.987.055
País Vasco;O_Q. Administración pública y defensa, seguridad social obligatoria, educación, actividades sanitarias y de servicios sociales;Valor;2020;11.667.775
País Vasco;O_Q. Administración pública y defensa, seguridad social obligatoria, educación, actividades sanitarias y de servicios sociales;Valor;2019;11.895.334
País Vasco;O_Q. Administración pública y defensa, seguridad social obligatoria, educación, actividades sanitarias y de servicios sociales;Valor;2018;11.243.048
País Vasco;O_Q. Administración pública y defensa, seguridad social obligatoria, educación, actividades sanitarias y de servicios sociales;Valor;2017;11.072.379
País Vasco;O_Q. Administración pública y defensa, seguridad social obligatoria, educación, actividades sanitarias y de servicios sociales;Valor;2016;10.668.951
País Vasco;O_Q. Administración pública y defensa, seguridad social obligatoria, educación, actividades sanitarias y de servicios sociales;Tasas de variación interanuales;2022(A);3
País Vasco;O_Q. Administración pública y defensa, seguridad social obligatoria, educación, actividades sanitarias y de servicios sociales;Tasas de variación interanuales;2021(P);2,7
País Vasco;O_Q. Administración pública y defensa, seguridad social obligatoria, educación, actividades sanitarias y de servicios sociales;Tasas de variación interanuales;2020;-1,9
País Vasco;O_Q. Administración pública y defensa, seguridad social obligatoria, educación, actividades sanitarias y de servicios sociales;Tasas de variación interanuales;2019;5,8
País Vasco;O_Q. Administración pública y defensa, seguridad social obligatoria, educación, actividades sanitarias y de servicios sociales;Tasas de variación interanuales;2018;1,5
País Vasco;O_Q. Administración pública y defensa, seguridad social obligatoria, educación, actividades sanitarias y de servicios sociales;Tasas de variación interanuales;2017;3,8
País Vasco;O_Q. Administración pública y defensa, seguridad social obligatoria, educación, actividades sanitarias y de servicios sociales;Tasas de variación interanuales;2016;..
País Vasco;O_Q. Administración pública y defensa, seguridad social obligatoria, educación, actividades sanitarias y de servicios sociales;Estructura porcentual;2022(A);15,6
País Vasco;O_Q. Administración pública y defensa, seguridad social obligatoria, educación, actividades sanitarias y de servicios sociales;Estructura porcentual;2021(P);16,6
País Vasco;O_Q. Administración pública y defensa, seguridad social obligatoria, educación, actividades sanitarias y de servicios sociales;Estructura porcentual;2020;17,5
País Vasco;O_Q. Administración pública y defensa, seguridad social obligatoria, educación, actividades sanitarias y de servicios sociales;Estructura porcentual;2019;16,1
País Vasco;O_Q. Administración pública y defensa, seguridad social obligatoria, educación, actividades sanitarias y de servicios sociales;Estructura porcentual;2018;15,6
País Vasco;O_Q. Administración pública y defensa, seguridad social obligatoria, educación, actividades sanitarias y de servicios sociales;Estructura porcentual;2017;15,9
País Vasco;O_Q. Administración pública y defensa, seguridad social obligatoria, educación, actividades sanitarias y de servicios sociales;Estructura porcentual;2016;15,9
País Vasco;R_U. Actividades artísticas, recreativas y de entretenimiento, reparación de artículos de uso doméstico y otros servicios;Valor;2022(A);3.212.610
País Vasco;R_U. Actividades artísticas, recreativas y de entretenimiento, reparación de artículos de uso doméstico y otros servicios;Valor;2021(P);2.785.475
País Vasco;R_U. Actividades artísticas, recreativas y de entretenimiento, reparación de artículos de uso doméstico y otros servicios;Valor;2020;2.704.610
País Vasco;R_U. Actividades artísticas, recreativas y de entretenimiento, reparación de artículos de uso doméstico y otros servicios;Valor;2019;3.316.337
País Vasco;R_U. Actividades artísticas, recreativas y de entretenimiento, reparación de artículos de uso doméstico y otros servicios;Valor;2018;3.300.083
País Vasco;R_U. Actividades artísticas, recreativas y de entretenimiento, reparación de artículos de uso doméstico y otros servicios;Valor;2017;3.222.681
País Vasco;R_U. Actividades artísticas, recreativas y de entretenimiento, reparación de artículos de uso doméstico y otros servicios;Valor;2016;3.040.587
País Vasco;R_U. Actividades artísticas, recreativas y de entretenimiento, reparación de artículos de uso doméstico y otros servicios;Tasas de variación interanuales;2022(A);15,3
País Vasco;R_U. Actividades artísticas, recreativas y de entretenimiento, reparación de artículos de uso doméstico y otros servicios;Tasas de variación interanuales;2021(P);3
País Vasco;R_U. Actividades artísticas, recreativas y de entretenimiento, reparación de artículos de uso doméstico y otros servicios;Tasas de variación interanuales;2020;-18,4
País Vasco;R_U. Actividades artísticas, recreativas y de entretenimiento, reparación de artículos de uso doméstico y otros servicios;Tasas de variación interanuales;2019;0,5
País Vasco;R_U. Actividades artísticas, recreativas y de entretenimiento, reparación de artículos de uso doméstico y otros servicios;Tasas de variación interanuales;2018;2,4
País Vasco;R_U. Actividades artísticas, recreativas y de entretenimiento, reparación de artículos de uso doméstico y otros servicios;Tasas de variación interanuales;2017;6
País Vasco;R_U. Actividades artísticas, recreativas y de entretenimiento, reparación de artículos de uso doméstico y otros servicios;Tasas de variación interanuales;2016;..
País Vasco;R_U. Actividades artísticas, recreativas y de entretenimiento, reparación de artículos de uso doméstico y otros servicios;Estructura porcentual;2022(A);4
País Vasco;R_U. Actividades artísticas, recreativas y de entretenimiento, reparación de artículos de uso doméstico y otros servicios;Estructura porcentual;2021(P);3,9
País Vasco;R_U. Actividades artísticas, recreativas y de entretenimiento, reparación de artículos de uso doméstico y otros servicios;Estructura porcentual;2020;4,1
País Vasco;R_U. Actividades artísticas, recreativas y de entretenimiento, reparación de artículos de uso doméstico y otros servicios;Estructura porcentual;2019;4,5
País Vasco;R_U. Actividades artísticas, recreativas y de entretenimiento, reparación de artículos de uso doméstico y otros servicios;Estructura porcentual;2018;4,6
País Vasco;R_U. Actividades artísticas, recreativas y de entretenimiento, reparación de artículos de uso doméstico y otros servicios;Estructura porcentual;2017;4,6
País Vasco;R_U. Actividades artísticas, recreativas y de entretenimiento, reparación de artículos de uso doméstico y otros servicios;Estructura porcentual;2016;4,5
País Vasco;Valor añadido bruto total;Valor;2022(A);72.233.932
País Vasco;Valor añadido bruto total;Valor;2021(P);65.345.548
País Vasco;Valor añadido bruto total;Valor;2020;60.676.633
País Vasco;Valor añadido bruto total;Valor;2019;67.182.362
País Vasco;Valor añadido bruto total;Valor;2018;65.084.619
País Vasco;Valor añadido bruto total;Valor;2017;63.147.806
País Vasco;Valor añadido bruto total;Valor;2016;60.902.141
País Vasco;Valor añadido bruto total;Tasas de variación interanuales;2022(A);10,5
País Vasco;Valor añadido bruto total;Tasas de variación interanuales;2021(P);7,7
País Vasco;Valor añadido bruto total;Tasas de variación interanuales;2020;-9,7
País Vasco;Valor añadido bruto total;Tasas de variación interanuales;2019;3,2
País Vasco;Valor añadido bruto total;Tasas de variación interanuales;2018;3,1
País Vasco;Valor añadido bruto total;Tasas de variación interanuales;2017;3,7
País Vasco;Valor añadido bruto total;Tasas de variación interanuales;2016;..
País Vasco;Valor añadido bruto total;Estructura porcentual;2022(A);91
País Vasco;Valor añadido bruto total;Estructura porcentual;2021(P);90,5
País Vasco;Valor añadido bruto total;Estructura porcentual;2020;91,2
País Vasco;Valor añadido bruto total;Estructura porcentual;2019;90,7
País Vasco;Valor añadido bruto total;Estructura porcentual;2018;90,5
País Vasco;Valor añadido bruto total;Estructura porcentual;2017;90,7
País Vasco;Valor añadido bruto total;Estructura porcentual;2016;90,7
País Vasco;Impuestos netos sobre los productos;Valor;2022(A);7.116.236
País Vasco;Impuestos netos sobre los productos;Valor;2021(P);6.880.335
País Vasco;Impuestos netos sobre los productos;Valor;2020;5.818.999
País Vasco;Impuestos netos sobre los productos;Valor;2019;6.892.618
País Vasco;Impuestos netos sobre los productos;Valor;2018;6.836.866
País Vasco;Impuestos netos sobre los productos;Valor;2017;6.512.918
País Vasco;Impuestos netos sobre los productos;Valor;2016;6.212.179
País Vasco;Impuestos netos sobre los productos;Tasas de variación interanuales;2022(A);3,4
País Vasco;Impuestos netos sobre los productos;Tasas de variación interanuales;2021(P);18,2
País Vasco;Impuestos netos sobre los productos;Tasas de variación interanuales;2020;-15,6
País Vasco;Impuestos netos sobre los productos;Tasas de variación interanuales;2019;0,8
País Vasco;Impuestos netos sobre los productos;Tasas de variación interanuales;2018;5
País Vasco;Impuestos netos sobre los productos;Tasas de variación interanuales;2017;4,8
País Vasco;Impuestos netos sobre los productos;Tasas de variación interanuales;2016;..
País Vasco;Impuestos netos sobre los productos;Estructura porcentual;2022(A);9
País Vasco;Impuestos netos sobre los productos;Estructura porcentual;2021(P);9,5
País Vasco;Impuestos netos sobre los productos;Estructura porcentual;2020;8,8
País Vasco;Impuestos netos sobre los productos;Estructura porcentual;2019;9,3
País Vasco;Impuestos netos sobre los productos;Estructura porcentual;2018;9,5
País Vasco;Impuestos netos sobre los productos;Estructura porcentual;2017;9,3
País Vasco;Impuestos netos sobre los productos;Estructura porcentual;2016;9,3
País Vasco;PRODUCTO INTERIOR BRUTO A PRECIOS DE MERCADO;Valor;2022(A);79.350.168
País Vasco;PRODUCTO INTERIOR BRUTO A PRECIOS DE MERCADO;Valor;2021(P);72.225.883
País Vasco;PRODUCTO INTERIOR BRUTO A PRECIOS DE MERCADO;Valor;2020;66.495.632
País Vasco;PRODUCTO INTERIOR BRUTO A PRECIOS DE MERCADO;Valor;2019;74.074.980
País Vasco;PRODUCTO INTERIOR BRUTO A PRECIOS DE MERCADO;Valor;2018;71.921.485
País Vasco;PRODUCTO INTERIOR BRUTO A PRECIOS DE MERCADO;Valor;2017;69.660.724
País Vasco;PRODUCTO INTERIOR BRUTO A PRECIOS DE MERCADO;Valor;2016;67.114.320
País Vasco;PRODUCTO INTERIOR BRUTO A PRECIOS DE MERCADO;Tasas de variación interanuales;2022(A);9,9
País Vasco;PRODUCTO INTERIOR BRUTO A PRECIOS DE MERCADO;Tasas de variación interanuales;2021(P);8,6
País Vasco;PRODUCTO INTERIOR BRUTO A PRECIOS DE MERCADO;Tasas de variación interanuales;2020;-10,2
País Vasco;PRODUCTO INTERIOR BRUTO A PRECIOS DE MERCADO;Tasas de variación interanuales;2019;3
País Vasco;PRODUCTO INTERIOR BRUTO A PRECIOS DE MERCADO;Tasas de variación interanuales;2018;3,2
País Vasco;PRODUCTO INTERIOR BRUTO A PRECIOS DE MERCADO;Tasas de variación interanuales;2017;3,8
País Vasco;PRODUCTO INTERIOR BRUTO A PRECIOS DE MERCADO;Tasas de variación interanuales;2016;..
País Vasco;PRODUCTO INTERIOR BRUTO A PRECIOS DE MERCADO;Estructura porcentual;2022(A);100
País Vasco;PRODUCTO INTERIOR BRUTO A PRECIOS DE MERCADO;Estructura porcentual;2021(P);100
País Vasco;PRODUCTO INTERIOR BRUTO A PRECIOS DE MERCADO;Estructura porcentual;2020;100
País Vasco;PRODUCTO INTERIOR BRUTO A PRECIOS DE MERCADO;Estructura porcentual;2019;100
País Vasco;PRODUCTO INTERIOR BRUTO A PRECIOS DE MERCADO;Estructura porcentual;2018;100
País Vasco;PRODUCTO INTERIOR BRUTO A PRECIOS DE MERCADO;Estructura porcentual;2017;100
País Vasco;PRODUCTO INTERIOR BRUTO A PRECIOS DE MERCADO;Estructura porcentual;2016;100
Rioja, La;PRODUCTO INTERIOR BRUTO A PRECIOS DE MERCADO;Valor;2022(A);9.501.978
Rioja, La;PRODUCTO INTERIOR BRUTO A PRECIOS DE MERCADO;Valor;2021(P);8.619.779
Rioja, La;PRODUCTO INTERIOR BRUTO A PRECIOS DE MERCADO;Valor;2020;8.105.603
Rioja, La;PRODUCTO INTERIOR BRUTO A PRECIOS DE MERCADO;Valor;2019;8.822.400
Rioja, La;PRODUCTO INTERIOR BRUTO A PRECIOS DE MERCADO;Valor;2018;8.602.306
Rioja, La;PRODUCTO INTERIOR BRUTO A PRECIOS DE MERCADO;Valor;2017;8.295.967
Rioja, La;PRODUCTO INTERIOR BRUTO A PRECIOS DE MERCADO;Valor;2016;8.013.970
Rioja, La;PRODUCTO INTERIOR BRUTO A PRECIOS DE MERCADO;Tasas de variación interanuales;2022(A);10,2
Rioja, La;PRODUCTO INTERIOR BRUTO A PRECIOS DE MERCADO;Tasas de variación interanuales;2021(P);6,3
Rioja, La;PRODUCTO INTERIOR BRUTO A PRECIOS DE MERCADO;Tasas de variación interanuales;2020;-8,1
Rioja, La;PRODUCTO INTERIOR BRUTO A PRECIOS DE MERCADO;Tasas de variación interanuales;2019;2,6
Rioja, La;PRODUCTO INTERIOR BRUTO A PRECIOS DE MERCADO;Tasas de variación interanuales;2018;3,7
Rioja, La;PRODUCTO INTERIOR BRUTO A PRECIOS DE MERCADO;Tasas de variación interanuales;2017;3,5
Rioja, La;PRODUCTO INTERIOR BRUTO A PRECIOS DE MERCADO;Tasas de variación interanuales;2016;..
Rioja, La;PRODUCTO INTERIOR BRUTO A PRECIOS DE MERCADO;Estructura porcentual;2022(A);100
Rioja, La;PRODUCTO INTERIOR BRUTO A PRECIOS DE MERCADO;Estructura porcentual;2021(P);100
Rioja, La;PRODUCTO INTERIOR BRUTO A PRECIOS DE MERCADO;Estructura porcentual;2020;100
Rioja, La;PRODUCTO INTERIOR BRUTO A PRECIOS DE MERCADO;Estructura porcentual;2019;100
Rioja, La;PRODUCTO INTERIOR BRUTO A PRECIOS DE MERCADO;Estructura porcentual;2018;100
Rioja, La;PRODUCTO INTERIOR BRUTO A PRECIOS DE MERCADO;Estructura porcentual;2017;100
Rioja, La;PRODUCTO INTERIOR BRUTO A PRECIOS DE MERCADO;Estructura porcentual;2016;100
Rioja, La;A. Agricultura, ganadería, silvicultura y pesca;Valor;2022(A);450.952
Rioja, La;A. Agricultura, ganadería, silvicultura y pesca;Valor;2021(P);476.624
Rioja, La;A. Agricultura, ganadería, silvicultura y pesca;Valor;2020;467.196
Rioja, La;A. Agricultura, ganadería, silvicultura y pesca;Valor;2019;480.753
Rioja, La;A. Agricultura, ganadería, silvicultura y pesca;Valor;2018;574.604
Rioja, La;A. Agricultura, ganadería, silvicultura y pesca;Valor;2017;469.001
Rioja, La;A. Agricultura, ganadería, silvicultura y pesca;Valor;2016;347.299
Rioja, La;A. Agricultura, ganadería, silvicultura y pesca;Tasas de variación interanuales;2022(A);-5,4
Rioja, La;A. Agricultura, ganadería, silvicultura y pesca;Tasas de variación interanuales;2021(P);2
Rioja, La;A. Agricultura, ganadería, silvicultura y pesca;Tasas de variación interanuales;2020;-2,8
Rioja, La;A. Agricultura, ganadería, silvicultura y pesca;Tasas de variación interanuales;2019;-16,3
Rioja, La;A. Agricultura, ganadería, silvicultura y pesca;Tasas de variación interanuales;2018;22,5
Rioja, La;A. Agricultura, ganadería, silvicultura y pesca;Tasas de variación interanuales;2017;35
Rioja, La;A. Agricultura, ganadería, silvicultura y pesca;Tasas de variación interanuales;2016;..
Rioja, La;A. Agricultura, ganadería, silvicultura y pesca;Estructura porcentual;2022(A);4,7
Rioja, La;A. Agricultura, ganadería, silvicultura y pesca;Estructura porcentual;2021(P);5,5
Rioja, La;A. Agricultura, ganadería, silvicultura y pesca;Estructura porcentual;2020;5,8
Rioja, La;A. Agricultura, ganadería, silvicultura y pesca;Estructura porcentual;2019;5,4
Rioja, La;A. Agricultura, ganadería, silvicultura y pesca;Estructura porcentual;2018;6,7
Rioja, La;A. Agricultura, ganadería, silvicultura y pesca;Estructura porcentual;2017;5,7
Rioja, La;A. Agricultura, ganadería, silvicultura y pesca;Estructura porcentual;2016;4,3
Rioja, La;B_E. Industrias extractivas, industria manufacturera, suministro de energía eléctrica, gas, vapor y aire acondicionado, suministro de agua, actividades de saneamiento, gestión de residuos y descontaminación;Valor;2022(A);2.246.244
Rioja, La;B_E. Industrias extractivas, industria manufacturera, suministro de energía eléctrica, gas, vapor y aire acondicionado, suministro de agua, actividades de saneamiento, gestión de residuos y descontaminación;Valor;2021(P);1.987.268
Rioja, La;B_E. Industrias extractivas, industria manufacturera, suministro de energía eléctrica, gas, vapor y aire acondicionado, suministro de agua, actividades de saneamiento, gestión de residuos y descontaminación;Valor;2020;1.881.181
Rioja, La;B_E. Industrias extractivas, industria manufacturera, suministro de energía eléctrica, gas, vapor y aire acondicionado, suministro de agua, actividades de saneamiento, gestión de residuos y descontaminación;Valor;2019;2.041.910
Rioja, La;B_E. Industrias extractivas, industria manufacturera, suministro de energía eléctrica, gas, vapor y aire acondicionado, suministro de agua, actividades de saneamiento, gestión de residuos y descontaminación;Valor;2018;2.001.543
Rioja, La;B_E. Industrias extractivas, industria manufacturera, suministro de energía eléctrica, gas, vapor y aire acondicionado, suministro de agua, actividades de saneamiento, gestión de residuos y descontaminación;Valor;2017;2.026.978
Rioja, La;B_E. Industrias extractivas, industria manufacturera, suministro de energía eléctrica, gas, vapor y aire acondicionado, suministro de agua, actividades de saneamiento, gestión de residuos y descontaminación;Valor;2016;2.057.397
Rioja, La;B_E. Industrias extractivas, industria manufacturera, suministro de energía eléctrica, gas, vapor y aire acondicionado, suministro de agua, actividades de saneamiento, gestión de residuos y descontaminación;Tasas de variación interanuales;2022(A);13
Rioja, La;B_E. Industrias extractivas, industria manufacturera, suministro de energía eléctrica, gas, vapor y aire acondicionado, suministro de agua, actividades de saneamiento, gestión de residuos y descontaminación;Tasas de variación interanuales;2021(P);5,6
Rioja, La;B_E. Industrias extractivas, industria manufacturera, suministro de energía eléctrica, gas, vapor y aire acondicionado, suministro de agua, actividades de saneamiento, gestión de residuos y descontaminación;Tasas de variación interanuales;2020;-7,9
Rioja, La;B_E. Industrias extractivas, industria manufacturera, suministro de energía eléctrica, gas, vapor y aire acondicionado, suministro de agua, actividades de saneamiento, gestión de residuos y descontaminación;Tasas de variación interanuales;2019;2
Rioja, La;B_E. Industrias extractivas, industria manufacturera, suministro de energía eléctrica, gas, vapor y aire acondicionado, suministro de agua, actividades de saneamiento, gestión de residuos y descontaminación;Tasas de variación interanuales;2018;-1,3
Rioja, La;B_E. Industrias extractivas, industria manufacturera, suministro de energía eléctrica, gas, vapor y aire acondicionado, suministro de agua, actividades de saneamiento, gestión de residuos y descontaminación;Tasas de variación interanuales;2017;-1,5
Rioja, La;B_E. Industrias extractivas, industria manufacturera, suministro de energía eléctrica, gas, vapor y aire acondicionado, suministro de agua, actividades de saneamiento, gestión de residuos y descontaminación;Tasas de variación interanuales;2016;..
Rioja, La;B_E. Industrias extractivas, industria manufacturera, suministro de energía eléctrica, gas, vapor y aire acondicionado, suministro de agua, actividades de saneamiento, gestión de residuos y descontaminación;Estructura porcentual;2022(A);23,6
Rioja, La;B_E. Industrias extractivas, industria manufacturera, suministro de energía eléctrica, gas, vapor y aire acondicionado, suministro de agua, actividades de saneamiento, gestión de residuos y descontaminación;Estructura porcentual;2021(P);23,1
Rioja, La;B_E. Industrias extractivas, industria manufacturera, suministro de energía eléctrica, gas, vapor y aire acondicionado, suministro de agua, actividades de saneamiento, gestión de residuos y descontaminación;Estructura porcentual;2020;23,2
Rioja, La;B_E. Industrias extractivas, industria manufacturera, suministro de energía eléctrica, gas, vapor y aire acondicionado, suministro de agua, actividades de saneamiento, gestión de residuos y descontaminación;Estructura porcentual;2019;23,1
Rioja, La;B_E. Industrias extractivas, industria manufacturera, suministro de energía eléctrica, gas, vapor y aire acondicionado, suministro de agua, actividades de saneamiento, gestión de residuos y descontaminación;Estructura porcentual;2018;23,3
Rioja, La;B_E. Industrias extractivas, industria manufacturera, suministro de energía eléctrica, gas, vapor y aire acondicionado, suministro de agua, actividades de saneamiento, gestión de residuos y descontaminación;Estructura porcentual;2017;24,4
Rioja, La;B_E. Industrias extractivas, industria manufacturera, suministro de energía eléctrica, gas, vapor y aire acondicionado, suministro de agua, actividades de saneamiento, gestión de residuos y descontaminación;Estructura porcentual;2016;25,7
Rioja, La;C. - De las cuales: Industria manufacturera;Valor;2022(A);1.831.995
Rioja, La;C. - De las cuales: Industria manufacturera;Valor;2021(P);1.687.784
Rioja, La;C. - De las cuales: Industria manufacturera;Valor;2020;1.617.797
Rioja, La;C. - De las cuales: Industria manufacturera;Valor;2019;1.786.257
Rioja, La;C. - De las cuales: Industria manufacturera;Valor;2018;1.775.846
Rioja, La;C. - De las cuales: Industria manufacturera;Valor;2017;1.825.677
Rioja, La;C. - De las cuales: Industria manufacturera;Valor;2016;1.854.632
Rioja, La;C. - De las cuales: Industria manufacturera;Tasas de variación interanuales;2022(A);8,5
Rioja, La;C. - De las cuales: Industria manufacturera;Tasas de variación interanuales;2021(P);4,3
Rioja, La;C. - De las cuales: Industria manufacturera;Tasas de variación interanuales;2020;-9,4
Rioja, La;C. - De las cuales: Industria manufacturera;Tasas de variación interanuales;2019;0,6
Rioja, La;C. - De las cuales: Industria manufacturera;Tasas de variación interanuales;2018;-2,7
Rioja, La;C. - De las cuales: Industria manufacturera;Tasas de variación interanuales;2017;-1,6
Rioja, La;C. - De las cuales: Industria manufacturera;Tasas de variación interanuales;2016;..
Rioja, La;C. - De las cuales: Industria manufacturera;Estructura porcentual;2022(A);19,3
Rioja, La;C. - De las cuales: Industria manufacturera;Estructura porcentual;2021(P);19,6
Rioja, La;C. - De las cuales: Industria manufacturera;Estructura porcentual;2020;20
Rioja, La;C. - De las cuales: Industria manufacturera;Estructura porcentual;2019;20,2
Rioja, La;C. - De las cuales: Industria manufacturera;Estructura porcentual;2018;20,6
Rioja, La;C. - De las cuales: Industria manufacturera;Estructura porcentual;2017;22
Rioja, La;C. - De las cuales: Industria manufacturera;Estructura porcentual;2016;23,1
Rioja, La;F. Construcción;Valor;2022(A);464.328
Rioja, La;F. Construcción;Valor;2021(P);438.925
Rioja, La;F. Construcción;Valor;2020;429.765
Rioja, La;F. Construcción;Valor;2019;493.419
Rioja, La;F. Construcción;Valor;2018;443.332
Rioja, La;F. Construcción;Valor;2017;427.643
Rioja, La;F. Construcción;Valor;2016;408.838
Rioja, La;F. Construcción;Tasas de variación interanuales;2022(A);5,8
Rioja, La;F. Construcción;Tasas de variación interanuales;2021(P);2,1
Rioja, La;F. Construcción;Tasas de variación interanuales;2020;-12,9
Rioja, La;F. Construcción;Tasas de variación interanuales;2019;11,3
Rioja, La;F. Construcción;Tasas de variación interanuales;2018;3,7
Rioja, La;F. Construcción;Tasas de variación interanuales;2017;4,6
Rioja, La;F. Construcción;Tasas de variación interanuales;2016;..
Rioja, La;F. Construcción;Estructura porcentual;2022(A);4,9
Rioja, La;F. Construcción;Estructura porcentual;2021(P);5,1
Rioja, La;F. Construcción;Estructura porcentual;2020;5,3
Rioja, La;F. Construcción;Estructura porcentual;2019;5,6
Rioja, La;F. Construcción;Estructura porcentual;2018;5,2
Rioja, La;F. Construcción;Estructura porcentual;2017;5,2
Rioja, La;F. Construcción;Estructura porcentual;2016;5,1
Rioja, La;G_I. Comercio al por mayor y al por menor, reparación de vehículos de motor y motocicletas, transporte y almacenamiento, hostelería;Valor;2022(A);1.705.135
Rioja, La;G_I. Comercio al por mayor y al por menor, reparación de vehículos de motor y motocicletas, transporte y almacenamiento, hostelería;Valor;2021(P);1.445.108
Rioja, La;G_I. Comercio al por mayor y al por menor, reparación de vehículos de motor y motocicletas, transporte y almacenamiento, hostelería;Valor;2020;1.236.936
Rioja, La;G_I. Comercio al por mayor y al por menor, reparación de vehículos de motor y motocicletas, transporte y almacenamiento, hostelería;Valor;2019;1.543.333
Rioja, La;G_I. Comercio al por mayor y al por menor, reparación de vehículos de motor y motocicletas, transporte y almacenamiento, hostelería;Valor;2018;1.482.302
Rioja, La;G_I. Comercio al por mayor y al por menor, reparación de vehículos de motor y motocicletas, transporte y almacenamiento, hostelería;Valor;2017;1.437.990
Rioja, La;G_I. Comercio al por mayor y al por menor, reparación de vehículos de motor y motocicletas, transporte y almacenamiento, hostelería;Valor;2016;1.391.880
Rioja, La;G_I. Comercio al por mayor y al por menor, reparación de vehículos de motor y motocicletas, transporte y almacenamiento, hostelería;Tasas de variación interanuales;2022(A);18
Rioja, La;G_I. Comercio al por mayor y al por menor, reparación de vehículos de motor y motocicletas, transporte y almacenamiento, hostelería;Tasas de variación interanuales;2021(P);16,8
Rioja, La;G_I. Comercio al por mayor y al por menor, reparación de vehículos de motor y motocicletas, transporte y almacenamiento, hostelería;Tasas de variación interanuales;2020;-19,9
Rioja, La;G_I. Comercio al por mayor y al por menor, reparación de vehículos de motor y motocicletas, transporte y almacenamiento, hostelería;Tasas de variación interanuales;2019;4,1
Rioja, La;G_I. Comercio al por mayor y al por menor, reparación de vehículos de motor y motocicletas, transporte y almacenamiento, hostelería;Tasas de variación interanuales;2018;3,1
Rioja, La;G_I. Comercio al por mayor y al por menor, reparación de vehículos de motor y motocicletas, transporte y almacenamiento, hostelería;Tasas de variación interanuales;2017;3,3
Rioja, La;G_I. Comercio al por mayor y al por menor, reparación de vehículos de motor y motocicletas, transporte y almacenamiento, hostelería;Tasas de variación interanuales;2016;..
Rioja, La;G_I. Comercio al por mayor y al por menor, reparación de vehículos de motor y motocicletas, transporte y almacenamiento, hostelería;Estructura porcentual;2022(A);17,9
Rioja, La;G_I. Comercio al por mayor y al por menor, reparación de vehículos de motor y motocicletas, transporte y almacenamiento, hostelería;Estructura porcentual;2021(P);16,8
Rioja, La;G_I. Comercio al por mayor y al por menor, reparación de vehículos de motor y motocicletas, transporte y almacenamiento, hostelería;Estructura porcentual;2020;15,3
Rioja, La;G_I. Comercio al por mayor y al por menor, reparación de vehículos de motor y motocicletas, transporte y almacenamiento, hostelería;Estructura porcentual;2019;17,5
Rioja, La;G_I. Comercio al por mayor y al por menor, reparación de vehículos de motor y motocicletas, transporte y almacenamiento, hostelería;Estructura porcentual;2018;17,2
Rioja, La;G_I. Comercio al por mayor y al por menor, reparación de vehículos de motor y motocicletas, transporte y almacenamiento, hostelería;Estructura porcentual;2017;17,3
Rioja, La;G_I. Comercio al por mayor y al por menor, reparación de vehículos de motor y motocicletas, transporte y almacenamiento, hostelería;Estructura porcentual;2016;17,4
Rioja, La;J. Información y comunicaciones;Valor;2022(A);131.066
Rioja, La;J. Información y comunicaciones;Valor;2021(P);115.554
Rioja, La;J. Información y comunicaciones;Valor;2020;109.888
Rioja, La;J. Información y comunicaciones;Valor;2019;114.029
Rioja, La;J. Información y comunicaciones;Valor;2018;114.391
Rioja, La;J. Información y comunicaciones;Valor;2017;115.467
Rioja, La;J. Información y comunicaciones;Valor;2016;115.941
Rioja, La;J. Información y comunicaciones;Tasas de variación interanuales;2022(A);13,4
Rioja, La;J. Información y comunicaciones;Tasas de variación interanuales;2021(P);5,2
Rioja, La;J. Información y comunicaciones;Tasas de variación interanuales;2020;-3,6
Rioja, La;J. Información y comunicaciones;Tasas de variación interanuales;2019;-0,3
Rioja, La;J. Información y comunicaciones;Tasas de variación interanuales;2018;-0,9
Rioja, La;J. Información y comunicaciones;Tasas de variación interanuales;2017;-0,4
Rioja, La;J. Información y comunicaciones;Tasas de variación interanuales;2016;..
Rioja, La;J. Información y comunicaciones;Estructura porcentual;2022(A);1,4
Rioja, La;J. Información y comunicaciones;Estructura porcentual;2021(P);1,3
Rioja, La;J. Información y comunicaciones;Estructura porcentual;2020;1,4
Rioja, La;J. Información y comunicaciones;Estructura porcentual;2019;1,3
Rioja, La;J. Información y comunicaciones;Estructura porcentual;2018;1,3
Rioja, La;J. Información y comunicaciones;Estructura porcentual;2017;1,4
Rioja, La;J. Información y comunicaciones;Estructura porcentual;2016;1,4
Rioja, La;K. Actividades financieras y de seguros;Valor;2022(A);331.501
Rioja, La;K. Actividades financieras y de seguros;Valor;2021(P);292.692
Rioja, La;K. Actividades financieras y de seguros;Valor;2020;293.045
Rioja, La;K. Actividades financieras y de seguros;Valor;2019;280.739
Rioja, La;K. Actividades financieras y de seguros;Valor;2018;284.368
Rioja, La;K. Actividades financieras y de seguros;Valor;2017;257.690
Rioja, La;K. Actividades financieras y de seguros;Valor;2016;244.689
Rioja, La;K. Actividades financieras y de seguros;Tasas de variación interanuales;2022(A);13,3
Rioja, La;K. Actividades financieras y de seguros;Tasas de variación interanuales;2021(P);-0,1
Rioja, La;K. Actividades financieras y de seguros;Tasas de variación interanuales;2020;4,4
Rioja, La;K. Actividades financieras y de seguros;Tasas de variación interanuales;2019;-1,3
Rioja, La;K. Actividades financieras y de seguros;Tasas de variación interanuales;2018;10,4
Rioja, La;K. Actividades financieras y de seguros;Tasas de variación interanuales;2017;5,3
Rioja, La;K. Actividades financieras y de seguros;Tasas de variación interanuales;2016;..
Rioja, La;K. Actividades financieras y de seguros;Estructura porcentual;2022(A);3,5
Rioja, La;K. Actividades financieras y de seguros;Estructura porcentual;2021(P);3,4
Rioja, La;K. Actividades financieras y de seguros;Estructura porcentual;2020;3,6
Rioja, La;K. Actividades financieras y de seguros;Estructura porcentual;2019;3,2
Rioja, La;K. Actividades financieras y de seguros;Estructura porcentual;2018;3,3
Rioja, La;K. Actividades financieras y de seguros;Estructura porcentual;2017;3,1
Rioja, La;K. Actividades financieras y de seguros;Estructura porcentual;2016;3,1
Rioja, La;L. Actividades inmobiliarias;Valor;2022(A);886.982
Rioja, La;L. Actividades inmobiliarias;Valor;2021(P);844.755
Rioja, La;L. Actividades inmobiliarias;Valor;2020;820.323
Rioja, La;L. Actividades inmobiliarias;Valor;2019;825.629
Rioja, La;L. Actividades inmobiliarias;Valor;2018;809.060
Rioja, La;L. Actividades inmobiliarias;Valor;2017;782.063
Rioja, La;L. Actividades inmobiliarias;Valor;2016;767.312
Rioja, La;L. Actividades inmobiliarias;Tasas de variación interanuales;2022(A);5
Rioja, La;L. Actividades inmobiliarias;Tasas de variación interanuales;2021(P);3
Rioja, La;L. Actividades inmobiliarias;Tasas de variación interanuales;2020;-0,6
Rioja, La;L. Actividades inmobiliarias;Tasas de variación interanuales;2019;2
Rioja, La;L. Actividades inmobiliarias;Tasas de variación interanuales;2018;3,5
Rioja, La;L. Actividades inmobiliarias;Tasas de variación interanuales;2017;1,9
Rioja, La;L. Actividades inmobiliarias;Tasas de variación interanuales;2016;..
Rioja, La;L. Actividades inmobiliarias;Estructura porcentual;2022(A);9,3
Rioja, La;L. Actividades inmobiliarias;Estructura porcentual;2021(P);9,8
Rioja, La;L. Actividades inmobiliarias;Estructura porcentual;2020;10,1
Rioja, La;L. Actividades inmobiliarias;Estructura porcentual;2019;9,4
Rioja, La;L. Actividades inmobiliarias;Estructura porcentual;2018;9,4
Rioja, La;L. Actividades inmobiliarias;Estructura porcentual;2017;9,4
Rioja, La;L. Actividades inmobiliarias;Estructura porcentual;2016;9,6
Rioja, La;M_N. Actividades profesionales, científicas y técnicas, actividades administrativas y servicios auxiliares;Valor;2022(A);494.067
Rioja, La;M_N. Actividades profesionales, científicas y técnicas, actividades administrativas y servicios auxiliares;Valor;2021(P);442.536
Rioja, La;M_N. Actividades profesionales, científicas y técnicas, actividades administrativas y servicios auxiliares;Valor;2020;415.228
Rioja, La;M_N. Actividades profesionales, científicas y técnicas, actividades administrativas y servicios auxiliares;Valor;2019;443.334
Rioja, La;M_N. Actividades profesionales, científicas y técnicas, actividades administrativas y servicios auxiliares;Valor;2018;414.504
Rioja, La;M_N. Actividades profesionales, científicas y técnicas, actividades administrativas y servicios auxiliares;Valor;2017;380.773
Rioja, La;M_N. Actividades profesionales, científicas y técnicas, actividades administrativas y servicios auxiliares;Valor;2016;375.595
Rioja, La;M_N. Actividades profesionales, científicas y técnicas, actividades administrativas y servicios auxiliares;Tasas de variación interanuales;2022(A);11,6
Rioja, La;M_N. Actividades profesionales, científicas y técnicas, actividades administrativas y servicios auxiliares;Tasas de variación interanuales;2021(P);6,6
Rioja, La;M_N. Actividades profesionales, científicas y técnicas, actividades administrativas y servicios auxiliares;Tasas de variación interanuales;2020;-6,3
Rioja, La;M_N. Actividades profesionales, científicas y técnicas, actividades administrativas y servicios auxiliares;Tasas de variación interanuales;2019;7
Rioja, La;M_N. Actividades profesionales, científicas y técnicas, actividades administrativas y servicios auxiliares;Tasas de variación interanuales;2018;8,9
Rioja, La;M_N. Actividades profesionales, científicas y técnicas, actividades administrativas y servicios auxiliares;Tasas de variación interanuales;2017;1,4
Rioja, La;M_N. Actividades profesionales, científicas y técnicas, actividades administrativas y servicios auxiliares;Tasas de variación interanuales;2016;..
Rioja, La;M_N. Actividades profesionales, científicas y técnicas, actividades administrativas y servicios auxiliares;Estructura porcentual;2022(A);5,2
Rioja, La;M_N. Actividades profesionales, científicas y técnicas, actividades administrativas y servicios auxiliares;Estructura porcentual;2021(P);5,1
Rioja, La;M_N. Actividades profesionales, científicas y técnicas, actividades administrativas y servicios auxiliares;Estructura porcentual;2020;5,1
Rioja, La;M_N. Actividades profesionales, científicas y técnicas, actividades administrativas y servicios auxiliares;Estructura porcentual;2019;5
Rioja, La;M_N. Actividades profesionales, científicas y técnicas, actividades administrativas y servicios auxiliares;Estructura porcentual;2018;4,8
Rioja, La;M_N. Actividades profesionales, científicas y técnicas, actividades administrativas y servicios auxiliares;Estructura porcentual;2017;4,6
Rioja, La;M_N. Actividades profesionales, científicas y técnicas, actividades administrativas y servicios auxiliares;Estructura porcentual;2016;4,7
Rioja, La;O_Q. Administración pública y defensa, seguridad social obligatoria, educación, actividades sanitarias y de servicios sociales;Valor;2022(A);1.640.996
Rioja, La;O_Q. Administración pública y defensa, seguridad social obligatoria, educación, actividades sanitarias y de servicios sociales;Valor;2021(P);1.494.772
Rioja, La;O_Q. Administración pública y defensa, seguridad social obligatoria, educación, actividades sanitarias y de servicios sociales;Valor;2020;1.483.262
Rioja, La;O_Q. Administración pública y defensa, seguridad social obligatoria, educación, actividades sanitarias y de servicios sociales;Valor;2019;1.459.663
Rioja, La;O_Q. Administración pública y defensa, seguridad social obligatoria, educación, actividades sanitarias y de servicios sociales;Valor;2018;1.340.485
Rioja, La;O_Q. Administración pública y defensa, seguridad social obligatoria, educación, actividades sanitarias y de servicios sociales;Valor;2017;1.303.938
Rioja, La;O_Q. Administración pública y defensa, seguridad social obligatoria, educación, actividades sanitarias y de servicios sociales;Valor;2016;1.267.591
Rioja, La;O_Q. Administración pública y defensa, seguridad social obligatoria, educación, actividades sanitarias y de servicios sociales;Tasas de variación interanuales;2022(A);9,8
Rioja, La;O_Q. Administración pública y defensa, seguridad social obligatoria, educación, actividades sanitarias y de servicios sociales;Tasas de variación interanuales;2021(P);0,8
Rioja, La;O_Q. Administración pública y defensa, seguridad social obligatoria, educación, actividades sanitarias y de servicios sociales;Tasas de variación interanuales;2020;1,6
Rioja, La;O_Q. Administración pública y defensa, seguridad social obligatoria, educación, actividades sanitarias y de servicios sociales;Tasas de variación interanuales;2019;8,9
Rioja, La;O_Q. Administración pública y defensa, seguridad social obligatoria, educación, actividades sanitarias y de servicios sociales;Tasas de variación interanuales;2018;2,8
Rioja, La;O_Q. Administración pública y defensa, seguridad social obligatoria, educación, actividades sanitarias y de servicios sociales;Tasas de variación interanuales;2017;2,9
Rioja, La;O_Q. Administración pública y defensa, seguridad social obligatoria, educación, actividades sanitarias y de servicios sociales;Tasas de variación interanuales;2016;..
Rioja, La;O_Q. Administración pública y defensa, seguridad social obligatoria, educación, actividades sanitarias y de servicios sociales;Estructura porcentual;2022(A);17,3
Rioja, La;O_Q. Administración pública y defensa, seguridad social obligatoria, educación, actividades sanitarias y de servicios sociales;Estructura porcentual;2021(P);17,3
Rioja, La;O_Q. Administración pública y defensa, seguridad social obligatoria, educación, actividades sanitarias y de servicios sociales;Estructura porcentual;2020;18,3
Rioja, La;O_Q. Administración pública y defensa, seguridad social obligatoria, educación, actividades sanitarias y de servicios sociales;Estructura porcentual;2019;16,5
Rioja, La;O_Q. Administración pública y defensa, seguridad social obligatoria, educación, actividades sanitarias y de servicios sociales;Estructura porcentual;2018;15,6
Rioja, La;O_Q. Administración pública y defensa, seguridad social obligatoria, educación, actividades sanitarias y de servicios sociales;Estructura porcentual;2017;15,7
Rioja, La;O_Q. Administración pública y defensa, seguridad social obligatoria, educación, actividades sanitarias y de servicios sociales;Estructura porcentual;2016;15,8
Rioja, La;R_U. Actividades artísticas, recreativas y de entretenimiento, reparación de artículos de uso doméstico y otros servicios;Valor;2022(A);298.556
Rioja, La;R_U. Actividades artísticas, recreativas y de entretenimiento, reparación de artículos de uso doméstico y otros servicios;Valor;2021(P);260.413
Rioja, La;R_U. Actividades artísticas, recreativas y de entretenimiento, reparación de artículos de uso doméstico y otros servicios;Valor;2020;259.462
Rioja, La;R_U. Actividades artísticas, recreativas y de entretenimiento, reparación de artículos de uso doméstico y otros servicios;Valor;2019;318.674
Rioja, La;R_U. Actividades artísticas, recreativas y de entretenimiento, reparación de artículos de uso doméstico y otros servicios;Valor;2018;319.981
Rioja, La;R_U. Actividades artísticas, recreativas y de entretenimiento, reparación de artículos de uso doméstico y otros servicios;Valor;2017;318.794
Rioja, La;R_U. Actividades artísticas, recreativas y de entretenimiento, reparación de artículos de uso doméstico y otros servicios;Valor;2016;295.646
Rioja, La;R_U. Actividades artísticas, recreativas y de entretenimiento, reparación de artículos de uso doméstico y otros servicios;Tasas de variación interanuales;2022(A);14,6
Rioja, La;R_U. Actividades artísticas, recreativas y de entretenimiento, reparación de artículos de uso doméstico y otros servicios;Tasas de variación interanuales;2021(P);0,4
Rioja, La;R_U. Actividades artísticas, recreativas y de entretenimiento, reparación de artículos de uso doméstico y otros servicios;Tasas de variación interanuales;2020;-18,6
Rioja, La;R_U. Actividades artísticas, recreativas y de entretenimiento, reparación de artículos de uso doméstico y otros servicios;Tasas de variación interanuales;2019;-0,4
Rioja, La;R_U. Actividades artísticas, recreativas y de entretenimiento, reparación de artículos de uso doméstico y otros servicios;Tasas de variación interanuales;2018;0,4
Rioja, La;R_U. Actividades artísticas, recreativas y de entretenimiento, reparación de artículos de uso doméstico y otros servicios;Tasas de variación interanuales;2017;7,8
Rioja, La;R_U. Actividades artísticas, recreativas y de entretenimiento, reparación de artículos de uso doméstico y otros servicios;Tasas de variación interanuales;2016;..
Rioja, La;R_U. Actividades artísticas, recreativas y de entretenimiento, reparación de artículos de uso doméstico y otros servicios;Estructura porcentual;2022(A);3,1
Rioja, La;R_U. Actividades artísticas, recreativas y de entretenimiento, reparación de artículos de uso doméstico y otros servicios;Estructura porcentual;2021(P);3
Rioja, La;R_U. Actividades artísticas, recreativas y de entretenimiento, reparación de artículos de uso doméstico y otros servicios;Estructura porcentual;2020;3,2
Rioja, La;R_U. Actividades artísticas, recreativas y de entretenimiento, reparación de artículos de uso doméstico y otros servicios;Estructura porcentual;2019;3,6
Rioja, La;R_U. Actividades artísticas, recreativas y de entretenimiento, reparación de artículos de uso doméstico y otros servicios;Estructura porcentual;2018;3,7
Rioja, La;R_U. Actividades artísticas, recreativas y de entretenimiento, reparación de artículos de uso doméstico y otros servicios;Estructura porcentual;2017;3,8
Rioja, La;R_U. Actividades artísticas, recreativas y de entretenimiento, reparación de artículos de uso doméstico y otros servicios;Estructura porcentual;2016;3,7
Rioja, La;Valor añadido bruto total;Valor;2022(A);8.649.827
Rioja, La;Valor añadido bruto total;Valor;2021(P);7.798.647
Rioja, La;Valor añadido bruto total;Valor;2020;7.396.286
Rioja, La;Valor añadido bruto total;Valor;2019;8.001.483
Rioja, La;Valor añadido bruto total;Valor;2018;7.784.570
Rioja, La;Valor añadido bruto total;Valor;2017;7.520.337
Rioja, La;Valor añadido bruto total;Valor;2016;7.272.188
Rioja, La;Valor añadido bruto total;Tasas de variación interanuales;2022(A);10,9
Rioja, La;Valor añadido bruto total;Tasas de variación interanuales;2021(P);5,4
Rioja, La;Valor añadido bruto total;Tasas de variación interanuales;2020;-7,6
Rioja, La;Valor añadido bruto total;Tasas de variación interanuales;2019;2,8
Rioja, La;Valor añadido bruto total;Tasas de variación interanuales;2018;3,5
Rioja, La;Valor añadido bruto total;Tasas de variación interanuales;2017;3,4
Rioja, La;Valor añadido bruto total;Tasas de variación interanuales;2016;..
Rioja, La;Valor añadido bruto total;Estructura porcentual;2022(A);91
Rioja, La;Valor añadido bruto total;Estructura porcentual;2021(P);90,5
Rioja, La;Valor añadido bruto total;Estructura porcentual;2020;91,2
Rioja, La;Valor añadido bruto total;Estructura porcentual;2019;90,7
Rioja, La;Valor añadido bruto total;Estructura porcentual;2018;90,5
Rioja, La;Valor añadido bruto total;Estructura porcentual;2017;90,7
Rioja, La;Valor añadido bruto total;Estructura porcentual;2016;90,7
Rioja, La;Impuestos netos sobre los productos;Valor;2022(A);852.151
Rioja, La;Impuestos netos sobre los productos;Valor;2021(P);821.132
Rioja, La;Impuestos netos sobre los productos;Valor;2020;709.317
Rioja, La;Impuestos netos sobre los productos;Valor;2019;820.917
Rioja, La;Impuestos netos sobre los productos;Valor;2018;817.736
Rioja, La;Impuestos netos sobre los productos;Valor;2017;775.630
Rioja, La;Impuestos netos sobre los productos;Valor;2016;741.782
Rioja, La;Impuestos netos sobre los productos;Tasas de variación interanuales;2022(A);3,8
Rioja, La;Impuestos netos sobre los productos;Tasas de variación interanuales;2021(P);15,8
Rioja, La;Impuestos netos sobre los productos;Tasas de variación interanuales;2020;-13,6
Rioja, La;Impuestos netos sobre los productos;Tasas de variación interanuales;2019;0,4
Rioja, La;Impuestos netos sobre los productos;Tasas de variación interanuales;2018;5,4
Rioja, La;Impuestos netos sobre los productos;Tasas de variación interanuales;2017;4,6
Rioja, La;Impuestos netos sobre los productos;Tasas de variación interanuales;2016;..
Rioja, La;Impuestos netos sobre los productos;Estructura porcentual;2022(A);9
Rioja, La;Impuestos netos sobre los productos;Estructura porcentual;2021(P);9,5
Rioja, La;Impuestos netos sobre los productos;Estructura porcentual;2020;8,8
Rioja, La;Impuestos netos sobre los productos;Estructura porcentual;2019;9,3
Rioja, La;Impuestos netos sobre los productos;Estructura porcentual;2018;9,5
Rioja, La;Impuestos netos sobre los productos;Estructura porcentual;2017;9,3
Rioja, La;Impuestos netos sobre los productos;Estructura porcentual;2016;9,3
Rioja, La;PRODUCTO INTERIOR BRUTO A PRECIOS DE MERCADO;Valor;2022(A);9.501.978
Rioja, La;PRODUCTO INTERIOR BRUTO A PRECIOS DE MERCADO;Valor;2021(P);8.619.779
Rioja, La;PRODUCTO INTERIOR BRUTO A PRECIOS DE MERCADO;Valor;2020;8.105.603
Rioja, La;PRODUCTO INTERIOR BRUTO A PRECIOS DE MERCADO;Valor;2019;8.822.400
Rioja, La;PRODUCTO INTERIOR BRUTO A PRECIOS DE MERCADO;Valor;2018;8.602.306
Rioja, La;PRODUCTO INTERIOR BRUTO A PRECIOS DE MERCADO;Valor;2017;8.295.967
Rioja, La;PRODUCTO INTERIOR BRUTO A PRECIOS DE MERCADO;Valor;2016;8.013.970
Rioja, La;PRODUCTO INTERIOR BRUTO A PRECIOS DE MERCADO;Tasas de variación interanuales;2022(A);10,2
Rioja, La;PRODUCTO INTERIOR BRUTO A PRECIOS DE MERCADO;Tasas de variación interanuales;2021(P);6,3
Rioja, La;PRODUCTO INTERIOR BRUTO A PRECIOS DE MERCADO;Tasas de variación interanuales;2020;-8,1
Rioja, La;PRODUCTO INTERIOR BRUTO A PRECIOS DE MERCADO;Tasas de variación interanuales;2019;2,6
Rioja, La;PRODUCTO INTERIOR BRUTO A PRECIOS DE MERCADO;Tasas de variación interanuales;2018;3,7
Rioja, La;PRODUCTO INTERIOR BRUTO A PRECIOS DE MERCADO;Tasas de variación interanuales;2017;3,5
Rioja, La;PRODUCTO INTERIOR BRUTO A PRECIOS DE MERCADO;Tasas de variación interanuales;2016;..
Rioja, La;PRODUCTO INTERIOR BRUTO A PRECIOS DE MERCADO;Estructura porcentual;2022(A);100
Rioja, La;PRODUCTO INTERIOR BRUTO A PRECIOS DE MERCADO;Estructura porcentual;2021(P);100
Rioja, La;PRODUCTO INTERIOR BRUTO A PRECIOS DE MERCADO;Estructura porcentual;2020;100
Rioja, La;PRODUCTO INTERIOR BRUTO A PRECIOS DE MERCADO;Estructura porcentual;2019;100
Rioja, La;PRODUCTO INTERIOR BRUTO A PRECIOS DE MERCADO;Estructura porcentual;2018;100
Rioja, La;PRODUCTO INTERIOR BRUTO A PRECIOS DE MERCADO;Estructura porcentual;2017;100
Rioja, La;PRODUCTO INTERIOR BRUTO A PRECIOS DE MERCADO;Estructura porcentual;2016;100
Ceuta;PRODUCTO INTERIOR BRUTO A PRECIOS DE MERCADO;Valor;2022(A);1.907.382
Ceuta;PRODUCTO INTERIOR BRUTO A PRECIOS DE MERCADO;Valor;2021(P);1.765.159
Ceuta;PRODUCTO INTERIOR BRUTO A PRECIOS DE MERCADO;Valor;2020;1.655.168
Ceuta;PRODUCTO INTERIOR BRUTO A PRECIOS DE MERCADO;Valor;2019;1.774.927
Ceuta;PRODUCTO INTERIOR BRUTO A PRECIOS DE MERCADO;Valor;2018;1.720.445
Ceuta;PRODUCTO INTERIOR BRUTO A PRECIOS DE MERCADO;Valor;2017;1.660.133
Ceuta;PRODUCTO INTERIOR BRUTO A PRECIOS DE MERCADO;Valor;2016;1.636.557
Ceuta;PRODUCTO INTERIOR BRUTO A PRECIOS DE MERCADO;Tasas de variación interanuales;2022(A);8,1
Ceuta;PRODUCTO INTERIOR BRUTO A PRECIOS DE MERCADO;Tasas de variación interanuales;2021(P);6,6
Ceuta;PRODUCTO INTERIOR BRUTO A PRECIOS DE MERCADO;Tasas de variación interanuales;2020;-6,7
Ceuta;PRODUCTO INTERIOR BRUTO A PRECIOS DE MERCADO;Tasas de variación interanuales;2019;3,2
Ceuta;PRODUCTO INTERIOR BRUTO A PRECIOS DE MERCADO;Tasas de variación interanuales;2018;3,6
Ceuta;PRODUCTO INTERIOR BRUTO A PRECIOS DE MERCADO;Tasas de variación interanuales;2017;1,4
Ceuta;PRODUCTO INTERIOR BRUTO A PRECIOS DE MERCADO;Tasas de variación interanuales;2016;..
Ceuta;PRODUCTO INTERIOR BRUTO A PRECIOS DE MERCADO;Estructura porcentual;2022(A);100
Ceuta;PRODUCTO INTERIOR BRUTO A PRECIOS DE MERCADO;Estructura porcentual;2021(P);100
Ceuta;PRODUCTO INTERIOR BRUTO A PRECIOS DE MERCADO;Estructura porcentual;2020;100
Ceuta;PRODUCTO INTERIOR BRUTO A PRECIOS DE MERCADO;Estructura porcentual;2019;100
Ceuta;PRODUCTO INTERIOR BRUTO A PRECIOS DE MERCADO;Estructura porcentual;2018;100
Ceuta;PRODUCTO INTERIOR BRUTO A PRECIOS DE MERCADO;Estructura porcentual;2017;100
Ceuta;PRODUCTO INTERIOR BRUTO A PRECIOS DE MERCADO;Estructura porcentual;2016;100
Ceuta;A. Agricultura, ganadería, silvicultura y pesca;Valor;2022(A);1.409
Ceuta;A. Agricultura, ganadería, silvicultura y pesca;Valor;2021(P);1.748
Ceuta;A. Agricultura, ganadería, silvicultura y pesca;Valor;2020;1.478
Ceuta;A. Agricultura, ganadería, silvicultura y pesca;Valor;2019;1.517
Ceuta;A. Agricultura, ganadería, silvicultura y pesca;Valor;2018;1.879
Ceuta;A. Agricultura, ganadería, silvicultura y pesca;Valor;2017;2.699
Ceuta;A. Agricultura, ganadería, silvicultura y pesca;Valor;2016;2.481
Ceuta;A. Agricultura, ganadería, silvicultura y pesca;Tasas de variación interanuales;2022(A);-19,4
Ceuta;A. Agricultura, ganadería, silvicultura y pesca;Tasas de variación interanuales;2021(P);18,3
Ceuta;A. Agricultura, ganadería, silvicultura y pesca;Tasas de variación interanuales;2020;-2,6
Ceuta;A. Agricultura, ganadería, silvicultura y pesca;Tasas de variación interanuales;2019;-19,3
Ceuta;A. Agricultura, ganadería, silvicultura y pesca;Tasas de variación interanuales;2018;-30,4
Ceuta;A. Agricultura, ganadería, silvicultura y pesca;Tasas de variación interanuales;2017;8,8
Ceuta;A. Agricultura, ganadería, silvicultura y pesca;Tasas de variación interanuales;2016;..
Ceuta;A. Agricultura, ganadería, silvicultura y pesca;Estructura porcentual;2022(A);0,1
Ceuta;A. Agricultura, ganadería, silvicultura y pesca;Estructura porcentual;2021(P);0,1
Ceuta;A. Agricultura, ganadería, silvicultura y pesca;Estructura porcentual;2020;0,1
Ceuta;A. Agricultura, ganadería, silvicultura y pesca;Estructura porcentual;2019;0,1
Ceuta;A. Agricultura, ganadería, silvicultura y pesca;Estructura porcentual;2018;0,1
Ceuta;A. Agricultura, ganadería, silvicultura y pesca;Estructura porcentual;2017;0,2
Ceuta;A. Agricultura, ganadería, silvicultura y pesca;Estructura porcentual;2016;0,2
Ceuta;B_E. Industrias extractivas, industria manufacturera, suministro de energía eléctrica, gas, vapor y aire acondicionado, suministro de agua, actividades de saneamiento, gestión de residuos y descontaminación;Valor;2022(A);124.581
Ceuta;B_E. Industrias extractivas, industria manufacturera, suministro de energía eléctrica, gas, vapor y aire acondicionado, suministro de agua, actividades de saneamiento, gestión de residuos y descontaminación;Valor;2021(P);96.752
Ceuta;B_E. Industrias extractivas, industria manufacturera, suministro de energía eléctrica, gas, vapor y aire acondicionado, suministro de agua, actividades de saneamiento, gestión de residuos y descontaminación;Valor;2020;84.988
Ceuta;B_E. Industrias extractivas, industria manufacturera, suministro de energía eléctrica, gas, vapor y aire acondicionado, suministro de agua, actividades de saneamiento, gestión de residuos y descontaminación;Valor;2019;86.879
Ceuta;B_E. Industrias extractivas, industria manufacturera, suministro de energía eléctrica, gas, vapor y aire acondicionado, suministro de agua, actividades de saneamiento, gestión de residuos y descontaminación;Valor;2018;87.797
Ceuta;B_E. Industrias extractivas, industria manufacturera, suministro de energía eléctrica, gas, vapor y aire acondicionado, suministro de agua, actividades de saneamiento, gestión de residuos y descontaminación;Valor;2017;84.489
Ceuta;B_E. Industrias extractivas, industria manufacturera, suministro de energía eléctrica, gas, vapor y aire acondicionado, suministro de agua, actividades de saneamiento, gestión de residuos y descontaminación;Valor;2016;86.252
Ceuta;B_E. Industrias extractivas, industria manufacturera, suministro de energía eléctrica, gas, vapor y aire acondicionado, suministro de agua, actividades de saneamiento, gestión de residuos y descontaminación;Tasas de variación interanuales;2022(A);28,8
Ceuta;B_E. Industrias extractivas, industria manufacturera, suministro de energía eléctrica, gas, vapor y aire acondicionado, suministro de agua, actividades de saneamiento, gestión de residuos y descontaminación;Tasas de variación interanuales;2021(P);13,8
Ceuta;B_E. Industrias extractivas, industria manufacturera, suministro de energía eléctrica, gas, vapor y aire acondicionado, suministro de agua, actividades de saneamiento, gestión de residuos y descontaminación;Tasas de variación interanuales;2020;-2,2
Ceuta;B_E. Industrias extractivas, industria manufacturera, suministro de energía eléctrica, gas, vapor y aire acondicionado, suministro de agua, actividades de saneamiento, gestión de residuos y descontaminación;Tasas de variación interanuales;2019;-1
Ceuta;B_E. Industrias extractivas, industria manufacturera, suministro de energía eléctrica, gas, vapor y aire acondicionado, suministro de agua, actividades de saneamiento, gestión de residuos y descontaminación;Tasas de variación interanuales;2018;3,9
Ceuta;B_E. Industrias extractivas, industria manufacturera, suministro de energía eléctrica, gas, vapor y aire acondicionado, suministro de agua, actividades de saneamiento, gestión de residuos y descontaminación;Tasas de variación interanuales;2017;-2
Ceuta;B_E. Industrias extractivas, industria manufacturera, suministro de energía eléctrica, gas, vapor y aire acondicionado, suministro de agua, actividades de saneamiento, gestión de residuos y descontaminación;Tasas de variación interanuales;2016;..
Ceuta;B_E. Industrias extractivas, industria manufacturera, suministro de energía eléctrica, gas, vapor y aire acondicionado, suministro de agua, actividades de saneamiento, gestión de residuos y descontaminación;Estructura porcentual;2022(A);6,5
Ceuta;B_E. Industrias extractivas, industria manufacturera, suministro de energía eléctrica, gas, vapor y aire acondicionado, suministro de agua, actividades de saneamiento, gestión de residuos y descontaminación;Estructura porcentual;2021(P);5,5
Ceuta;B_E. Industrias extractivas, industria manufacturera, suministro de energía eléctrica, gas, vapor y aire acondicionado, suministro de agua, actividades de saneamiento, gestión de residuos y descontaminación;Estructura porcentual;2020;5,1
Ceuta;B_E. Industrias extractivas, industria manufacturera, suministro de energía eléctrica, gas, vapor y aire acondicionado, suministro de agua, actividades de saneamiento, gestión de residuos y descontaminación;Estructura porcentual;2019;4,9
Ceuta;B_E. Industrias extractivas, industria manufacturera, suministro de energía eléctrica, gas, vapor y aire acondicionado, suministro de agua, actividades de saneamiento, gestión de residuos y descontaminación;Estructura porcentual;2018;5,1
Ceuta;B_E. Industrias extractivas, industria manufacturera, suministro de energía eléctrica, gas, vapor y aire acondicionado, suministro de agua, actividades de saneamiento, gestión de residuos y descontaminación;Estructura porcentual;2017;5,1
Ceuta;B_E. Industrias extractivas, industria manufacturera, suministro de energía eléctrica, gas, vapor y aire acondicionado, suministro de agua, actividades de saneamiento, gestión de residuos y descontaminación;Estructura porcentual;2016;5,3
Ceuta;C. - De las cuales: Industria manufacturera;Valor;2022(A);24.346
Ceuta;C. - De las cuales: Industria manufacturera;Valor;2021(P);22.099
Ceuta;C. - De las cuales: Industria manufacturera;Valor;2020;19.841
Ceuta;C. - De las cuales: Industria manufacturera;Valor;2019;22.250
Ceuta;C. - De las cuales: Industria manufacturera;Valor;2018;22.268
Ceuta;C. - De las cuales: Industria manufacturera;Valor;2017;23.039
Ceuta;C. - De las cuales: Industria manufacturera;Valor;2016;22.501
Ceuta;C. - De las cuales: Industria manufacturera;Tasas de variación interanuales;2022(A);10,2
Ceuta;C. - De las cuales: Industria manufacturera;Tasas de variación interanuales;2021(P);11,4
Ceuta;C. - De las cuales: Industria manufacturera;Tasas de variación interanuales;2020;-10,8
Ceuta;C. - De las cuales: Industria manufacturera;Tasas de variación interanuales;2019;-0,1
Ceuta;C. - De las cuales: Industria manufacturera;Tasas de variación interanuales;2018;-3,3
Ceuta;C. - De las cuales: Industria manufacturera;Tasas de variación interanuales;2017;2,4
Ceuta;C. - De las cuales: Industria manufacturera;Tasas de variación interanuales;2016;..
Ceuta;C. - De las cuales: Industria manufacturera;Estructura porcentual;2022(A);1,3
Ceuta;C. - De las cuales: Industria manufacturera;Estructura porcentual;2021(P);1,3
Ceuta;C. - De las cuales: Industria manufacturera;Estructura porcentual;2020;1,2
Ceuta;C. - De las cuales: Industria manufacturera;Estructura porcentual;2019;1,3
Ceuta;C. - De las cuales: Industria manufacturera;Estructura porcentual;2018;1,3
Ceuta;C. - De las cuales: Industria manufacturera;Estructura porcentual;2017;1,4
Ceuta;C. - De las cuales: Industria manufacturera;Estructura porcentual;2016;1,4
Ceuta;F. Construcción;Valor;2022(A);77.998
Ceuta;F. Construcción;Valor;2021(P);73.384
Ceuta;F. Construcción;Valor;2020;69.950
Ceuta;F. Construcción;Valor;2019;81.969
Ceuta;F. Construcción;Valor;2018;75.954
Ceuta;F. Construcción;Valor;2017;72.296
Ceuta;F. Construcción;Valor;2016;71.117
Ceuta;F. Construcción;Tasas de variación interanuales;2022(A);6,3
Ceuta;F. Construcción;Tasas de variación interanuales;2021(P);4,9
Ceuta;F. Construcción;Tasas de variación interanuales;2020;-14,7
Ceuta;F. Construcción;Tasas de variación interanuales;2019;7,9
Ceuta;F. Construcción;Tasas de variación interanuales;2018;5,1
Ceuta;F. Construcción;Tasas de variación interanuales;2017;1,7
Ceuta;F. Construcción;Tasas de variación interanuales;2016;..
Ceuta;F. Construcción;Estructura porcentual;2022(A);4,1
Ceuta;F. Construcción;Estructura porcentual;2021(P);4,2
Ceuta;F. Construcción;Estructura porcentual;2020;4,2
Ceuta;F. Construcción;Estructura porcentual;2019;4,6
Ceuta;F. Construcción;Estructura porcentual;2018;4,4
Ceuta;F. Construcción;Estructura porcentual;2017;4,4
Ceuta;F. Construcción;Estructura porcentual;2016;4,3
Ceuta;G_I. Comercio al por mayor y al por menor, reparación de vehículos de motor y motocicletas, transporte y almacenamiento, hostelería;Valor;2022(A);353.909
Ceuta;G_I. Comercio al por mayor y al por menor, reparación de vehículos de motor y motocicletas, transporte y almacenamiento, hostelería;Valor;2021(P);300.003
Ceuta;G_I. Comercio al por mayor y al por menor, reparación de vehículos de motor y motocicletas, transporte y almacenamiento, hostelería;Valor;2020;260.598
Ceuta;G_I. Comercio al por mayor y al por menor, reparación de vehículos de motor y motocicletas, transporte y almacenamiento, hostelería;Valor;2019;325.057
Ceuta;G_I. Comercio al por mayor y al por menor, reparación de vehículos de motor y motocicletas, transporte y almacenamiento, hostelería;Valor;2018;318.197
Ceuta;G_I. Comercio al por mayor y al por menor, reparación de vehículos de motor y motocicletas, transporte y almacenamiento, hostelería;Valor;2017;310.093
Ceuta;G_I. Comercio al por mayor y al por menor, reparación de vehículos de motor y motocicletas, transporte y almacenamiento, hostelería;Valor;2016;299.692
Ceuta;G_I. Comercio al por mayor y al por menor, reparación de vehículos de motor y motocicletas, transporte y almacenamiento, hostelería;Tasas de variación interanuales;2022(A);18
Ceuta;G_I. Comercio al por mayor y al por menor, reparación de vehículos de motor y motocicletas, transporte y almacenamiento, hostelería;Tasas de variación interanuales;2021(P);15,1
Ceuta;G_I. Comercio al por mayor y al por menor, reparación de vehículos de motor y motocicletas, transporte y almacenamiento, hostelería;Tasas de variación interanuales;2020;-19,8
Ceuta;G_I. Comercio al por mayor y al por menor, reparación de vehículos de motor y motocicletas, transporte y almacenamiento, hostelería;Tasas de variación interanuales;2019;2,2
Ceuta;G_I. Comercio al por mayor y al por menor, reparación de vehículos de motor y motocicletas, transporte y almacenamiento, hostelería;Tasas de variación interanuales;2018;2,6
Ceuta;G_I. Comercio al por mayor y al por menor, reparación de vehículos de motor y motocicletas, transporte y almacenamiento, hostelería;Tasas de variación interanuales;2017;3,5
Ceuta;G_I. Comercio al por mayor y al por menor, reparación de vehículos de motor y motocicletas, transporte y almacenamiento, hostelería;Tasas de variación interanuales;2016;..
Ceuta;G_I. Comercio al por mayor y al por menor, reparación de vehículos de motor y motocicletas, transporte y almacenamiento, hostelería;Estructura porcentual;2022(A);18,6
Ceuta;G_I. Comercio al por mayor y al por menor, reparación de vehículos de motor y motocicletas, transporte y almacenamiento, hostelería;Estructura porcentual;2021(P);17
Ceuta;G_I. Comercio al por mayor y al por menor, reparación de vehículos de motor y motocicletas, transporte y almacenamiento, hostelería;Estructura porcentual;2020;15,7
Ceuta;G_I. Comercio al por mayor y al por menor, reparación de vehículos de motor y motocicletas, transporte y almacenamiento, hostelería;Estructura porcentual;2019;18,3
Ceuta;G_I. Comercio al por mayor y al por menor, reparación de vehículos de motor y motocicletas, transporte y almacenamiento, hostelería;Estructura porcentual;2018;18,5
Ceuta;G_I. Comercio al por mayor y al por menor, reparación de vehículos de motor y motocicletas, transporte y almacenamiento, hostelería;Estructura porcentual;2017;18,7
Ceuta;G_I. Comercio al por mayor y al por menor, reparación de vehículos de motor y motocicletas, transporte y almacenamiento, hostelería;Estructura porcentual;2016;18,3
Ceuta;J. Información y comunicaciones;Valor;2022(A);16.703
Ceuta;J. Información y comunicaciones;Valor;2021(P);15.550
Ceuta;J. Información y comunicaciones;Valor;2020;14.843
Ceuta;J. Información y comunicaciones;Valor;2019;15.294
Ceuta;J. Información y comunicaciones;Valor;2018;15.011
Ceuta;J. Información y comunicaciones;Valor;2017;14.907
Ceuta;J. Información y comunicaciones;Valor;2016;14.091
Ceuta;J. Información y comunicaciones;Tasas de variación interanuales;2022(A);7,4
Ceuta;J. Información y comunicaciones;Tasas de variación interanuales;2021(P);4,8
Ceuta;J. Información y comunicaciones;Tasas de variación interanuales;2020;-2,9
Ceuta;J. Información y comunicaciones;Tasas de variación interanuales;2019;1,9
Ceuta;J. Información y comunicaciones;Tasas de variación interanuales;2018;0,7
Ceuta;J. Información y comunicaciones;Tasas de variación interanuales;2017;5,8
Ceuta;J. Información y comunicaciones;Tasas de variación interanuales;2016;..
Ceuta;J. Información y comunicaciones;Estructura porcentual;2022(A);0,9
Ceuta;J. Información y comunicaciones;Estructura porcentual;2021(P);0,9
Ceuta;J. Información y comunicaciones;Estructura porcentual;2020;0,9
Ceuta;J. Información y comunicaciones;Estructura porcentual;2019;0,9
Ceuta;J. Información y comunicaciones;Estructura porcentual;2018;0,9
Ceuta;J. Información y comunicaciones;Estructura porcentual;2017;0,9
Ceuta;J. Información y comunicaciones;Estructura porcentual;2016;0,9
Ceuta;K. Actividades financieras y de seguros;Valor;2022(A);43.645
Ceuta;K. Actividades financieras y de seguros;Valor;2021(P);38.067
Ceuta;K. Actividades financieras y de seguros;Valor;2020;37.667
Ceuta;K. Actividades financieras y de seguros;Valor;2019;35.995
Ceuta;K. Actividades financieras y de seguros;Valor;2018;36.127
Ceuta;K. Actividades financieras y de seguros;Valor;2017;32.571
Ceuta;K. Actividades financieras y de seguros;Valor;2016;30.502
Ceuta;K. Actividades financieras y de seguros;Tasas de variación interanuales;2022(A);14,7
Ceuta;K. Actividades financieras y de seguros;Tasas de variación interanuales;2021(P);1,1
Ceuta;K. Actividades financieras y de seguros;Tasas de variación interanuales;2020;4,6
Ceuta;K. Actividades financieras y de seguros;Tasas de variación interanuales;2019;-0,4
Ceuta;K. Actividades financieras y de seguros;Tasas de variación interanuales;2018;10,9
Ceuta;K. Actividades financieras y de seguros;Tasas de variación interanuales;2017;6,8
Ceuta;K. Actividades financieras y de seguros;Tasas de variación interanuales;2016;..
Ceuta;K. Actividades financieras y de seguros;Estructura porcentual;2022(A);2,3
Ceuta;K. Actividades financieras y de seguros;Estructura porcentual;2021(P);2,2
Ceuta;K. Actividades financieras y de seguros;Estructura porcentual;2020;2,3
Ceuta;K. Actividades financieras y de seguros;Estructura porcentual;2019;2
Ceuta;K. Actividades financieras y de seguros;Estructura porcentual;2018;2,1
Ceuta;K. Actividades financieras y de seguros;Estructura porcentual;2017;2
Ceuta;K. Actividades financieras y de seguros;Estructura porcentual;2016;1,9
Ceuta;L. Actividades inmobiliarias;Valor;2022(A);169.986
Ceuta;L. Actividades inmobiliarias;Valor;2021(P);162.180
Ceuta;L. Actividades inmobiliarias;Valor;2020;160.710
Ceuta;L. Actividades inmobiliarias;Valor;2019;161.717
Ceuta;L. Actividades inmobiliarias;Valor;2018;158.822
Ceuta;L. Actividades inmobiliarias;Valor;2017;153.765
Ceuta;L. Actividades inmobiliarias;Valor;2016;151.047
Ceuta;L. Actividades inmobiliarias;Tasas de variación interanuales;2022(A);4,8
Ceuta;L. Actividades inmobiliarias;Tasas de variación interanuales;2021(P);0,9
Ceuta;L. Actividades inmobiliarias;Tasas de variación interanuales;2020;-0,6
Ceuta;L. Actividades inmobiliarias;Tasas de variación interanuales;2019;1,8
Ceuta;L. Actividades inmobiliarias;Tasas de variación interanuales;2018;3,3
Ceuta;L. Actividades inmobiliarias;Tasas de variación interanuales;2017;1,8
Ceuta;L. Actividades inmobiliarias;Tasas de variación interanuales;2016;..
Ceuta;L. Actividades inmobiliarias;Estructura porcentual;2022(A);8,9
Ceuta;L. Actividades inmobiliarias;Estructura porcentual;2021(P);9,2
Ceuta;L. Actividades inmobiliarias;Estructura porcentual;2020;9,7
Ceuta;L. Actividades inmobiliarias;Estructura porcentual;2019;9,1
Ceuta;L. Actividades inmobiliarias;Estructura porcentual;2018;9,2
Ceuta;L. Actividades inmobiliarias;Estructura porcentual;2017;9,3
Ceuta;L. Actividades inmobiliarias;Estructura porcentual;2016;9,2
Ceuta;M_N. Actividades profesionales, científicas y técnicas, actividades administrativas y servicios auxiliares;Valor;2022(A);73.160
Ceuta;M_N. Actividades profesionales, científicas y técnicas, actividades administrativas y servicios auxiliares;Valor;2021(P);68.327
Ceuta;M_N. Actividades profesionales, científicas y técnicas, actividades administrativas y servicios auxiliares;Valor;2020;60.638
Ceuta;M_N. Actividades profesionales, científicas y técnicas, actividades administrativas y servicios auxiliares;Valor;2019;66.314
Ceuta;M_N. Actividades profesionales, científicas y técnicas, actividades administrativas y servicios auxiliares;Valor;2018;61.602
Ceuta;M_N. Actividades profesionales, científicas y técnicas, actividades administrativas y servicios auxiliares;Valor;2017;59.130
Ceuta;M_N. Actividades profesionales, científicas y técnicas, actividades administrativas y servicios auxiliares;Valor;2016;56.702
Ceuta;M_N. Actividades profesionales, científicas y técnicas, actividades administrativas y servicios auxiliares;Tasas de variación interanuales;2022(A);7,1
Ceuta;M_N. Actividades profesionales, científicas y técnicas, actividades administrativas y servicios auxiliares;Tasas de variación interanuales;2021(P);12,7
Ceuta;M_N. Actividades profesionales, científicas y técnicas, actividades administrativas y servicios auxiliares;Tasas de variación interanuales;2020;-8,6
Ceuta;M_N. Actividades profesionales, científicas y técnicas, actividades administrativas y servicios auxiliares;Tasas de variación interanuales;2019;7,6
Ceuta;M_N. Actividades profesionales, científicas y técnicas, actividades administrativas y servicios auxiliares;Tasas de variación interanuales;2018;4,2
Ceuta;M_N. Actividades profesionales, científicas y técnicas, actividades administrativas y servicios auxiliares;Tasas de variación interanuales;2017;4,3
Ceuta;M_N. Actividades profesionales, científicas y técnicas, actividades administrativas y servicios auxiliares;Tasas de variación interanuales;2016;..
Ceuta;M_N. Actividades profesionales, científicas y técnicas, actividades administrativas y servicios auxiliares;Estructura porcentual;2022(A);3,8
Ceuta;M_N. Actividades profesionales, científicas y técnicas, actividades administrativas y servicios auxiliares;Estructura porcentual;2021(P);3,9
Ceuta;M_N. Actividades profesionales, científicas y técnicas, actividades administrativas y servicios auxiliares;Estructura porcentual;2020;3,7
Ceuta;M_N. Actividades profesionales, científicas y técnicas, actividades administrativas y servicios auxiliares;Estructura porcentual;2019;3,7
Ceuta;M_N. Actividades profesionales, científicas y técnicas, actividades administrativas y servicios auxiliares;Estructura porcentual;2018;3,6
Ceuta;M_N. Actividades profesionales, científicas y técnicas, actividades administrativas y servicios auxiliares;Estructura porcentual;2017;3,6
Ceuta;M_N. Actividades profesionales, científicas y técnicas, actividades administrativas y servicios auxiliares;Estructura porcentual;2016;3,5
Ceuta;O_Q. Administración pública y defensa, seguridad social obligatoria, educación, actividades sanitarias y de servicios sociales;Valor;2022(A);813.887
Ceuta;O_Q. Administración pública y defensa, seguridad social obligatoria, educación, actividades sanitarias y de servicios sociales;Valor;2021(P);787.963
Ceuta;O_Q. Administración pública y defensa, seguridad social obligatoria, educación, actividades sanitarias y de servicios sociales;Valor;2020;766.895
Ceuta;O_Q. Administración pública y defensa, seguridad social obligatoria, educación, actividades sanitarias y de servicios sociales;Valor;2019;768.635
Ceuta;O_Q. Administración pública y defensa, seguridad social obligatoria, educación, actividades sanitarias y de servicios sociales;Valor;2018;737.904
Ceuta;O_Q. Administración pública y defensa, seguridad social obligatoria, educación, actividades sanitarias y de servicios sociales;Valor;2017;711.512
Ceuta;O_Q. Administración pública y defensa, seguridad social obligatoria, educación, actividades sanitarias y de servicios sociales;Valor;2016;714.222
Ceuta;O_Q. Administración pública y defensa, seguridad social obligatoria, educación, actividades sanitarias y de servicios sociales;Tasas de variación interanuales;2022(A);3,3
Ceuta;O_Q. Administración pública y defensa, seguridad social obligatoria, educación, actividades sanitarias y de servicios sociales;Tasas de variación interanuales;2021(P);2,7
Ceuta;O_Q. Administración pública y defensa, seguridad social obligatoria, educación, actividades sanitarias y de servicios sociales;Tasas de variación interanuales;2020;-0,2
Ceuta;O_Q. Administración pública y defensa, seguridad social obligatoria, educación, actividades sanitarias y de servicios sociales;Tasas de variación interanuales;2019;4,2
Ceuta;O_Q. Administración pública y defensa, seguridad social obligatoria, educación, actividades sanitarias y de servicios sociales;Tasas de variación interanuales;2018;3,7
Ceuta;O_Q. Administración pública y defensa, seguridad social obligatoria, educación, actividades sanitarias y de servicios sociales;Tasas de variación interanuales;2017;-0,4
Ceuta;O_Q. Administración pública y defensa, seguridad social obligatoria, educación, actividades sanitarias y de servicios sociales;Tasas de variación interanuales;2016;..
Ceuta;O_Q. Administración pública y defensa, seguridad social obligatoria, educación, actividades sanitarias y de servicios sociales;Estructura porcentual;2022(A);42,7
Ceuta;O_Q. Administración pública y defensa, seguridad social obligatoria, educación, actividades sanitarias y de servicios sociales;Estructura porcentual;2021(P);44,6
Ceuta;O_Q. Administración pública y defensa, seguridad social obligatoria, educación, actividades sanitarias y de servicios sociales;Estructura porcentual;2020;46,3
Ceuta;O_Q. Administración pública y defensa, seguridad social obligatoria, educación, actividades sanitarias y de servicios sociales;Estructura porcentual;2019;43,3
Ceuta;O_Q. Administración pública y defensa, seguridad social obligatoria, educación, actividades sanitarias y de servicios sociales;Estructura porcentual;2018;42,9
Ceuta;O_Q. Administración pública y defensa, seguridad social obligatoria, educación, actividades sanitarias y de servicios sociales;Estructura porcentual;2017;42,9
Ceuta;O_Q. Administración pública y defensa, seguridad social obligatoria, educación, actividades sanitarias y de servicios sociales;Estructura porcentual;2016;43,6
Ceuta;R_U. Actividades artísticas, recreativas y de entretenimiento, reparación de artículos de uso doméstico y otros servicios;Valor;2022(A);61.047
Ceuta;R_U. Actividades artísticas, recreativas y de entretenimiento, reparación de artículos de uso doméstico y otros servicios;Valor;2021(P);53.034
Ceuta;R_U. Actividades artísticas, recreativas y de entretenimiento, reparación de artículos de uso doméstico y otros servicios;Valor;2020;52.558
Ceuta;R_U. Actividades artísticas, recreativas y de entretenimiento, reparación de artículos de uso doméstico y otros servicios;Valor;2019;66.394
Ceuta;R_U. Actividades artísticas, recreativas y de entretenimiento, reparación de artículos de uso doméstico y otros servicios;Valor;2018;63.606
Ceuta;R_U. Actividades artísticas, recreativas y de entretenimiento, reparación de artículos de uso doméstico y otros servicios;Valor;2017;63.457
Ceuta;R_U. Actividades artísticas, recreativas y de entretenimiento, reparación de artículos de uso doméstico y otros servicios;Valor;2016;58.969
Ceuta;R_U. Actividades artísticas, recreativas y de entretenimiento, reparación de artículos de uso doméstico y otros servicios;Tasas de variación interanuales;2022(A);15,1
Ceuta;R_U. Actividades artísticas, recreativas y de entretenimiento, reparación de artículos de uso doméstico y otros servicios;Tasas de variación interanuales;2021(P);0,9
Ceuta;R_U. Actividades artísticas, recreativas y de entretenimiento, reparación de artículos de uso doméstico y otros servicios;Tasas de variación interanuales;2020;-20,8
Ceuta;R_U. Actividades artísticas, recreativas y de entretenimiento, reparación de artículos de uso doméstico y otros servicios;Tasas de variación interanuales;2019;4,4
Ceuta;R_U. Actividades artísticas, recreativas y de entretenimiento, reparación de artículos de uso doméstico y otros servicios;Tasas de variación interanuales;2018;0,2
Ceuta;R_U. Actividades artísticas, recreativas y de entretenimiento, reparación de artículos de uso doméstico y otros servicios;Tasas de variación interanuales;2017;7,6
Ceuta;R_U. Actividades artísticas, recreativas y de entretenimiento, reparación de artículos de uso doméstico y otros servicios;Tasas de variación interanuales;2016;..
Ceuta;R_U. Actividades artísticas, recreativas y de entretenimiento, reparación de artículos de uso doméstico y otros servicios;Estructura porcentual;2022(A);3,2
Ceuta;R_U. Actividades artísticas, recreativas y de entretenimiento, reparación de artículos de uso doméstico y otros servicios;Estructura porcentual;2021(P);3
Ceuta;R_U. Actividades artísticas, recreativas y de entretenimiento, reparación de artículos de uso doméstico y otros servicios;Estructura porcentual;2020;3,2
Ceuta;R_U. Actividades artísticas, recreativas y de entretenimiento, reparación de artículos de uso doméstico y otros servicios;Estructura porcentual;2019;3,7
Ceuta;R_U. Actividades artísticas, recreativas y de entretenimiento, reparación de artículos de uso doméstico y otros servicios;Estructura porcentual;2018;3,7
Ceuta;R_U. Actividades artísticas, recreativas y de entretenimiento, reparación de artículos de uso doméstico y otros servicios;Estructura porcentual;2017;3,8
Ceuta;R_U. Actividades artísticas, recreativas y de entretenimiento, reparación de artículos de uso doméstico y otros servicios;Estructura porcentual;2016;3,6
Ceuta;Valor añadido bruto total;Valor;2022(A);1.736.325
Ceuta;Valor añadido bruto total;Valor;2021(P);1.597.008
Ceuta;Valor añadido bruto total;Valor;2020;1.510.325
Ceuta;Valor añadido bruto total;Valor;2019;1.609.771
Ceuta;Valor añadido bruto total;Valor;2018;1.556.899
Ceuta;Valor añadido bruto total;Valor;2017;1.504.919
Ceuta;Valor añadido bruto total;Valor;2016;1.485.075
Ceuta;Valor añadido bruto total;Tasas de variación interanuales;2022(A);8,7
Ceuta;Valor añadido bruto total;Tasas de variación interanuales;2021(P);5,7
Ceuta;Valor añadido bruto total;Tasas de variación interanuales;2020;-6,2
Ceuta;Valor añadido bruto total;Tasas de variación interanuales;2019;3,4
Ceuta;Valor añadido bruto total;Tasas de variación interanuales;2018;3,5
Ceuta;Valor añadido bruto total;Tasas de variación interanuales;2017;1,3
Ceuta;Valor añadido bruto total;Tasas de variación interanuales;2016;..
Ceuta;Valor añadido bruto total;Estructura porcentual;2022(A);91
Ceuta;Valor añadido bruto total;Estructura porcentual;2021(P);90,5
Ceuta;Valor añadido bruto total;Estructura porcentual;2020;91,2
Ceuta;Valor añadido bruto total;Estructura porcentual;2019;90,7
Ceuta;Valor añadido bruto total;Estructura porcentual;2018;90,5
Ceuta;Valor añadido bruto total;Estructura porcentual;2017;90,7
Ceuta;Valor añadido bruto total;Estructura porcentual;2016;90,7
Ceuta;Impuestos netos sobre los productos;Valor;2022(A);171.057
Ceuta;Impuestos netos sobre los productos;Valor;2021(P);168.151
Ceuta;Impuestos netos sobre los productos;Valor;2020;144.843
Ceuta;Impuestos netos sobre los productos;Valor;2019;165.156
Ceuta;Impuestos netos sobre los productos;Valor;2018;163.546
Ceuta;Impuestos netos sobre los productos;Valor;2017;155.214
Ceuta;Impuestos netos sobre los productos;Valor;2016;151.482
Ceuta;Impuestos netos sobre los productos;Tasas de variación interanuales;2022(A);1,7
Ceuta;Impuestos netos sobre los productos;Tasas de variación interanuales;2021(P);16,1
Ceuta;Impuestos netos sobre los productos;Tasas de variación interanuales;2020;-12,3
Ceuta;Impuestos netos sobre los productos;Tasas de variación interanuales;2019;1
Ceuta;Impuestos netos sobre los productos;Tasas de variación interanuales;2018;5,4
Ceuta;Impuestos netos sobre los productos;Tasas de variación interanuales;2017;2,5
Ceuta;Impuestos netos sobre los productos;Tasas de variación interanuales;2016;..
Ceuta;Impuestos netos sobre los productos;Estructura porcentual;2022(A);9
Ceuta;Impuestos netos sobre los productos;Estructura porcentual;2021(P);9,5
Ceuta;Impuestos netos sobre los productos;Estructura porcentual;2020;8,8
Ceuta;Impuestos netos sobre los productos;Estructura porcentual;2019;9,3
Ceuta;Impuestos netos sobre los productos;Estructura porcentual;2018;9,5
Ceuta;Impuestos netos sobre los productos;Estructura porcentual;2017;9,3
Ceuta;Impuestos netos sobre los productos;Estructura porcentual;2016;9,3
Ceuta;PRODUCTO INTERIOR BRUTO A PRECIOS DE MERCADO;Valor;2022(A);1.907.382
Ceuta;PRODUCTO INTERIOR BRUTO A PRECIOS DE MERCADO;Valor;2021(P);1.765.159
Ceuta;PRODUCTO INTERIOR BRUTO A PRECIOS DE MERCADO;Valor;2020;1.655.168
Ceuta;PRODUCTO INTERIOR BRUTO A PRECIOS DE MERCADO;Valor;2019;1.774.927
Ceuta;PRODUCTO INTERIOR BRUTO A PRECIOS DE MERCADO;Valor;2018;1.720.445
Ceuta;PRODUCTO INTERIOR BRUTO A PRECIOS DE MERCADO;Valor;2017;1.660.133
Ceuta;PRODUCTO INTERIOR BRUTO A PRECIOS DE MERCADO;Valor;2016;1.636.557
Ceuta;PRODUCTO INTERIOR BRUTO A PRECIOS DE MERCADO;Tasas de variación interanuales;2022(A);8,1
Ceuta;PRODUCTO INTERIOR BRUTO A PRECIOS DE MERCADO;Tasas de variación interanuales;2021(P);6,6
Ceuta;PRODUCTO INTERIOR BRUTO A PRECIOS DE MERCADO;Tasas de variación interanuales;2020;-6,7
Ceuta;PRODUCTO INTERIOR BRUTO A PRECIOS DE MERCADO;Tasas de variación interanuales;2019;3,2
Ceuta;PRODUCTO INTERIOR BRUTO A PRECIOS DE MERCADO;Tasas de variación interanuales;2018;3,6
Ceuta;PRODUCTO INTERIOR BRUTO A PRECIOS DE MERCADO;Tasas de variación interanuales;2017;1,4
Ceuta;PRODUCTO INTERIOR BRUTO A PRECIOS DE MERCADO;Tasas de variación interanuales;2016;..
Ceuta;PRODUCTO INTERIOR BRUTO A PRECIOS DE MERCADO;Estructura porcentual;2022(A);100
Ceuta;PRODUCTO INTERIOR BRUTO A PRECIOS DE MERCADO;Estructura porcentual;2021(P);100
Ceuta;PRODUCTO INTERIOR BRUTO A PRECIOS DE MERCADO;Estructura porcentual;2020;100
Ceuta;PRODUCTO INTERIOR BRUTO A PRECIOS DE MERCADO;Estructura porcentual;2019;100
Ceuta;PRODUCTO INTERIOR BRUTO A PRECIOS DE MERCADO;Estructura porcentual;2018;100
Ceuta;PRODUCTO INTERIOR BRUTO A PRECIOS DE MERCADO;Estructura porcentual;2017;100
Ceuta;PRODUCTO INTERIOR BRUTO A PRECIOS DE MERCADO;Estructura porcentual;2016;100
Melilla;PRODUCTO INTERIOR BRUTO A PRECIOS DE MERCADO;Valor;2022(A);1.756.761
Melilla;PRODUCTO INTERIOR BRUTO A PRECIOS DE MERCADO;Valor;2021(P);1.616.543
Melilla;PRODUCTO INTERIOR BRUTO A PRECIOS DE MERCADO;Valor;2020;1.514.009
Melilla;PRODUCTO INTERIOR BRUTO A PRECIOS DE MERCADO;Valor;2019;1.625.086
Melilla;PRODUCTO INTERIOR BRUTO A PRECIOS DE MERCADO;Valor;2018;1.577.931
Melilla;PRODUCTO INTERIOR BRUTO A PRECIOS DE MERCADO;Valor;2017;1.520.137
Melilla;PRODUCTO INTERIOR BRUTO A PRECIOS DE MERCADO;Valor;2016;1.506.146
Melilla;PRODUCTO INTERIOR BRUTO A PRECIOS DE MERCADO;Tasas de variación interanuales;2022(A);8,7
Melilla;PRODUCTO INTERIOR BRUTO A PRECIOS DE MERCADO;Tasas de variación interanuales;2021(P);6,8
Melilla;PRODUCTO INTERIOR BRUTO A PRECIOS DE MERCADO;Tasas de variación interanuales;2020;-6,8
Melilla;PRODUCTO INTERIOR BRUTO A PRECIOS DE MERCADO;Tasas de variación interanuales;2019;3
Melilla;PRODUCTO INTERIOR BRUTO A PRECIOS DE MERCADO;Tasas de variación interanuales;2018;3,8
Melilla;PRODUCTO INTERIOR BRUTO A PRECIOS DE MERCADO;Tasas de variación interanuales;2017;0,9
Melilla;PRODUCTO INTERIOR BRUTO A PRECIOS DE MERCADO;Tasas de variación interanuales;2016;..
Melilla;PRODUCTO INTERIOR BRUTO A PRECIOS DE MERCADO;Estructura porcentual;2022(A);100
Melilla;PRODUCTO INTERIOR BRUTO A PRECIOS DE MERCADO;Estructura porcentual;2021(P);100
Melilla;PRODUCTO INTERIOR BRUTO A PRECIOS DE MERCADO;Estructura porcentual;2020;100
Melilla;PRODUCTO INTERIOR BRUTO A PRECIOS DE MERCADO;Estructura porcentual;2019;100
Melilla;PRODUCTO INTERIOR BRUTO A PRECIOS DE MERCADO;Estructura porcentual;2018;100
Melilla;PRODUCTO INTERIOR BRUTO A PRECIOS DE MERCADO;Estructura porcentual;2017;100
Melilla;PRODUCTO INTERIOR BRUTO A PRECIOS DE MERCADO;Estructura porcentual;2016;100
Melilla;A. Agricultura, ganadería, silvicultura y pesca;Valor;2022(A);813
Melilla;A. Agricultura, ganadería, silvicultura y pesca;Valor;2021(P);946
Melilla;A. Agricultura, ganadería, silvicultura y pesca;Valor;2020;971
Melilla;A. Agricultura, ganadería, silvicultura y pesca;Valor;2019;768
Melilla;A. Agricultura, ganadería, silvicultura y pesca;Valor;2018;700
Melilla;A. Agricultura, ganadería, silvicultura y pesca;Valor;2017;867
Melilla;A. Agricultura, ganadería, silvicultura y pesca;Valor;2016;963
Melilla;A. Agricultura, ganadería, silvicultura y pesca;Tasas de variación interanuales;2022(A);-14,1
Melilla;A. Agricultura, ganadería, silvicultura y pesca;Tasas de variación interanuales;2021(P);-2,6
Melilla;A. Agricultura, ganadería, silvicultura y pesca;Tasas de variación interanuales;2020;26,4
Melilla;A. Agricultura, ganadería, silvicultura y pesca;Tasas de variación interanuales;2019;9,7
Melilla;A. Agricultura, ganadería, silvicultura y pesca;Tasas de variación interanuales;2018;-19,3
Melilla;A. Agricultura, ganadería, silvicultura y pesca;Tasas de variación interanuales;2017;-10
Melilla;A. Agricultura, ganadería, silvicultura y pesca;Tasas de variación interanuales;2016;..
Melilla;A. Agricultura, ganadería, silvicultura y pesca;Estructura porcentual;2022(A);0
Melilla;A. Agricultura, ganadería, silvicultura y pesca;Estructura porcentual;2021(P);0,1
Melilla;A. Agricultura, ganadería, silvicultura y pesca;Estructura porcentual;2020;0,1
Melilla;A. Agricultura, ganadería, silvicultura y pesca;Estructura porcentual;2019;0
Melilla;A. Agricultura, ganadería, silvicultura y pesca;Estructura porcentual;2018;0
Melilla;A. Agricultura, ganadería, silvicultura y pesca;Estructura porcentual;2017;0,1
Melilla;A. Agricultura, ganadería, silvicultura y pesca;Estructura porcentual;2016;0,1
Melilla;B_E. Industrias extractivas, industria manufacturera, suministro de energía eléctrica, gas, vapor y aire acondicionado, suministro de agua, actividades de saneamiento, gestión de residuos y descontaminación;Valor;2022(A);87.706
Melilla;B_E. Industrias extractivas, industria manufacturera, suministro de energía eléctrica, gas, vapor y aire acondicionado, suministro de agua, actividades de saneamiento, gestión de residuos y descontaminación;Valor;2021(P);68.466
Melilla;B_E. Industrias extractivas, industria manufacturera, suministro de energía eléctrica, gas, vapor y aire acondicionado, suministro de agua, actividades de saneamiento, gestión de residuos y descontaminación;Valor;2020;58.690
Melilla;B_E. Industrias extractivas, industria manufacturera, suministro de energía eléctrica, gas, vapor y aire acondicionado, suministro de agua, actividades de saneamiento, gestión de residuos y descontaminación;Valor;2019;64.244
Melilla;B_E. Industrias extractivas, industria manufacturera, suministro de energía eléctrica, gas, vapor y aire acondicionado, suministro de agua, actividades de saneamiento, gestión de residuos y descontaminación;Valor;2018;67.079
Melilla;B_E. Industrias extractivas, industria manufacturera, suministro de energía eléctrica, gas, vapor y aire acondicionado, suministro de agua, actividades de saneamiento, gestión de residuos y descontaminación;Valor;2017;64.960
Melilla;B_E. Industrias extractivas, industria manufacturera, suministro de energía eléctrica, gas, vapor y aire acondicionado, suministro de agua, actividades de saneamiento, gestión de residuos y descontaminación;Valor;2016;66.609
Melilla;B_E. Industrias extractivas, industria manufacturera, suministro de energía eléctrica, gas, vapor y aire acondicionado, suministro de agua, actividades de saneamiento, gestión de residuos y descontaminación;Tasas de variación interanuales;2022(A);28,1
Melilla;B_E. Industrias extractivas, industria manufacturera, suministro de energía eléctrica, gas, vapor y aire acondicionado, suministro de agua, actividades de saneamiento, gestión de residuos y descontaminación;Tasas de variación interanuales;2021(P);16,7
Melilla;B_E. Industrias extractivas, industria manufacturera, suministro de energía eléctrica, gas, vapor y aire acondicionado, suministro de agua, actividades de saneamiento, gestión de residuos y descontaminación;Tasas de variación interanuales;2020;-8,6
Melilla;B_E. Industrias extractivas, industria manufacturera, suministro de energía eléctrica, gas, vapor y aire acondicionado, suministro de agua, actividades de saneamiento, gestión de residuos y descontaminación;Tasas de variación interanuales;2019;-4,2
Melilla;B_E. Industrias extractivas, industria manufacturera, suministro de energía eléctrica, gas, vapor y aire acondicionado, suministro de agua, actividades de saneamiento, gestión de residuos y descontaminación;Tasas de variación interanuales;2018;3,3
Melilla;B_E. Industrias extractivas, industria manufacturera, suministro de energía eléctrica, gas, vapor y aire acondicionado, suministro de agua, actividades de saneamiento, gestión de residuos y descontaminación;Tasas de variación interanuales;2017;-2,5
Melilla;B_E. Industrias extractivas, industria manufacturera, suministro de energía eléctrica, gas, vapor y aire acondicionado, suministro de agua, actividades de saneamiento, gestión de residuos y descontaminación;Tasas de variación interanuales;2016;..
Melilla;B_E. Industrias extractivas, industria manufacturera, suministro de energía eléctrica, gas, vapor y aire acondicionado, suministro de agua, actividades de saneamiento, gestión de residuos y descontaminación;Estructura porcentual;2022(A);5
Melilla;B_E. Industrias extractivas, industria manufacturera, suministro de energía eléctrica, gas, vapor y aire acondicionado, suministro de agua, actividades de saneamiento, gestión de residuos y descontaminación;Estructura porcentual;2021(P);4,2
Melilla;B_E. Industrias extractivas, industria manufacturera, suministro de energía eléctrica, gas, vapor y aire acondicionado, suministro de agua, actividades de saneamiento, gestión de residuos y descontaminación;Estructura porcentual;2020;3,9
Melilla;B_E. Industrias extractivas, industria manufacturera, suministro de energía eléctrica, gas, vapor y aire acondicionado, suministro de agua, actividades de saneamiento, gestión de residuos y descontaminación;Estructura porcentual;2019;4
Melilla;B_E. Industrias extractivas, industria manufacturera, suministro de energía eléctrica, gas, vapor y aire acondicionado, suministro de agua, actividades de saneamiento, gestión de residuos y descontaminación;Estructura porcentual;2018;4,3
Melilla;B_E. Industrias extractivas, industria manufacturera, suministro de energía eléctrica, gas, vapor y aire acondicionado, suministro de agua, actividades de saneamiento, gestión de residuos y descontaminación;Estructura porcentual;2017;4,3
Melilla;B_E. Industrias extractivas, industria manufacturera, suministro de energía eléctrica, gas, vapor y aire acondicionado, suministro de agua, actividades de saneamiento, gestión de residuos y descontaminación;Estructura porcentual;2016;4,4
Melilla;C. - De las cuales: Industria manufacturera;Valor;2022(A);15.498
Melilla;C. - De las cuales: Industria manufacturera;Valor;2021(P);14.252
Melilla;C. - De las cuales: Industria manufacturera;Valor;2020;12.664
Melilla;C. - De las cuales: Industria manufacturera;Valor;2019;14.042
Melilla;C. - De las cuales: Industria manufacturera;Valor;2018;13.798
Melilla;C. - De las cuales: Industria manufacturera;Valor;2017;13.729
Melilla;C. - De las cuales: Industria manufacturera;Valor;2016;13.450
Melilla;C. - De las cuales: Industria manufacturera;Tasas de variación interanuales;2022(A);8,7
Melilla;C. - De las cuales: Industria manufacturera;Tasas de variación interanuales;2021(P);12,5
Melilla;C. - De las cuales: Industria manufacturera;Tasas de variación interanuales;2020;-9,8
Melilla;C. - De las cuales: Industria manufacturera;Tasas de variación interanuales;2019;1,8
Melilla;C. - De las cuales: Industria manufacturera;Tasas de variación interanuales;2018;0,5
Melilla;C. - De las cuales: Industria manufacturera;Tasas de variación interanuales;2017;2,1
Melilla;C. - De las cuales: Industria manufacturera;Tasas de variación interanuales;2016;..
Melilla;C. - De las cuales: Industria manufacturera;Estructura porcentual;2022(A);0,9
Melilla;C. - De las cuales: Industria manufacturera;Estructura porcentual;2021(P);0,9
Melilla;C. - De las cuales: Industria manufacturera;Estructura porcentual;2020;0,8
Melilla;C. - De las cuales: Industria manufacturera;Estructura porcentual;2019;0,9
Melilla;C. - De las cuales: Industria manufacturera;Estructura porcentual;2018;0,9
Melilla;C. - De las cuales: Industria manufacturera;Estructura porcentual;2017;0,9
Melilla;C. - De las cuales: Industria manufacturera;Estructura porcentual;2016;0,9
Melilla;F. Construcción;Valor;2022(A);74.851
Melilla;F. Construcción;Valor;2021(P);73.277
Melilla;F. Construcción;Valor;2020;72.557
Melilla;F. Construcción;Valor;2019;84.635
Melilla;F. Construcción;Valor;2018;77.344
Melilla;F. Construcción;Valor;2017;75.999
Melilla;F. Construcción;Valor;2016;71.117
Melilla;F. Construcción;Tasas de variación interanuales;2022(A);2,1
Melilla;F. Construcción;Tasas de variación interanuales;2021(P);1
Melilla;F. Construcción;Tasas de variación interanuales;2020;-14,3
Melilla;F. Construcción;Tasas de variación interanuales;2019;9,4
Melilla;F. Construcción;Tasas de variación interanuales;2018;1,8
Melilla;F. Construcción;Tasas de variación interanuales;2017;6,9
Melilla;F. Construcción;Tasas de variación interanuales;2016;..
Melilla;F. Construcción;Estructura porcentual;2022(A);4,3
Melilla;F. Construcción;Estructura porcentual;2021(P);4,5
Melilla;F. Construcción;Estructura porcentual;2020;4,8
Melilla;F. Construcción;Estructura porcentual;2019;5,2
Melilla;F. Construcción;Estructura porcentual;2018;4,9
Melilla;F. Construcción;Estructura porcentual;2017;5
Melilla;F. Construcción;Estructura porcentual;2016;4,7
Melilla;G_I. Comercio al por mayor y al por menor, reparación de vehículos de motor y motocicletas, transporte y almacenamiento, hostelería;Valor;2022(A);305.871
Melilla;G_I. Comercio al por mayor y al por menor, reparación de vehículos de motor y motocicletas, transporte y almacenamiento, hostelería;Valor;2021(P);259.057
Melilla;G_I. Comercio al por mayor y al por menor, reparación de vehículos de motor y motocicletas, transporte y almacenamiento, hostelería;Valor;2020;224.893
Melilla;G_I. Comercio al por mayor y al por menor, reparación de vehículos de motor y motocicletas, transporte y almacenamiento, hostelería;Valor;2019;284.775
Melilla;G_I. Comercio al por mayor y al por menor, reparación de vehículos de motor y motocicletas, transporte y almacenamiento, hostelería;Valor;2018;276.182
Melilla;G_I. Comercio al por mayor y al por menor, reparación de vehículos de motor y motocicletas, transporte y almacenamiento, hostelería;Valor;2017;268.976
Melilla;G_I. Comercio al por mayor y al por menor, reparación de vehículos de motor y motocicletas, transporte y almacenamiento, hostelería;Valor;2016;261.339
Melilla;G_I. Comercio al por mayor y al por menor, reparación de vehículos de motor y motocicletas, transporte y almacenamiento, hostelería;Tasas de variación interanuales;2022(A);18,1
Melilla;G_I. Comercio al por mayor y al por menor, reparación de vehículos de motor y motocicletas, transporte y almacenamiento, hostelería;Tasas de variación interanuales;2021(P);15,2
Melilla;G_I. Comercio al por mayor y al por menor, reparación de vehículos de motor y motocicletas, transporte y almacenamiento, hostelería;Tasas de variación interanuales;2020;-21
Melilla;G_I. Comercio al por mayor y al por menor, reparación de vehículos de motor y motocicletas, transporte y almacenamiento, hostelería;Tasas de variación interanuales;2019;3,1
Melilla;G_I. Comercio al por mayor y al por menor, reparación de vehículos de motor y motocicletas, transporte y almacenamiento, hostelería;Tasas de variación interanuales;2018;2,7
Melilla;G_I. Comercio al por mayor y al por menor, reparación de vehículos de motor y motocicletas, transporte y almacenamiento, hostelería;Tasas de variación interanuales;2017;2,9
Melilla;G_I. Comercio al por mayor y al por menor, reparación de vehículos de motor y motocicletas, transporte y almacenamiento, hostelería;Tasas de variación interanuales;2016;..
Melilla;G_I. Comercio al por mayor y al por menor, reparación de vehículos de motor y motocicletas, transporte y almacenamiento, hostelería;Estructura porcentual;2022(A);17,4
Melilla;G_I. Comercio al por mayor y al por menor, reparación de vehículos de motor y motocicletas, transporte y almacenamiento, hostelería;Estructura porcentual;2021(P);16
Melilla;G_I. Comercio al por mayor y al por menor, reparación de vehículos de motor y motocicletas, transporte y almacenamiento, hostelería;Estructura porcentual;2020;14,9
Melilla;G_I. Comercio al por mayor y al por menor, reparación de vehículos de motor y motocicletas, transporte y almacenamiento, hostelería;Estructura porcentual;2019;17,5
Melilla;G_I. Comercio al por mayor y al por menor, reparación de vehículos de motor y motocicletas, transporte y almacenamiento, hostelería;Estructura porcentual;2018;17,5
Melilla;G_I. Comercio al por mayor y al por menor, reparación de vehículos de motor y motocicletas, transporte y almacenamiento, hostelería;Estructura porcentual;2017;17,7
Melilla;G_I. Comercio al por mayor y al por menor, reparación de vehículos de motor y motocicletas, transporte y almacenamiento, hostelería;Estructura porcentual;2016;17,4
Melilla;J. Información y comunicaciones;Valor;2022(A);11.233
Melilla;J. Información y comunicaciones;Valor;2021(P);10.634
Melilla;J. Información y comunicaciones;Valor;2020;10.075
Melilla;J. Información y comunicaciones;Valor;2019;10.331
Melilla;J. Información y comunicaciones;Valor;2018;9.975
Melilla;J. Información y comunicaciones;Valor;2017;9.874
Melilla;J. Información y comunicaciones;Valor;2016;10.080
Melilla;J. Información y comunicaciones;Tasas de variación interanuales;2022(A);5,6
Melilla;J. Información y comunicaciones;Tasas de variación interanuales;2021(P);5,5
Melilla;J. Información y comunicaciones;Tasas de variación interanuales;2020;-2,5
Melilla;J. Información y comunicaciones;Tasas de variación interanuales;2019;3,6
Melilla;J. Información y comunicaciones;Tasas de variación interanuales;2018;1
Melilla;J. Información y comunicaciones;Tasas de variación interanuales;2017;-2
Melilla;J. Información y comunicaciones;Tasas de variación interanuales;2016;..
Melilla;J. Información y comunicaciones;Estructura porcentual;2022(A);0,6
Melilla;J. Información y comunicaciones;Estructura porcentual;2021(P);0,7
Melilla;J. Información y comunicaciones;Estructura porcentual;2020;0,7
Melilla;J. Información y comunicaciones;Estructura porcentual;2019;0,6
Melilla;J. Información y comunicaciones;Estructura porcentual;2018;0,6
Melilla;J. Información y comunicaciones;Estructura porcentual;2017;0,6
Melilla;J. Información y comunicaciones;Estructura porcentual;2016;0,7
Melilla;K. Actividades financieras y de seguros;Valor;2022(A);40.215
Melilla;K. Actividades financieras y de seguros;Valor;2021(P);34.635
Melilla;K. Actividades financieras y de seguros;Valor;2020;34.665
Melilla;K. Actividades financieras y de seguros;Valor;2019;32.487
Melilla;K. Actividades financieras y de seguros;Valor;2018;33.639
Melilla;K. Actividades financieras y de seguros;Valor;2017;29.603
Melilla;K. Actividades financieras y de seguros;Valor;2016;28.110
Melilla;K. Actividades financieras y de seguros;Tasas de variación interanuales;2022(A);16,1
Melilla;K. Actividades financieras y de seguros;Tasas de variación interanuales;2021(P);-0,1
Melilla;K. Actividades financieras y de seguros;Tasas de variación interanuales;2020;6,7
Melilla;K. Actividades financieras y de seguros;Tasas de variación interanuales;2019;-3,4
Melilla;K. Actividades financieras y de seguros;Tasas de variación interanuales;2018;13,6
Melilla;K. Actividades financieras y de seguros;Tasas de variación interanuales;2017;5,3
Melilla;K. Actividades financieras y de seguros;Tasas de variación interanuales;2016;..
Melilla;K. Actividades financieras y de seguros;Estructura porcentual;2022(A);2,3
Melilla;K. Actividades financieras y de seguros;Estructura porcentual;2021(P);2,1
Melilla;K. Actividades financieras y de seguros;Estructura porcentual;2020;2,3
Melilla;K. Actividades financieras y de seguros;Estructura porcentual;2019;2
Melilla;K. Actividades financieras y de seguros;Estructura porcentual;2018;2,1
Melilla;K. Actividades financieras y de seguros;Estructura porcentual;2017;1,9
Melilla;K. Actividades financieras y de seguros;Estructura porcentual;2016;1,9
Melilla;L. Actividades inmobiliarias;Valor;2022(A);166.786
Melilla;L. Actividades inmobiliarias;Valor;2021(P);158.451
Melilla;L. Actividades inmobiliarias;Valor;2020;154.621
Melilla;L. Actividades inmobiliarias;Valor;2019;154.826
Melilla;L. Actividades inmobiliarias;Valor;2018;153.786
Melilla;L. Actividades inmobiliarias;Valor;2017;149.186
Melilla;L. Actividades inmobiliarias;Valor;2016;146.045
Melilla;L. Actividades inmobiliarias;Tasas de variación interanuales;2022(A);5,3
Melilla;L. Actividades inmobiliarias;Tasas de variación interanuales;2021(P);2,5
Melilla;L. Actividades inmobiliarias;Tasas de variación interanuales;2020;-0,1
Melilla;L. Actividades inmobiliarias;Tasas de variación interanuales;2019;0,7
Melilla;L. Actividades inmobiliarias;Tasas de variación interanuales;2018;3,1
Melilla;L. Actividades inmobiliarias;Tasas de variación interanuales;2017;2,2
Melilla;L. Actividades inmobiliarias;Tasas de variación interanuales;2016;..
Melilla;L. Actividades inmobiliarias;Estructura porcentual;2022(A);9,5
Melilla;L. Actividades inmobiliarias;Estructura porcentual;2021(P);9,8
Melilla;L. Actividades inmobiliarias;Estructura porcentual;2020;10,2
Melilla;L. Actividades inmobiliarias;Estructura porcentual;2019;9,5
Melilla;L. Actividades inmobiliarias;Estructura porcentual;2018;9,7
Melilla;L. Actividades inmobiliarias;Estructura porcentual;2017;9,8
Melilla;L. Actividades inmobiliarias;Estructura porcentual;2016;9,7
Melilla;M_N. Actividades profesionales, científicas y técnicas, actividades administrativas y servicios auxiliares;Valor;2022(A);80.017
Melilla;M_N. Actividades profesionales, científicas y técnicas, actividades administrativas y servicios auxiliares;Valor;2021(P);73.455
Melilla;M_N. Actividades profesionales, científicas y técnicas, actividades administrativas y servicios auxiliares;Valor;2020;65.310
Melilla;M_N. Actividades profesionales, científicas y técnicas, actividades administrativas y servicios auxiliares;Valor;2019;71.487
Melilla;M_N. Actividades profesionales, científicas y técnicas, actividades administrativas y servicios auxiliares;Valor;2018;67.297
Melilla;M_N. Actividades profesionales, científicas y técnicas, actividades administrativas y servicios auxiliares;Valor;2017;63.927
Melilla;M_N. Actividades profesionales, científicas y técnicas, actividades administrativas y servicios auxiliares;Valor;2016;61.205
Melilla;M_N. Actividades profesionales, científicas y técnicas, actividades administrativas y servicios auxiliares;Tasas de variación interanuales;2022(A);8,9
Melilla;M_N. Actividades profesionales, científicas y técnicas, actividades administrativas y servicios auxiliares;Tasas de variación interanuales;2021(P);12,5
Melilla;M_N. Actividades profesionales, científicas y técnicas, actividades administrativas y servicios auxiliares;Tasas de variación interanuales;2020;-8,6
Melilla;M_N. Actividades profesionales, científicas y técnicas, actividades administrativas y servicios auxiliares;Tasas de variación interanuales;2019;6,2
Melilla;M_N. Actividades profesionales, científicas y técnicas, actividades administrativas y servicios auxiliares;Tasas de variación interanuales;2018;5,3
Melilla;M_N. Actividades profesionales, científicas y técnicas, actividades administrativas y servicios auxiliares;Tasas de variación interanuales;2017;4,4
Melilla;M_N. Actividades profesionales, científicas y técnicas, actividades administrativas y servicios auxiliares;Tasas de variación interanuales;2016;..
Melilla;M_N. Actividades profesionales, científicas y técnicas, actividades administrativas y servicios auxiliares;Estructura porcentual;2022(A);4,6
Melilla;M_N. Actividades profesionales, científicas y técnicas, actividades administrativas y servicios auxiliares;Estructura porcentual;2021(P);4,5
Melilla;M_N. Actividades profesionales, científicas y técnicas, actividades administrativas y servicios auxiliares;Estructura porcentual;2020;4,3
Melilla;M_N. Actividades profesionales, científicas y técnicas, actividades administrativas y servicios auxiliares;Estructura porcentual;2019;4,4
Melilla;M_N. Actividades profesionales, científicas y técnicas, actividades administrativas y servicios auxiliares;Estructura porcentual;2018;4,3
Melilla;M_N. Actividades profesionales, científicas y técnicas, actividades administrativas y servicios auxiliares;Estructura porcentual;2017;4,2
Melilla;M_N. Actividades profesionales, científicas y técnicas, actividades administrativas y servicios auxiliares;Estructura porcentual;2016;4,1
Melilla;O_Q. Administración pública y defensa, seguridad social obligatoria, educación, actividades sanitarias y de servicios sociales;Valor;2022(A);770.411
Melilla;O_Q. Administración pública y defensa, seguridad social obligatoria, educación, actividades sanitarias y de servicios sociales;Valor;2021(P);730.203
Melilla;O_Q. Administración pública y defensa, seguridad social obligatoria, educación, actividades sanitarias y de servicios sociales;Valor;2020;708.830
Melilla;O_Q. Administración pública y defensa, seguridad social obligatoria, educación, actividades sanitarias y de servicios sociales;Valor;2019;707.223
Melilla;O_Q. Administración pública y defensa, seguridad social obligatoria, educación, actividades sanitarias y de servicios sociales;Valor;2018;680.157
Melilla;O_Q. Administración pública y defensa, seguridad social obligatoria, educación, actividades sanitarias y de servicios sociales;Valor;2017;655.385
Melilla;O_Q. Administración pública y defensa, seguridad social obligatoria, educación, actividades sanitarias y de servicios sociales;Valor;2016;663.372
Melilla;O_Q. Administración pública y defensa, seguridad social obligatoria, educación, actividades sanitarias y de servicios sociales;Tasas de variación interanuales;2022(A);5,5
Melilla;O_Q. Administración pública y defensa, seguridad social obligatoria, educación, actividades sanitarias y de servicios sociales;Tasas de variación interanuales;2021(P);3
Melilla;O_Q. Administración pública y defensa, seguridad social obligatoria, educación, actividades sanitarias y de servicios sociales;Tasas de variación interanuales;2020;0,2
Melilla;O_Q. Administración pública y defensa, seguridad social obligatoria, educación, actividades sanitarias y de servicios sociales;Tasas de variación interanuales;2019;4
Melilla;O_Q. Administración pública y defensa, seguridad social obligatoria, educación, actividades sanitarias y de servicios sociales;Tasas de variación interanuales;2018;3,8
Melilla;O_Q. Administración pública y defensa, seguridad social obligatoria, educación, actividades sanitarias y de servicios sociales;Tasas de variación interanuales;2017;-1,2
Melilla;O_Q. Administración pública y defensa, seguridad social obligatoria, educación, actividades sanitarias y de servicios sociales;Tasas de variación interanuales;2016;..
Melilla;O_Q. Administración pública y defensa, seguridad social obligatoria, educación, actividades sanitarias y de servicios sociales;Estructura porcentual;2022(A);43,9
Melilla;O_Q. Administración pública y defensa, seguridad social obligatoria, educación, actividades sanitarias y de servicios sociales;Estructura porcentual;2021(P);45,2
Melilla;O_Q. Administración pública y defensa, seguridad social obligatoria, educación, actividades sanitarias y de servicios sociales;Estructura porcentual;2020;46,8
Melilla;O_Q. Administración pública y defensa, seguridad social obligatoria, educación, actividades sanitarias y de servicios sociales;Estructura porcentual;2019;43,5
Melilla;O_Q. Administración pública y defensa, seguridad social obligatoria, educación, actividades sanitarias y de servicios sociales;Estructura porcentual;2018;43,1
Melilla;O_Q. Administración pública y defensa, seguridad social obligatoria, educación, actividades sanitarias y de servicios sociales;Estructura porcentual;2017;43,1
Melilla;O_Q. Administración pública y defensa, seguridad social obligatoria, educación, actividades sanitarias y de servicios sociales;Estructura porcentual;2016;44
Melilla;R_U. Actividades artísticas, recreativas y de entretenimiento, reparación de artículos de uso doméstico y otros servicios;Valor;2022(A);61.309
Melilla;R_U. Actividades artísticas, recreativas y de entretenimiento, reparación de artículos de uso doméstico y otros servicios;Valor;2021(P);53.425
Melilla;R_U. Actividades artísticas, recreativas y de entretenimiento, reparación de artículos de uso doméstico y otros servicios;Valor;2020;50.907
Melilla;R_U. Actividades artísticas, recreativas y de entretenimiento, reparación de artículos de uso doméstico y otros servicios;Valor;2019;63.097
Melilla;R_U. Actividades artísticas, recreativas y de entretenimiento, reparación de artículos de uso doméstico y otros servicios;Valor;2018;61.774
Melilla;R_U. Actividades artísticas, recreativas y de entretenimiento, reparación de artículos de uso doméstico y otros servicios;Valor;2017;59.235
Melilla;R_U. Actividades artísticas, recreativas y de entretenimiento, reparación de artículos de uso doméstico y otros servicios;Valor;2016;57.895
Melilla;R_U. Actividades artísticas, recreativas y de entretenimiento, reparación de artículos de uso doméstico y otros servicios;Tasas de variación interanuales;2022(A);14,8
Melilla;R_U. Actividades artísticas, recreativas y de entretenimiento, reparación de artículos de uso doméstico y otros servicios;Tasas de variación interanuales;2021(P);4,9
Melilla;R_U. Actividades artísticas, recreativas y de entretenimiento, reparación de artículos de uso doméstico y otros servicios;Tasas de variación interanuales;2020;-19,3
Melilla;R_U. Actividades artísticas, recreativas y de entretenimiento, reparación de artículos de uso doméstico y otros servicios;Tasas de variación interanuales;2019;2,1
Melilla;R_U. Actividades artísticas, recreativas y de entretenimiento, reparación de artículos de uso doméstico y otros servicios;Tasas de variación interanuales;2018;4,3
Melilla;R_U. Actividades artísticas, recreativas y de entretenimiento, reparación de artículos de uso doméstico y otros servicios;Tasas de variación interanuales;2017;2,3
Melilla;R_U. Actividades artísticas, recreativas y de entretenimiento, reparación de artículos de uso doméstico y otros servicios;Tasas de variación interanuales;2016;..
Melilla;R_U. Actividades artísticas, recreativas y de entretenimiento, reparación de artículos de uso doméstico y otros servicios;Estructura porcentual;2022(A);3,5
Melilla;R_U. Actividades artísticas, recreativas y de entretenimiento, reparación de artículos de uso doméstico y otros servicios;Estructura porcentual;2021(P);3,3
Melilla;R_U. Actividades artísticas, recreativas y de entretenimiento, reparación de artículos de uso doméstico y otros servicios;Estructura porcentual;2020;3,4
Melilla;R_U. Actividades artísticas, recreativas y de entretenimiento, reparación de artículos de uso doméstico y otros servicios;Estructura porcentual;2019;3,9
Melilla;R_U. Actividades artísticas, recreativas y de entretenimiento, reparación de artículos de uso doméstico y otros servicios;Estructura porcentual;2018;3,9
Melilla;R_U. Actividades artísticas, recreativas y de entretenimiento, reparación de artículos de uso doméstico y otros servicios;Estructura porcentual;2017;3,9
Melilla;R_U. Actividades artísticas, recreativas y de entretenimiento, reparación de artículos de uso doméstico y otros servicios;Estructura porcentual;2016;3,8
Melilla;Valor añadido bruto total;Valor;2022(A);1.599.212
Melilla;Valor añadido bruto total;Valor;2021(P);1.462.549
Melilla;Valor añadido bruto total;Valor;2020;1.381.519
Melilla;Valor añadido bruto total;Valor;2019;1.473.873
Melilla;Valor añadido bruto total;Valor;2018;1.427.933
Melilla;Valor añadido bruto total;Valor;2017;1.378.012
Melilla;Valor añadido bruto total;Valor;2016;1.366.735
Melilla;Valor añadido bruto total;Tasas de variación interanuales;2022(A);9,3
Melilla;Valor añadido bruto total;Tasas de variación interanuales;2021(P);5,9
Melilla;Valor añadido bruto total;Tasas de variación interanuales;2020;-6,3
Melilla;Valor añadido bruto total;Tasas de variación interanuales;2019;3,2
Melilla;Valor añadido bruto total;Tasas de variación interanuales;2018;3,6
Melilla;Valor añadido bruto total;Tasas de variación interanuales;2017;0,8
Melilla;Valor añadido bruto total;Tasas de variación interanuales;2016;..
Melilla;Valor añadido bruto total;Estructura porcentual;2022(A);91
Melilla;Valor añadido bruto total;Estructura porcentual;2021(P);90,5
Melilla;Valor añadido bruto total;Estructura porcentual;2020;91,2
Melilla;Valor añadido bruto total;Estructura porcentual;2019;90,7
Melilla;Valor añadido bruto total;Estructura porcentual;2018;90,5
Melilla;Valor añadido bruto total;Estructura porcentual;2017;90,7
Melilla;Valor añadido bruto total;Estructura porcentual;2016;90,7
Melilla;Impuestos netos sobre los productos;Valor;2022(A);157.549
Melilla;Impuestos netos sobre los productos;Valor;2021(P);153.994
Melilla;Impuestos netos sobre los productos;Valor;2020;132.490
Melilla;Impuestos netos sobre los productos;Valor;2019;151.213
Melilla;Impuestos netos sobre los productos;Valor;2018;149.998
Melilla;Impuestos netos sobre los productos;Valor;2017;142.125
Melilla;Impuestos netos sobre los productos;Valor;2016;139.411
Melilla;Impuestos netos sobre los productos;Tasas de variación interanuales;2022(A);2,3
Melilla;Impuestos netos sobre los productos;Tasas de variación interanuales;2021(P);16,2
Melilla;Impuestos netos sobre los productos;Tasas de variación interanuales;2020;-12,4
Melilla;Impuestos netos sobre los productos;Tasas de variación interanuales;2019;0,8
Melilla;Impuestos netos sobre los productos;Tasas de variación interanuales;2018;5,5
Melilla;Impuestos netos sobre los productos;Tasas de variación interanuales;2017;1,9
Melilla;Impuestos netos sobre los productos;Tasas de variación interanuales;2016;..
Melilla;Impuestos netos sobre los productos;Estructura porcentual;2022(A);9
Melilla;Impuestos netos sobre los productos;Estructura porcentual;2021(P);9,5
Melilla;Impuestos netos sobre los productos;Estructura porcentual;2020;8,8
Melilla;Impuestos netos sobre los productos;Estructura porcentual;2019;9,3
Melilla;Impuestos netos sobre los productos;Estructura porcentual;2018;9,5
Melilla;Impuestos netos sobre los productos;Estructura porcentual;2017;9,3
Melilla;Impuestos netos sobre los productos;Estructura porcentual;2016;9,3
Melilla;PRODUCTO INTERIOR BRUTO A PRECIOS DE MERCADO;Valor;2022(A);1.756.761
Melilla;PRODUCTO INTERIOR BRUTO A PRECIOS DE MERCADO;Valor;2021(P);1.616.543
Melilla;PRODUCTO INTERIOR BRUTO A PRECIOS DE MERCADO;Valor;2020;1.514.009
Melilla;PRODUCTO INTERIOR BRUTO A PRECIOS DE MERCADO;Valor;2019;1.625.086
Melilla;PRODUCTO INTERIOR BRUTO A PRECIOS DE MERCADO;Valor;2018;1.577.931
Melilla;PRODUCTO INTERIOR BRUTO A PRECIOS DE MERCADO;Valor;2017;1.520.137
Melilla;PRODUCTO INTERIOR BRUTO A PRECIOS DE MERCADO;Valor;2016;1.506.146
Melilla;PRODUCTO INTERIOR BRUTO A PRECIOS DE MERCADO;Tasas de variación interanuales;2022(A);8,7
Melilla;PRODUCTO INTERIOR BRUTO A PRECIOS DE MERCADO;Tasas de variación interanuales;2021(P);6,8
Melilla;PRODUCTO INTERIOR BRUTO A PRECIOS DE MERCADO;Tasas de variación interanuales;2020;-6,8
Melilla;PRODUCTO INTERIOR BRUTO A PRECIOS DE MERCADO;Tasas de variación interanuales;2019;3
Melilla;PRODUCTO INTERIOR BRUTO A PRECIOS DE MERCADO;Tasas de variación interanuales;2018;3,8
Melilla;PRODUCTO INTERIOR BRUTO A PRECIOS DE MERCADO;Tasas de variación interanuales;2017;0,9
Melilla;PRODUCTO INTERIOR BRUTO A PRECIOS DE MERCADO;Tasas de variación interanuales;2016;..
Melilla;PRODUCTO INTERIOR BRUTO A PRECIOS DE MERCADO;Estructura porcentual;2022(A);100
Melilla;PRODUCTO INTERIOR BRUTO A PRECIOS DE MERCADO;Estructura porcentual;2021(P);100
Melilla;PRODUCTO INTERIOR BRUTO A PRECIOS DE MERCADO;Estructura porcentual;2020;100
Melilla;PRODUCTO INTERIOR BRUTO A PRECIOS DE MERCADO;Estructura porcentual;2019;100
Melilla;PRODUCTO INTERIOR BRUTO A PRECIOS DE MERCADO;Estructura porcentual;2018;100
Melilla;PRODUCTO INTERIOR BRUTO A PRECIOS DE MERCADO;Estructura porcentual;2017;100
Melilla;PRODUCTO INTERIOR BRUTO A PRECIOS DE MERCADO;Estructura porcentual;2016;100
TOTAL NACIONAL;PRODUCTO INTERIOR BRUTO A PRECIOS DE MERCADO;Valor;2022(A);1.346.377.000
TOTAL NACIONAL;PRODUCTO INTERIOR BRUTO A PRECIOS DE MERCADO;Valor;2021(P);1.222.290.000
TOTAL NACIONAL;PRODUCTO INTERIOR BRUTO A PRECIOS DE MERCADO;Valor;2020;1.119.010.000
TOTAL NACIONAL;PRODUCTO INTERIOR BRUTO A PRECIOS DE MERCADO;Valor;2019;1.245.513.000
TOTAL NACIONAL;PRODUCTO INTERIOR BRUTO A PRECIOS DE MERCADO;Valor;2018;1.203.859.000
TOTAL NACIONAL;PRODUCTO INTERIOR BRUTO A PRECIOS DE MERCADO;Valor;2017;1.162.492.000
TOTAL NACIONAL;PRODUCTO INTERIOR BRUTO A PRECIOS DE MERCADO;Valor;2016;1.114.420.000
TOTAL NACIONAL;PRODUCTO INTERIOR BRUTO A PRECIOS DE MERCADO;Tasas de variación interanuales;2022(A);10,2
TOTAL NACIONAL;PRODUCTO INTERIOR BRUTO A PRECIOS DE MERCADO;Tasas de variación interanuales;2021(P);9,2
TOTAL NACIONAL;PRODUCTO INTERIOR BRUTO A PRECIOS DE MERCADO;Tasas de variación interanuales;2020;-10,2
TOTAL NACIONAL;PRODUCTO INTERIOR BRUTO A PRECIOS DE MERCADO;Tasas de variación interanuales;2019;3,5
TOTAL NACIONAL;PRODUCTO INTERIOR BRUTO A PRECIOS DE MERCADO;Tasas de variación interanuales;2018;3,6
TOTAL NACIONAL;PRODUCTO INTERIOR BRUTO A PRECIOS DE MERCADO;Tasas de variación interanuales;2017;4,3
TOTAL NACIONAL;PRODUCTO INTERIOR BRUTO A PRECIOS DE MERCADO;Tasas de variación interanuales;2016;..
TOTAL NACIONAL;PRODUCTO INTERIOR BRUTO A PRECIOS DE MERCADO;Estructura porcentual;2022(A);100
TOTAL NACIONAL;PRODUCTO INTERIOR BRUTO A PRECIOS DE MERCADO;Estructura porcentual;2021(P);100
TOTAL NACIONAL;PRODUCTO INTERIOR BRUTO A PRECIOS DE MERCADO;Estructura porcentual;2020;100
TOTAL NACIONAL;PRODUCTO INTERIOR BRUTO A PRECIOS DE MERCADO;Estructura porcentual;2019;100
TOTAL NACIONAL;PRODUCTO INTERIOR BRUTO A PRECIOS DE MERCADO;Estructura porcentual;2018;100
TOTAL NACIONAL;PRODUCTO INTERIOR BRUTO A PRECIOS DE MERCADO;Estructura porcentual;2017;100
TOTAL NACIONAL;PRODUCTO INTERIOR BRUTO A PRECIOS DE MERCADO;Estructura porcentual;2016;100
TOTAL NACIONAL;A. Agricultura, ganadería, silvicultura y pesca;Valor;2022(A);31.483.000
TOTAL NACIONAL;A. Agricultura, ganadería, silvicultura y pesca;Valor;2021(P);33.378.000
TOTAL NACIONAL;A. Agricultura, ganadería, silvicultura y pesca;Valor;2020;31.461.000
TOTAL NACIONAL;A. Agricultura, ganadería, silvicultura y pesca;Valor;2019;30.751.000
TOTAL NACIONAL;A. Agricultura, ganadería, silvicultura y pesca;Valor;2018;33.181.000
TOTAL NACIONAL;A. Agricultura, ganadería, silvicultura y pesca;Valor;2017;32.399.000
TOTAL NACIONAL;A. Agricultura, ganadería, silvicultura y pesca;Valor;2016;31.474.000
TOTAL NACIONAL;A. Agricultura, ganadería, silvicultura y pesca;Tasas de variación interanuales;2022(A);-5,7
TOTAL NACIONAL;A. Agricultura, ganadería, silvicultura y pesca;Tasas de variación interanuales;2021(P);6,1
TOTAL NACIONAL;A. Agricultura, ganadería, silvicultura y pesca;Tasas de variación interanuales;2020;2,3
TOTAL NACIONAL;A. Agricultura, ganadería, silvicultura y pesca;Tasas de variación interanuales;2019;-7,3
TOTAL NACIONAL;A. Agricultura, ganadería, silvicultura y pesca;Tasas de variación interanuales;2018;2,4
TOTAL NACIONAL;A. Agricultura, ganadería, silvicultura y pesca;Tasas de variación interanuales;2017;2,9
TOTAL NACIONAL;A. Agricultura, ganadería, silvicultura y pesca;Tasas de variación interanuales;2016;..
TOTAL NACIONAL;A. Agricultura, ganadería, silvicultura y pesca;Estructura porcentual;2022(A);2,3
TOTAL NACIONAL;A. Agricultura, ganadería, silvicultura y pesca;Estructura porcentual;2021(P);2,7
TOTAL NACIONAL;A. Agricultura, ganadería, silvicultura y pesca;Estructura porcentual;2020;2,8
TOTAL NACIONAL;A. Agricultura, ganadería, silvicultura y pesca;Estructura porcentual;2019;2,5
TOTAL NACIONAL;A. Agricultura, ganadería, silvicultura y pesca;Estructura porcentual;2018;2,8
TOTAL NACIONAL;A. Agricultura, ganadería, silvicultura y pesca;Estructura porcentual;2017;2,8
TOTAL NACIONAL;A. Agricultura, ganadería, silvicultura y pesca;Estructura porcentual;2016;2,8
TOTAL NACIONAL;B_E. Industrias extractivas, industria manufacturera, suministro de energía eléctrica, gas, vapor y aire acondicionado, suministro de agua, actividades de saneamiento, gestión de residuos y descontaminación;Valor;2022(A);213.706.000
TOTAL NACIONAL;B_E. Industrias extractivas, industria manufacturera, suministro de energía eléctrica, gas, vapor y aire acondicionado, suministro de agua, actividades de saneamiento, gestión de residuos y descontaminación;Valor;2021(P);185.441.000
TOTAL NACIONAL;B_E. Industrias extractivas, industria manufacturera, suministro de energía eléctrica, gas, vapor y aire acondicionado, suministro de agua, actividades de saneamiento, gestión de residuos y descontaminación;Valor;2020;164.062.000
TOTAL NACIONAL;B_E. Industrias extractivas, industria manufacturera, suministro de energía eléctrica, gas, vapor y aire acondicionado, suministro de agua, actividades de saneamiento, gestión de residuos y descontaminación;Valor;2019;178.800.000
TOTAL NACIONAL;B_E. Industrias extractivas, industria manufacturera, suministro de energía eléctrica, gas, vapor y aire acondicionado, suministro de agua, actividades de saneamiento, gestión de residuos y descontaminación;Valor;2018;174.699.000
TOTAL NACIONAL;B_E. Industrias extractivas, industria manufacturera, suministro de energía eléctrica, gas, vapor y aire acondicionado, suministro de agua, actividades de saneamiento, gestión de residuos y descontaminación;Valor;2017;170.968.000
TOTAL NACIONAL;B_E. Industrias extractivas, industria manufacturera, suministro de energía eléctrica, gas, vapor y aire acondicionado, suministro de agua, actividades de saneamiento, gestión de residuos y descontaminación;Valor;2016;163.439.000
TOTAL NACIONAL;B_E. Industrias extractivas, industria manufacturera, suministro de energía eléctrica, gas, vapor y aire acondicionado, suministro de agua, actividades de saneamiento, gestión de residuos y descontaminación;Tasas de variación interanuales;2022(A);15,2
TOTAL NACIONAL;B_E. Industrias extractivas, industria manufacturera, suministro de energía eléctrica, gas, vapor y aire acondicionado, suministro de agua, actividades de saneamiento, gestión de residuos y descontaminación;Tasas de variación interanuales;2021(P);13
TOTAL NACIONAL;B_E. Industrias extractivas, industria manufacturera, suministro de energía eléctrica, gas, vapor y aire acondicionado, suministro de agua, actividades de saneamiento, gestión de residuos y descontaminación;Tasas de variación interanuales;2020;-8,2
TOTAL NACIONAL;B_E. Industrias extractivas, industria manufacturera, suministro de energía eléctrica, gas, vapor y aire acondicionado, suministro de agua, actividades de saneamiento, gestión de residuos y descontaminación;Tasas de variación interanuales;2019;2,3
TOTAL NACIONAL;B_E. Industrias extractivas, industria manufacturera, suministro de energía eléctrica, gas, vapor y aire acondicionado, suministro de agua, actividades de saneamiento, gestión de residuos y descontaminación;Tasas de variación interanuales;2018;2,2
TOTAL NACIONAL;B_E. Industrias extractivas, industria manufacturera, suministro de energía eléctrica, gas, vapor y aire acondicionado, suministro de agua, actividades de saneamiento, gestión de residuos y descontaminación;Tasas de variación interanuales;2017;4,6
TOTAL NACIONAL;B_E. Industrias extractivas, industria manufacturera, suministro de energía eléctrica, gas, vapor y aire acondicionado, suministro de agua, actividades de saneamiento, gestión de residuos y descontaminación;Tasas de variación interanuales;2016;..
TOTAL NACIONAL;B_E. Industrias extractivas, industria manufacturera, suministro de energía eléctrica, gas, vapor y aire acondicionado, suministro de agua, actividades de saneamiento, gestión de residuos y descontaminación;Estructura porcentual;2022(A);15,9
TOTAL NACIONAL;B_E. Industrias extractivas, industria manufacturera, suministro de energía eléctrica, gas, vapor y aire acondicionado, suministro de agua, actividades de saneamiento, gestión de residuos y descontaminación;Estructura porcentual;2021(P);15,2
TOTAL NACIONAL;B_E. Industrias extractivas, industria manufacturera, suministro de energía eléctrica, gas, vapor y aire acondicionado, suministro de agua, actividades de saneamiento, gestión de residuos y descontaminación;Estructura porcentual;2020;14,7
TOTAL NACIONAL;B_E. Industrias extractivas, industria manufacturera, suministro de energía eléctrica, gas, vapor y aire acondicionado, suministro de agua, actividades de saneamiento, gestión de residuos y descontaminación;Estructura porcentual;2019;14,4
TOTAL NACIONAL;B_E. Industrias extractivas, industria manufacturera, suministro de energía eléctrica, gas, vapor y aire acondicionado, suministro de agua, actividades de saneamiento, gestión de residuos y descontaminación;Estructura porcentual;2018;14,5
TOTAL NACIONAL;B_E. Industrias extractivas, industria manufacturera, suministro de energía eléctrica, gas, vapor y aire acondicionado, suministro de agua, actividades de saneamiento, gestión de residuos y descontaminación;Estructura porcentual;2017;14,7
TOTAL NACIONAL;B_E. Industrias extractivas, industria manufacturera, suministro de energía eléctrica, gas, vapor y aire acondicionado, suministro de agua, actividades de saneamiento, gestión de residuos y descontaminación;Estructura porcentual;2016;14,7
TOTAL NACIONAL;C. - De las cuales: Industria manufacturera;Valor;2022(A);153.552.000
TOTAL NACIONAL;C. - De las cuales: Industria manufacturera;Valor;2021(P);138.189.000
TOTAL NACIONAL;C. - De las cuales: Industria manufacturera;Valor;2020;122.991.000
TOTAL NACIONAL;C. - De las cuales: Industria manufacturera;Valor;2019;135.933.000
TOTAL NACIONAL;C. - De las cuales: Industria manufacturera;Valor;2018;132.748.000
TOTAL NACIONAL;C. - De las cuales: Industria manufacturera;Valor;2017;131.687.000
TOTAL NACIONAL;C. - De las cuales: Industria manufacturera;Valor;2016;125.539.000
TOTAL NACIONAL;C. - De las cuales: Industria manufacturera;Tasas de variación interanuales;2022(A);11,1
TOTAL NACIONAL;C. - De las cuales: Industria manufacturera;Tasas de variación interanuales;2021(P);12,4
TOTAL NACIONAL;C. - De las cuales: Industria manufacturera;Tasas de variación interanuales;2020;-9,5
TOTAL NACIONAL;C. - De las cuales: Industria manufacturera;Tasas de variación interanuales;2019;2,4
TOTAL NACIONAL;C. - De las cuales: Industria manufacturera;Tasas de variación interanuales;2018;0,8
TOTAL NACIONAL;C. - De las cuales: Industria manufacturera;Tasas de variación interanuales;2017;4,9
TOTAL NACIONAL;C. - De las cuales: Industria manufacturera;Tasas de variación interanuales;2016;..
TOTAL NACIONAL;C. - De las cuales: Industria manufacturera;Estructura porcentual;2022(A);11,4
TOTAL NACIONAL;C. - De las cuales: Industria manufacturera;Estructura porcentual;2021(P);11,3
TOTAL NACIONAL;C. - De las cuales: Industria manufacturera;Estructura porcentual;2020;11
TOTAL NACIONAL;C. - De las cuales: Industria manufacturera;Estructura porcentual;2019;10,9
TOTAL NACIONAL;C. - De las cuales: Industria manufacturera;Estructura porcentual;2018;11
TOTAL NACIONAL;C. - De las cuales: Industria manufacturera;Estructura porcentual;2017;11,3
TOTAL NACIONAL;C. - De las cuales: Industria manufacturera;Estructura porcentual;2016;11,3
TOTAL NACIONAL;F. Construcción;Valor;2022(A);66.268.000
TOTAL NACIONAL;F. Construcción;Valor;2021(P);62.978.000
TOTAL NACIONAL;F. Construcción;Valor;2020;61.270.000
TOTAL NACIONAL;F. Construcción;Valor;2019;70.821.000
TOTAL NACIONAL;F. Construcción;Valor;2018;64.459.000
TOTAL NACIONAL;F. Construcción;Valor;2017;62.061.000
TOTAL NACIONAL;F. Construcción;Valor;2016;59.362.000
TOTAL NACIONAL;F. Construcción;Tasas de variación interanuales;2022(A);5,2
TOTAL NACIONAL;F. Construcción;Tasas de variación interanuales;2021(P);2,8
TOTAL NACIONAL;F. Construcción;Tasas de variación interanuales;2020;-13,5
TOTAL NACIONAL;F. Construcción;Tasas de variación interanuales;2019;9,9
TOTAL NACIONAL;F. Construcción;Tasas de variación interanuales;2018;3,9
TOTAL NACIONAL;F. Construcción;Tasas de variación interanuales;2017;4,5
TOTAL NACIONAL;F. Construcción;Tasas de variación interanuales;2016;..
TOTAL NACIONAL;F. Construcción;Estructura porcentual;2022(A);4,9
TOTAL NACIONAL;F. Construcción;Estructura porcentual;2021(P);5,2
TOTAL NACIONAL;F. Construcción;Estructura porcentual;2020;5,5
TOTAL NACIONAL;F. Construcción;Estructura porcentual;2019;5,7
TOTAL NACIONAL;F. Construcción;Estructura porcentual;2018;5,4
TOTAL NACIONAL;F. Construcción;Estructura porcentual;2017;5,3
TOTAL NACIONAL;F. Construcción;Estructura porcentual;2016;5,3
TOTAL NACIONAL;G_I. Comercio al por mayor y al por menor, reparación de vehículos de motor y motocicletas, transporte y almacenamiento, hostelería;Valor;2022(A);295.057.000
TOTAL NACIONAL;G_I. Comercio al por mayor y al por menor, reparación de vehículos de motor y motocicletas, transporte y almacenamiento, hostelería;Valor;2021(P);242.728.000
TOTAL NACIONAL;G_I. Comercio al por mayor y al por menor, reparación de vehículos de motor y motocicletas, transporte y almacenamiento, hostelería;Valor;2020;204.879.000
TOTAL NACIONAL;G_I. Comercio al por mayor y al por menor, reparación de vehículos de motor y motocicletas, transporte y almacenamiento, hostelería;Valor;2019;268.322.000
TOTAL NACIONAL;G_I. Comercio al por mayor y al por menor, reparación de vehículos de motor y motocicletas, transporte y almacenamiento, hostelería;Valor;2018;258.673.000
TOTAL NACIONAL;G_I. Comercio al por mayor y al por menor, reparación de vehículos de motor y motocicletas, transporte y almacenamiento, hostelería;Valor;2017;251.365.000
TOTAL NACIONAL;G_I. Comercio al por mayor y al por menor, reparación de vehículos de motor y motocicletas, transporte y almacenamiento, hostelería;Valor;2016;239.594.000
TOTAL NACIONAL;G_I. Comercio al por mayor y al por menor, reparación de vehículos de motor y motocicletas, transporte y almacenamiento, hostelería;Tasas de variación interanuales;2022(A);21,6
TOTAL NACIONAL;G_I. Comercio al por mayor y al por menor, reparación de vehículos de motor y motocicletas, transporte y almacenamiento, hostelería;Tasas de variación interanuales;2021(P);18,5
TOTAL NACIONAL;G_I. Comercio al por mayor y al por menor, reparación de vehículos de motor y motocicletas, transporte y almacenamiento, hostelería;Tasas de variación interanuales;2020;-23,6
TOTAL NACIONAL;G_I. Comercio al por mayor y al por menor, reparación de vehículos de motor y motocicletas, transporte y almacenamiento, hostelería;Tasas de variación interanuales;2019;3,7
TOTAL NACIONAL;G_I. Comercio al por mayor y al por menor, reparación de vehículos de motor y motocicletas, transporte y almacenamiento, hostelería;Tasas de variación interanuales;2018;2,9
TOTAL NACIONAL;G_I. Comercio al por mayor y al por menor, reparación de vehículos de motor y motocicletas, transporte y almacenamiento, hostelería;Tasas de variación interanuales;2017;4,9
TOTAL NACIONAL;G_I. Comercio al por mayor y al por menor, reparación de vehículos de motor y motocicletas, transporte y almacenamiento, hostelería;Tasas de variación interanuales;2016;..
TOTAL NACIONAL;G_I. Comercio al por mayor y al por menor, reparación de vehículos de motor y motocicletas, transporte y almacenamiento, hostelería;Estructura porcentual;2022(A);21,9
TOTAL NACIONAL;G_I. Comercio al por mayor y al por menor, reparación de vehículos de motor y motocicletas, transporte y almacenamiento, hostelería;Estructura porcentual;2021(P);19,9
TOTAL NACIONAL;G_I. Comercio al por mayor y al por menor, reparación de vehículos de motor y motocicletas, transporte y almacenamiento, hostelería;Estructura porcentual;2020;18,3
TOTAL NACIONAL;G_I. Comercio al por mayor y al por menor, reparación de vehículos de motor y motocicletas, transporte y almacenamiento, hostelería;Estructura porcentual;2019;21,5
TOTAL NACIONAL;G_I. Comercio al por mayor y al por menor, reparación de vehículos de motor y motocicletas, transporte y almacenamiento, hostelería;Estructura porcentual;2018;21,5
TOTAL NACIONAL;G_I. Comercio al por mayor y al por menor, reparación de vehículos de motor y motocicletas, transporte y almacenamiento, hostelería;Estructura porcentual;2017;21,6
TOTAL NACIONAL;G_I. Comercio al por mayor y al por menor, reparación de vehículos de motor y motocicletas, transporte y almacenamiento, hostelería;Estructura porcentual;2016;21,5
TOTAL NACIONAL;J. Información y comunicaciones;Valor;2022(A);46.815.000
TOTAL NACIONAL;J. Información y comunicaciones;Valor;2021(P);43.318.000
TOTAL NACIONAL;J. Información y comunicaciones;Valor;2020;40.259.000
TOTAL NACIONAL;J. Información y comunicaciones;Valor;2019;42.200.000
TOTAL NACIONAL;J. Información y comunicaciones;Valor;2018;39.963.000
TOTAL NACIONAL;J. Información y comunicaciones;Valor;2017;39.274.000
TOTAL NACIONAL;J. Información y comunicaciones;Valor;2016;36.945.000
TOTAL NACIONAL;J. Información y comunicaciones;Tasas de variación interanuales;2022(A);8,1
TOTAL NACIONAL;J. Información y comunicaciones;Tasas de variación interanuales;2021(P);7,6
TOTAL NACIONAL;J. Información y comunicaciones;Tasas de variación interanuales;2020;-4,6
TOTAL NACIONAL;J. Información y comunicaciones;Tasas de variación interanuales;2019;5,6
TOTAL NACIONAL;J. Información y comunicaciones;Tasas de variación interanuales;2018;1,8
TOTAL NACIONAL;J. Información y comunicaciones;Tasas de variación interanuales;2017;6,3
TOTAL NACIONAL;J. Información y comunicaciones;Tasas de variación interanuales;2016;..
TOTAL NACIONAL;J. Información y comunicaciones;Estructura porcentual;2022(A);3,5
TOTAL NACIONAL;J. Información y comunicaciones;Estructura porcentual;2021(P);3,5
TOTAL NACIONAL;J. Información y comunicaciones;Estructura porcentual;2020;3,6
TOTAL NACIONAL;J. Información y comunicaciones;Estructura porcentual;2019;3,4
TOTAL NACIONAL;J. Información y comunicaciones;Estructura porcentual;2018;3,3
TOTAL NACIONAL;J. Información y comunicaciones;Estructura porcentual;2017;3,4
TOTAL NACIONAL;J. Información y comunicaciones;Estructura porcentual;2016;3,3
TOTAL NACIONAL;K. Actividades financieras y de seguros;Valor;2022(A);52.662.000
TOTAL NACIONAL;K. Actividades financieras y de seguros;Valor;2021(P);46.613.000
TOTAL NACIONAL;K. Actividades financieras y de seguros;Valor;2020;45.940.000
TOTAL NACIONAL;K. Actividades financieras y de seguros;Valor;2019;44.003.000
TOTAL NACIONAL;K. Actividades financieras y de seguros;Valor;2018;44.598.000
TOTAL NACIONAL;K. Actividades financieras y de seguros;Valor;2017;40.699.000
TOTAL NACIONAL;K. Actividades financieras y de seguros;Valor;2016;39.192.000
TOTAL NACIONAL;K. Actividades financieras y de seguros;Tasas de variación interanuales;2022(A);13
TOTAL NACIONAL;K. Actividades financieras y de seguros;Tasas de variación interanuales;2021(P);1,5
TOTAL NACIONAL;K. Actividades financieras y de seguros;Tasas de variación interanuales;2020;4,4
TOTAL NACIONAL;K. Actividades financieras y de seguros;Tasas de variación interanuales;2019;-1,3
TOTAL NACIONAL;K. Actividades financieras y de seguros;Tasas de variación interanuales;2018;9,6
TOTAL NACIONAL;K. Actividades financieras y de seguros;Tasas de variación interanuales;2017;3,8
TOTAL NACIONAL;K. Actividades financieras y de seguros;Tasas de variación interanuales;2016;..
TOTAL NACIONAL;K. Actividades financieras y de seguros;Estructura porcentual;2022(A);3,9
TOTAL NACIONAL;K. Actividades financieras y de seguros;Estructura porcentual;2021(P);3,8
TOTAL NACIONAL;K. Actividades financieras y de seguros;Estructura porcentual;2020;4,1
TOTAL NACIONAL;K. Actividades financieras y de seguros;Estructura porcentual;2019;3,5
TOTAL NACIONAL;K. Actividades financieras y de seguros;Estructura porcentual;2018;3,7
TOTAL NACIONAL;K. Actividades financieras y de seguros;Estructura porcentual;2017;3,5
TOTAL NACIONAL;K. Actividades financieras y de seguros;Estructura porcentual;2016;3,5
TOTAL NACIONAL;L. Actividades inmobiliarias;Valor;2022(A);139.835.000
TOTAL NACIONAL;L. Actividades inmobiliarias;Valor;2021(P);133.896.000
TOTAL NACIONAL;L. Actividades inmobiliarias;Valor;2020;130.715.000
TOTAL NACIONAL;L. Actividades inmobiliarias;Valor;2019;130.503.000
TOTAL NACIONAL;L. Actividades inmobiliarias;Valor;2018;126.536.000
TOTAL NACIONAL;L. Actividades inmobiliarias;Valor;2017;121.916.000
TOTAL NACIONAL;L. Actividades inmobiliarias;Valor;2016;119.282.000
TOTAL NACIONAL;L. Actividades inmobiliarias;Tasas de variación interanuales;2022(A);4,4
TOTAL NACIONAL;L. Actividades inmobiliarias;Tasas de variación interanuales;2021(P);2,4
TOTAL NACIONAL;L. Actividades inmobiliarias;Tasas de variación interanuales;2020;0,2
TOTAL NACIONAL;L. Actividades inmobiliarias;Tasas de variación interanuales;2019;3,1
TOTAL NACIONAL;L. Actividades inmobiliarias;Tasas de variación interanuales;2018;3,8
TOTAL NACIONAL;L. Actividades inmobiliarias;Tasas de variación interanuales;2017;2,2
TOTAL NACIONAL;L. Actividades inmobiliarias;Tasas de variación interanuales;2016;..
TOTAL NACIONAL;L. Actividades inmobiliarias;Estructura porcentual;2022(A);10,4
TOTAL NACIONAL;L. Actividades inmobiliarias;Estructura porcentual;2021(P);11
TOTAL NACIONAL;L. Actividades inmobiliarias;Estructura porcentual;2020;11,7
TOTAL NACIONAL;L. Actividades inmobiliarias;Estructura porcentual;2019;10,5
TOTAL NACIONAL;L. Actividades inmobiliarias;Estructura porcentual;2018;10,5
TOTAL NACIONAL;L. Actividades inmobiliarias;Estructura porcentual;2017;10,5
TOTAL NACIONAL;L. Actividades inmobiliarias;Estructura porcentual;2016;10,7
TOTAL NACIONAL;M_N. Actividades profesionales, científicas y técnicas, actividades administrativas y servicios auxiliares;Valor;2022(A);109.491.000
TOTAL NACIONAL;M_N. Actividades profesionales, científicas y técnicas, actividades administrativas y servicios auxiliares;Valor;2021(P);100.928.000
TOTAL NACIONAL;M_N. Actividades profesionales, científicas y técnicas, actividades administrativas y servicios auxiliares;Valor;2020;91.938.000
TOTAL NACIONAL;M_N. Actividades profesionales, científicas y técnicas, actividades administrativas y servicios auxiliares;Valor;2019;103.110.000
TOTAL NACIONAL;M_N. Actividades profesionales, científicas y técnicas, actividades administrativas y servicios auxiliares;Valor;2018;95.892.000
TOTAL NACIONAL;M_N. Actividades profesionales, científicas y técnicas, actividades administrativas y servicios auxiliares;Valor;2017;91.160.000
TOTAL NACIONAL;M_N. Actividades profesionales, científicas y técnicas, actividades administrativas y servicios auxiliares;Valor;2016;86.472.000
TOTAL NACIONAL;M_N. Actividades profesionales, científicas y técnicas, actividades administrativas y servicios auxiliares;Tasas de variación interanuales;2022(A);8,5
TOTAL NACIONAL;M_N. Actividades profesionales, científicas y técnicas, actividades administrativas y servicios auxiliares;Tasas de variación interanuales;2021(P);9,8
TOTAL NACIONAL;M_N. Actividades profesionales, científicas y técnicas, actividades administrativas y servicios auxiliares;Tasas de variación interanuales;2020;-10,8
TOTAL NACIONAL;M_N. Actividades profesionales, científicas y técnicas, actividades administrativas y servicios auxiliares;Tasas de variación interanuales;2019;7,5
TOTAL NACIONAL;M_N. Actividades profesionales, científicas y técnicas, actividades administrativas y servicios auxiliares;Tasas de variación interanuales;2018;5,2
TOTAL NACIONAL;M_N. Actividades profesionales, científicas y técnicas, actividades administrativas y servicios auxiliares;Tasas de variación interanuales;2017;5,4
TOTAL NACIONAL;M_N. Actividades profesionales, científicas y técnicas, actividades administrativas y servicios auxiliares;Tasas de variación interanuales;2016;..
TOTAL NACIONAL;M_N. Actividades profesionales, científicas y técnicas, actividades administrativas y servicios auxiliares;Estructura porcentual;2022(A);8,1
TOTAL NACIONAL;M_N. Actividades profesionales, científicas y técnicas, actividades administrativas y servicios auxiliares;Estructura porcentual;2021(P);8,3
TOTAL NACIONAL;M_N. Actividades profesionales, científicas y técnicas, actividades administrativas y servicios auxiliares;Estructura porcentual;2020;8,2
TOTAL NACIONAL;M_N. Actividades profesionales, científicas y técnicas, actividades administrativas y servicios auxiliares;Estructura porcentual;2019;8,3
TOTAL NACIONAL;M_N. Actividades profesionales, científicas y técnicas, actividades administrativas y servicios auxiliares;Estructura porcentual;2018;8
TOTAL NACIONAL;M_N. Actividades profesionales, científicas y técnicas, actividades administrativas y servicios auxiliares;Estructura porcentual;2017;7,8
TOTAL NACIONAL;M_N. Actividades profesionales, científicas y técnicas, actividades administrativas y servicios auxiliares;Estructura porcentual;2016;7,8
TOTAL NACIONAL;O_Q. Administración pública y defensa, seguridad social obligatoria, educación, actividades sanitarias y de servicios sociales;Valor;2022(A);217.855.000
TOTAL NACIONAL;O_Q. Administración pública y defensa, seguridad social obligatoria, educación, actividades sanitarias y de servicios sociales;Valor;2021(P);211.221.000
TOTAL NACIONAL;O_Q. Administración pública y defensa, seguridad social obligatoria, educación, actividades sanitarias y de servicios sociales;Valor;2020;206.700.000
TOTAL NACIONAL;O_Q. Administración pública y defensa, seguridad social obligatoria, educación, actividades sanitarias y de servicios sociales;Valor;2019;205.729.000
TOTAL NACIONAL;O_Q. Administración pública y defensa, seguridad social obligatoria, educación, actividades sanitarias y de servicios sociales;Valor;2018;197.142.000
TOTAL NACIONAL;O_Q. Administración pública y defensa, seguridad social obligatoria, educación, actividades sanitarias y de servicios sociales;Valor;2017;190.943.000
TOTAL NACIONAL;O_Q. Administración pública y defensa, seguridad social obligatoria, educación, actividades sanitarias y de servicios sociales;Valor;2016;185.697.000
TOTAL NACIONAL;O_Q. Administración pública y defensa, seguridad social obligatoria, educación, actividades sanitarias y de servicios sociales;Tasas de variación interanuales;2022(A);3,1
TOTAL NACIONAL;O_Q. Administración pública y defensa, seguridad social obligatoria, educación, actividades sanitarias y de servicios sociales;Tasas de variación interanuales;2021(P);2,2
TOTAL NACIONAL;O_Q. Administración pública y defensa, seguridad social obligatoria, educación, actividades sanitarias y de servicios sociales;Tasas de variación interanuales;2020;0,5
TOTAL NACIONAL;O_Q. Administración pública y defensa, seguridad social obligatoria, educación, actividades sanitarias y de servicios sociales;Tasas de variación interanuales;2019;4,4
TOTAL NACIONAL;O_Q. Administración pública y defensa, seguridad social obligatoria, educación, actividades sanitarias y de servicios sociales;Tasas de variación interanuales;2018;3,2
TOTAL NACIONAL;O_Q. Administración pública y defensa, seguridad social obligatoria, educación, actividades sanitarias y de servicios sociales;Tasas de variación interanuales;2017;2,8
TOTAL NACIONAL;O_Q. Administración pública y defensa, seguridad social obligatoria, educación, actividades sanitarias y de servicios sociales;Tasas de variación interanuales;2016;..
TOTAL NACIONAL;O_Q. Administración pública y defensa, seguridad social obligatoria, educación, actividades sanitarias y de servicios sociales;Estructura porcentual;2022(A);16,2
TOTAL NACIONAL;O_Q. Administración pública y defensa, seguridad social obligatoria, educación, actividades sanitarias y de servicios sociales;Estructura porcentual;2021(P);17,3
TOTAL NACIONAL;O_Q. Administración pública y defensa, seguridad social obligatoria, educación, actividades sanitarias y de servicios sociales;Estructura porcentual;2020;18,5
TOTAL NACIONAL;O_Q. Administración pública y defensa, seguridad social obligatoria, educación, actividades sanitarias y de servicios sociales;Estructura porcentual;2019;16,5
TOTAL NACIONAL;O_Q. Administración pública y defensa, seguridad social obligatoria, educación, actividades sanitarias y de servicios sociales;Estructura porcentual;2018;16,4
TOTAL NACIONAL;O_Q. Administración pública y defensa, seguridad social obligatoria, educación, actividades sanitarias y de servicios sociales;Estructura porcentual;2017;16,4
TOTAL NACIONAL;O_Q. Administración pública y defensa, seguridad social obligatoria, educación, actividades sanitarias y de servicios sociales;Estructura porcentual;2016;16,7
TOTAL NACIONAL;R_U. Actividades artísticas, recreativas y de entretenimiento, reparación de artículos de uso doméstico y otros servicios;Valor;2022(A);52.460.000
TOTAL NACIONAL;R_U. Actividades artísticas, recreativas y de entretenimiento, reparación de artículos de uso doméstico y otros servicios;Valor;2021(P);45.352.000
TOTAL NACIONAL;R_U. Actividades artísticas, recreativas y de entretenimiento, reparación de artículos de uso doméstico y otros servicios;Valor;2020;43.862.000
TOTAL NACIONAL;R_U. Actividades artísticas, recreativas y de entretenimiento, reparación de artículos de uso doméstico y otros servicios;Valor;2019;55.380.000
TOTAL NACIONAL;R_U. Actividades artísticas, recreativas y de entretenimiento, reparación de artículos de uso doméstico y otros servicios;Valor;2018;54.277.000
TOTAL NACIONAL;R_U. Actividades artísticas, recreativas y de entretenimiento, reparación de artículos de uso doméstico y otros servicios;Valor;2017;53.020.000
TOTAL NACIONAL;R_U. Actividades artísticas, recreativas y de entretenimiento, reparación de artículos de uso doméstico y otros servicios;Valor;2016;49.811.000
TOTAL NACIONAL;R_U. Actividades artísticas, recreativas y de entretenimiento, reparación de artículos de uso doméstico y otros servicios;Tasas de variación interanuales;2022(A);15,7
TOTAL NACIONAL;R_U. Actividades artísticas, recreativas y de entretenimiento, reparación de artículos de uso doméstico y otros servicios;Tasas de variación interanuales;2021(P);3,4
TOTAL NACIONAL;R_U. Actividades artísticas, recreativas y de entretenimiento, reparación de artículos de uso doméstico y otros servicios;Tasas de variación interanuales;2020;-20,8
TOTAL NACIONAL;R_U. Actividades artísticas, recreativas y de entretenimiento, reparación de artículos de uso doméstico y otros servicios;Tasas de variación interanuales;2019;2
TOTAL NACIONAL;R_U. Actividades artísticas, recreativas y de entretenimiento, reparación de artículos de uso doméstico y otros servicios;Tasas de variación interanuales;2018;2,4
TOTAL NACIONAL;R_U. Actividades artísticas, recreativas y de entretenimiento, reparación de artículos de uso doméstico y otros servicios;Tasas de variación interanuales;2017;6,4
TOTAL NACIONAL;R_U. Actividades artísticas, recreativas y de entretenimiento, reparación de artículos de uso doméstico y otros servicios;Tasas de variación interanuales;2016;..
TOTAL NACIONAL;R_U. Actividades artísticas, recreativas y de entretenimiento, reparación de artículos de uso doméstico y otros servicios;Estructura porcentual;2022(A);3,9
TOTAL NACIONAL;R_U. Actividades artísticas, recreativas y de entretenimiento, reparación de artículos de uso doméstico y otros servicios;Estructura porcentual;2021(P);3,7
TOTAL NACIONAL;R_U. Actividades artísticas, recreativas y de entretenimiento, reparación de artículos de uso doméstico y otros servicios;Estructura porcentual;2020;3,9
TOTAL NACIONAL;R_U. Actividades artísticas, recreativas y de entretenimiento, reparación de artículos de uso doméstico y otros servicios;Estructura porcentual;2019;4,4
TOTAL NACIONAL;R_U. Actividades artísticas, recreativas y de entretenimiento, reparación de artículos de uso doméstico y otros servicios;Estructura porcentual;2018;4,5
TOTAL NACIONAL;R_U. Actividades artísticas, recreativas y de entretenimiento, reparación de artículos de uso doméstico y otros servicios;Estructura porcentual;2017;4,6
TOTAL NACIONAL;R_U. Actividades artísticas, recreativas y de entretenimiento, reparación de artículos de uso doméstico y otros servicios;Estructura porcentual;2016;4,5
TOTAL NACIONAL;Valor añadido bruto total;Valor;2022(A);1.225.632.000
TOTAL NACIONAL;Valor añadido bruto total;Valor;2021(P);1.105.853.000
TOTAL NACIONAL;Valor añadido bruto total;Valor;2020;1.021.086.000
TOTAL NACIONAL;Valor añadido bruto total;Valor;2019;1.129.619.000
TOTAL NACIONAL;Valor añadido bruto total;Valor;2018;1.089.420.000
TOTAL NACIONAL;Valor añadido bruto total;Valor;2017;1.053.805.000
TOTAL NACIONAL;Valor añadido bruto total;Valor;2016;1.011.268.000
TOTAL NACIONAL;Valor añadido bruto total;Tasas de variación interanuales;2022(A);10,8
TOTAL NACIONAL;Valor añadido bruto total;Tasas de variación interanuales;2021(P);8,3
TOTAL NACIONAL;Valor añadido bruto total;Tasas de variación interanuales;2020;-9,6
TOTAL NACIONAL;Valor añadido bruto total;Tasas de variación interanuales;2019;3,7
TOTAL NACIONAL;Valor añadido bruto total;Tasas de variación interanuales;2018;3,4
TOTAL NACIONAL;Valor añadido bruto total;Tasas de variación interanuales;2017;4,2
TOTAL NACIONAL;Valor añadido bruto total;Tasas de variación interanuales;2016;..
TOTAL NACIONAL;Valor añadido bruto total;Estructura porcentual;2022(A);91
TOTAL NACIONAL;Valor añadido bruto total;Estructura porcentual;2021(P);90,5
TOTAL NACIONAL;Valor añadido bruto total;Estructura porcentual;2020;91,2
TOTAL NACIONAL;Valor añadido bruto total;Estructura porcentual;2019;90,7
TOTAL NACIONAL;Valor añadido bruto total;Estructura porcentual;2018;90,5
TOTAL NACIONAL;Valor añadido bruto total;Estructura porcentual;2017;90,7
TOTAL NACIONAL;Valor añadido bruto total;Estructura porcentual;2016;90,7
TOTAL NACIONAL;Impuestos netos sobre los productos;Valor;2022(A);120.745.000
TOTAL NACIONAL;Impuestos netos sobre los productos;Valor;2021(P);116.437.000
TOTAL NACIONAL;Impuestos netos sobre los productos;Valor;2020;97.924.000
TOTAL NACIONAL;Impuestos netos sobre los productos;Valor;2019;115.894.000
TOTAL NACIONAL;Impuestos netos sobre los productos;Valor;2018;114.439.000
TOTAL NACIONAL;Impuestos netos sobre los productos;Valor;2017;108.687.000
TOTAL NACIONAL;Impuestos netos sobre los productos;Valor;2016;103.152.000
TOTAL NACIONAL;Impuestos netos sobre los productos;Tasas de variación interanuales;2022(A);3,7
TOTAL NACIONAL;Impuestos netos sobre los productos;Tasas de variación interanuales;2021(P);18,9
TOTAL NACIONAL;Impuestos netos sobre los productos;Tasas de variación interanuales;2020;-15,5
TOTAL NACIONAL;Impuestos netos sobre los productos;Tasas de variación interanuales;2019;1,3
TOTAL NACIONAL;Impuestos netos sobre los productos;Tasas de variación interanuales;2018;5,3
TOTAL NACIONAL;Impuestos netos sobre los productos;Tasas de variación interanuales;2017;5,4
TOTAL NACIONAL;Impuestos netos sobre los productos;Tasas de variación interanuales;2016;..
TOTAL NACIONAL;Impuestos netos sobre los productos;Estructura porcentual;2022(A);9
TOTAL NACIONAL;Impuestos netos sobre los productos;Estructura porcentual;2021(P);9,5
TOTAL NACIONAL;Impuestos netos sobre los productos;Estructura porcentual;2020;8,8
TOTAL NACIONAL;Impuestos netos sobre los productos;Estructura porcentual;2019;9,3
TOTAL NACIONAL;Impuestos netos sobre los productos;Estructura porcentual;2018;9,5
TOTAL NACIONAL;Impuestos netos sobre los productos;Estructura porcentual;2017;9,3
TOTAL NACIONAL;Impuestos netos sobre los productos;Estructura porcentual;2016;9,3
TOTAL NACIONAL;PRODUCTO INTERIOR BRUTO A PRECIOS DE MERCADO;Valor;2022(A);1.346.377.000
TOTAL NACIONAL;PRODUCTO INTERIOR BRUTO A PRECIOS DE MERCADO;Valor;2021(P);1.222.290.000
TOTAL NACIONAL;PRODUCTO INTERIOR BRUTO A PRECIOS DE MERCADO;Valor;2020;1.119.010.000
TOTAL NACIONAL;PRODUCTO INTERIOR BRUTO A PRECIOS DE MERCADO;Valor;2019;1.245.513.000
TOTAL NACIONAL;PRODUCTO INTERIOR BRUTO A PRECIOS DE MERCADO;Valor;2018;1.203.859.000
TOTAL NACIONAL;PRODUCTO INTERIOR BRUTO A PRECIOS DE MERCADO;Valor;2017;1.162.492.000
TOTAL NACIONAL;PRODUCTO INTERIOR BRUTO A PRECIOS DE MERCADO;Valor;2016;1.114.420.000
TOTAL NACIONAL;PRODUCTO INTERIOR BRUTO A PRECIOS DE MERCADO;Tasas de variación interanuales;2022(A);10,2
TOTAL NACIONAL;PRODUCTO INTERIOR BRUTO A PRECIOS DE MERCADO;Tasas de variación interanuales;2021(P);9,2
TOTAL NACIONAL;PRODUCTO INTERIOR BRUTO A PRECIOS DE MERCADO;Tasas de variación interanuales;2020;-10,2
TOTAL NACIONAL;PRODUCTO INTERIOR BRUTO A PRECIOS DE MERCADO;Tasas de variación interanuales;2019;3,5
TOTAL NACIONAL;PRODUCTO INTERIOR BRUTO A PRECIOS DE MERCADO;Tasas de variación interanuales;2018;3,6
TOTAL NACIONAL;PRODUCTO INTERIOR BRUTO A PRECIOS DE MERCADO;Tasas de variación interanuales;2017;4,3
TOTAL NACIONAL;PRODUCTO INTERIOR BRUTO A PRECIOS DE MERCADO;Tasas de variación interanuales;2016;..
TOTAL NACIONAL;PRODUCTO INTERIOR BRUTO A PRECIOS DE MERCADO;Estructura porcentual;2022(A);100
TOTAL NACIONAL;PRODUCTO INTERIOR BRUTO A PRECIOS DE MERCADO;Estructura porcentual;2021(P);100
TOTAL NACIONAL;PRODUCTO INTERIOR BRUTO A PRECIOS DE MERCADO;Estructura porcentual;2020;100
TOTAL NACIONAL;PRODUCTO INTERIOR BRUTO A PRECIOS DE MERCADO;Estructura porcentual;2019;100
TOTAL NACIONAL;PRODUCTO INTERIOR BRUTO A PRECIOS DE MERCADO;Estructura porcentual;2018;100
TOTAL NACIONAL;PRODUCTO INTERIOR BRUTO A PRECIOS DE MERCADO;Estructura porcentual;2017;100
TOTAL NACIONAL;PRODUCTO INTERIOR BRUTO A PRECIOS DE MERCADO;Estructura porcentual;2016;100
